ts_code,end_date,ann_date,roe_yearly,roa,grossprofit_margin,netprofit_margin,debt_ratio,revenue_yoy,netprofit_yoy,op_yoy,eps,bps,total_assets,total_liab,current_assets,current_liab,operating_cf
000001.SZ,20251231,20260321,8.1514,None,None,32.4348,,,-4.2127,-6.8797,2.07,23.2522,,,,,
000001.SZ,20250930,20251025,10.0948,None,None,38.0846,,,-3.4987,-3.7018,1.87,23.0846,,,,,
000001.SZ,20250630,20250823,9.8994,None,None,35.8435,,,-3.8989,-6.1863,1.18,22.6791,,,,,
000001.SZ,20250331,20250419,11.266,None,None,41.8167,,,-5.5987,-8.8606,0.62,22.4756,,,,,
000001.SZ,20250331,20250419,11.266,None,None,41.8167,,,-5.5987,-8.8606,0.62,22.4755,,,,,
000001.SZ,20241231,20250315,9.2038,None,None,30.3405,,,-4.1912,-4.6989,2.15,21.8951,,,,,
000001.SZ,20240930,20241019,11.0037,None,None,35.6052,,,0.2372,-2.4018,1.94,21.6699,,,,,
000001.SZ,20240630,20240816,10.8484,None,None,33.5516,,,1.938,0.4697,1.23,21.2268,,,,,
000001.SZ,20240630,20240816,10.8484,None,None,33.5516,,,1.938,0.4697,nan,21.2268,,,,,
000001.SZ,20240331,20240420,12.4704,None,None,38.5143,,,2.26,1.0071,0.66,21.4178,,,,,
000001.SZ,20231231,20240315,10.2436,None,None,28.206,,,2.063,0.7882,2.25,20.7351,,,,,
000001.SZ,20230930,20231025,11.7367,None,None,31.0536,,,8.1181,5.9445,1.94,20.4018,,,,,
000001.SZ,20230630,20230824,11.4516,None,None,28.6503,,,14.9357,14.2198,1.2,19.6914,,,,,
000001.SZ,20230331,20230425,13.2532,None,None,32.3784,,,13.6342,12.4174,0.65,19.4168,,,,,
000001.SZ,20230331,20230425,13.2532,None,None,32.3784,,,13.6342,12.4174,0.65,19.4168,,,,,
000002.SZ,20251231,20260401,-55.422,-5.7894,9.4612,-39.3304,,,-78.98,-55.5503,-7.4453,9.7987,,,,,
000002.SZ,20250930,20251031,-19.7423,-1.7282,9.5844,-17.4961,,,-56.1354,-64.0632,-2.3578,14.7314,,,,,
000002.SZ,20250630,20250823,-12.1252,-0.4789,9.9681,-10.3158,,,-21.2542,-14.179,-1.0075,16.0461,,,,,
000002.SZ,20250331,20250430,-12.5112,-0.382,6.1003,-16.8845,,,-1625.6268,-1079.8651,-0.5268,16.4893,,,,,
000002.SZ,20250331,20250430,-12.5112,-0.382,6.1003,-16.8845,,,-1625.6268,-1079.8651,-0.5268,16.4893,,,,,
000002.SZ,20241231,20250401,-21.823,-2.9938,10.1731,-14.1921,,,-506.8052,-256.0381,-4.17,16.987,,,,,
000002.SZ,20240930,20241031,-9.8677,-0.8311,9.5021,-7.4573,,,-231.728,-151.9886,-1.5132,19.6233,,,,,
000002.SZ,20240630,20240831,-8.0026,-0.4087,8.1152,-5.9678,,,-199.8179,-138.0042,-0.8309,20.2568,,,,,
000002.SZ,20240331,20240430,-0.5776,0.1106,10.8216,0.5379,,,-125.0356,-83.3843,-0.0305,21.0074,,,,,
000002.SZ,20231231,20240329,4.9294,1.9955,15.235,4.3921,,,-46.3929,-43.7781,1.03,21.0201,,,,,
000002.SZ,20230930,20231028,7.3293,1.8011,17.5806,7.2431,,,-20.3112,-24.6638,1.1585,21.1981,,,,,
000002.SZ,20230630,20230831,8.0244,1.3055,18.8665,7.5504,,,-19.4331,-16.1049,0.84,20.8979,,,,,
000002.SZ,20230331,20230429,2.3668,0.2987,15.4473,4.1384,,,1.1555,3.0412,0.1251,20.6201,,,,,
000002.SZ,20230331,20230429,2.3668,0.2987,15.4473,4.1384,,,1.1555,3.0412,0.1251,20.6201,,,,,
000006.SZ,20251231,20260403,-0.7851,0.9015,19.0963,-1.3439,,,97.3056,100.3011,-0.0313,3.9715,,,,,
000006.SZ,20250930,20251030,-0.1728,0.7447,18.5352,0.389,,,98.6635,103.7311,-0.0052,3.9976,,,,,
000006.SZ,20250630,20250829,-2.6442,0.0581,16.3226,-3.8507,,,79.4861,85.4982,-0.0526,3.9502,,,,,
000006.SZ,20250630,20250829,-2.6442,0.0581,16.3226,-3.8507,,,79.4861,85.4982,nan,3.9502,,,,,
000006.SZ,20250331,20250426,-1.9244,0.0733,16.5205,-1.4921,,,2.4876,6.3609,-0.0192,3.9836,,,,,
000006.SZ,20241231,20250426,-25.3454,-7.3544,8.0094,-28.8782,,,-95.3977,-221.0494,-1.1618,4.0028,,,,,
000006.SZ,20240930,20241031,-10.4025,-1.88,7.6584,-13.0995,,,-42612.7965,-19312.6539,-0.3878,4.7768,,,,,
000006.SZ,20240630,20240830,-10.1776,-1.2906,8.0586,-12.8221,,,-4176.1797,-7410.3338,-0.2563,4.9083,,,,,
000006.SZ,20240331,20240427,-1.5288,0.0659,29.1843,-11.3997,,,-120.0722,-39.1898,-0.0197,5.1449,,,,,
000006.SZ,20231231,20240427,-10.7927,-1.3205,39.1101,-32.0827,,,-291.2813,-172.5878,-0.5946,5.1646,,,,,
000006.SZ,20230930,20231027,-0.0208,0.5314,38.683,-0.5073,,,-100.6096,-101.1488,-0.0009,5.7583,,,,,
000006.SZ,20230630,20230825,0.2164,0.3991,34.3734,1.1971,,,-96.1899,-98.1698,0.0063,5.7655,,,,,
000006.SZ,20230331,20230429,-0.6124,0.1137,37.5656,-4.9118,,,-127.2009,-134.6206,-0.009,5.8443,,,,,
000006.SZ,20230331,20230429,-0.6124,0.1137,37.5656,-4.9118,,,-127.2009,-134.6206,-0.009,5.8443,,,,,
000007.SZ,20251231,20260429,1.0691,1.2219,12.3725,0.1588,,,-96.5842,-89.2359,0.0056,0.5232,,,,,
000007.SZ,20250930,20251031,2.5184,1.3744,11.3172,0.8218,,,7.6154,-48.8138,0.0099,0.5273,,,,,
000007.SZ,20250630,20250830,3.745,1.3227,10.933,1.466,,,9.4399,-20.1319,0.0098,0.5272,,,,,
000007.SZ,20250331,20250430,3.9356,0.7619,11.5603,1.6777,,,176.5879,26.4091,0.0051,0.5225,,,,,
000007.SZ,20241231,20250425,36.996,15.8065,14.8228,18.3731,,,56.8607,-11.684,0.16,0.5174,,,,,
000007.SZ,20240930,20241031,3.3253,0.8958,18.9727,1.063,,,-70.7195,-69.9878,0.0092,0.3722,,,,,
000007.SZ,20240630,20240831,4.8638,0.6625,23.3641,2.5362,,,-74.4905,-78.962,0.0089,0.3719,,,,,
000007.SZ,20240331,20240429,2.0328,0.2471,22.8271,0.8429,,,375.9706,-61.7779,0.0018,0.3648,,,,,
000007.SZ,20231231,20240429,33.2621,10.0786,21.5492,16.8663,,,773.5048,391.384,0.1038,0.363,,,,,
000007.SZ,20230930,20231031,15.0747,2.4418,17.8688,5.2266,,,221.4223,5169.5846,0.0313,0.2926,,,,,
000007.SZ,20230630,20230830,25.1314,2.8306,17.8797,9.5118,,,221.4911,870.6016,0.035,0.2963,,,,,
000007.SZ,20230630,20230830,25.1314,2.8306,17.8797,9.5118,,,221.4911,870.6016,nan,0.2963,,,,,
000007.SZ,20230331,20230429,-1.0276,-0.169,21.9064,-1.2886,,,94.7749,262.1546,-0.0007,0.2606,,,,,
000007.SZ,20230331,20230429,-1.0276,-0.169,21.9064,-1.2886,,,94.7749,262.1546,-0.0007,0.2606,,,,,
000008.SZ,20251231,20260418,-32.0108,-7.5992,27.0049,-39.3766,,,-53.1635,-29.9634,-0.3075,0.8053,,,,,
000008.SZ,20251231,20260418,-32.0108,-7.5992,27.0049,-39.3766,,,-53.1635,-29.9634,-0.3075,0.8053,,,,,
000008.SZ,20250930,20251027,-3.9013,0.1483,27.1665,-7.8055,,,51.5025,60.3365,-0.0321,1.0791,,,,,
000008.SZ,20250630,20250827,-6.37,-0.2309,30.2141,-16.6336,,,45.5957,53.6329,-0.035,1.0796,,,,,
000008.SZ,20250331,20250429,-5.664,-0.0282,30.8498,-18.5614,,,12.3256,29.3301,-0.0157,1.1006,,,,,
000008.SZ,20250331,20250429,-5.664,-0.0282,30.8498,-18.5614,,,12.3256,29.3301,-0.0157,1.1006,,,,,
000008.SZ,20241231,20250419,-16.568,-3.7607,23.6942,-27.4266,,,34.1632,22.5318,-0.2,1.1158,,,,,
000008.SZ,20240930,20241031,-6.9225,-0.7807,28.8195,-18.4533,,,-23.6916,-61.4204,-0.0662,1.243,,,,,
000008.SZ,20240630,20240830,-10.0666,-1.1608,31.4285,-35.5835,,,-108.795,-158.6763,-0.0643,1.2459,,,,,
000008.SZ,20240331,20240430,-5.5108,-0.0998,42.0179,-29.7497,,,-47.5565,-130.1874,-0.0179,1.2907,,,,,
000008.SZ,20231231,20240416,-20.8947,-6.1376,24.4123,-32.8261,,,2.1252,6.5544,-0.31,1.3076,,,,,
000008.SZ,20231231,20240416,-20.8947,-6.1376,24.4123,-32.8261,,,2.1252,6.5544,-0.31,1.3076,,,,,
000008.SZ,20230930,20231028,-4.5064,-0.1789,34.0358,-11.1782,,,16.9767,17.4111,-0.0534,1.5565,,,,,
000008.SZ,20230630,20230826,-3.8576,0.0203,33.4892,-10.1818,,,0.7532,1.2152,-0.0307,1.5803,,,,,
000008.SZ,20230331,20230428,-3.0224,0.1394,36.7599,-7.1309,,,35.8222,51.2849,-0.0121,1.5996,,,,,
000008.SZ,20230331,20230428,-3.0224,0.1394,36.7599,-7.1309,,,35.8222,51.2849,-0.0121,1.5996,,,,,
000009.SZ,20251231,20260425,2.0386,3.9402,25.8185,5.8617,,,17.62,19.5581,0.0787,3.8792,,,,,
000009.SZ,20250930,20251031,3.7777,3.5446,26.5713,7.8449,,,-26.5055,34.5943,0.1098,3.9075,,,,,
000009.SZ,20250630,20250829,4.886,2.3134,27.7551,7.7734,,,24.5133,31.3718,0.0945,3.8938,,,,,
000009.SZ,20250331,20250430,6.7364,1.1704,28.2527,8.6157,,,138.195,47.9351,0.0654,3.918,,,,,
000009.SZ,20250331,20250430,6.7364,1.1704,28.2527,8.6157,,,138.195,47.9351,0.0654,3.918,,,,,
000009.SZ,20241231,20250416,1.7396,3.4186,27.2782,5.1035,,,-77.1798,-35.8746,0.0669,3.8441,,,,,
000009.SZ,20240930,20241031,5.118,2.8442,27.2939,6.2632,,,-43.2029,-37.84,0.1494,3.9344,,,,,
000009.SZ,20240630,20240830,3.9334,1.8885,26.9113,5.8577,,,-60.1781,-37.7218,0.0759,3.8689,,,,,
000009.SZ,20240331,20240430,2.8344,0.851,26.5323,5.5197,,,-70.4306,-43.2561,0.0274,3.8945,,,,,
000009.SZ,20231231,20240416,7.9352,5.2044,20.7978,5.4759,,,-34.6255,-23.0455,0.2933,3.8509,,,,,
000009.SZ,20230930,20231031,9.5337,4.3064,19.8638,6.0773,,,17.8938,1.9929,0.2631,3.8171,,,,,
000009.SZ,20230630,20230829,10.4684,2.8973,18.7128,6.179,,,16.18,3.3999,0.1906,3.7426,,,,,
000009.SZ,20230331,20230429,10.3108,1.418,18.531,5.6665,,,44.9404,16.1684,0.0928,3.6587,,,,,
000009.SZ,20230331,20230429,10.3108,1.418,18.531,5.6665,,,44.9404,16.1684,0.0928,3.6587,,,,,
000011.SZ,20251231,20260328,1.003,1.5058,27.1108,0.1969,,,103.0397,109.0772,0.0569,5.6964,,,,,
000011.SZ,20250930,20251030,1.2719,0.7734,25.0352,1.5188,,,799.7779,23761.1087,0.0541,5.6944,,,,,
000011.SZ,20250630,20250829,0.8566,0.4009,25.2231,0.9261,,,56.6142,79.4632,0.0242,5.6645,,,,,
000011.SZ,20250331,20250429,0.5952,0.2035,25.8386,0.6416,,,979.7903,313.9369,0.0084,5.6485,,,,,
000011.SZ,20250331,20250429,0.5952,0.2035,25.8386,0.6416,,,979.7903,313.9369,0.0084,5.6485,,,,,
000011.SZ,20241231,20250329,-27.7875,-7.167,17.7073,-47.0764,,,-340.2436,-267.2025,-1.8705,5.6406,,,,,
000011.SZ,20240930,20241031,0.1045,0.1115,20.244,-0.4336,,,-98.4521,-100.0483,0.006,7.5153,,,,,
000011.SZ,20240930,20241031,0.1045,0.1115,20.244,-0.4336,,,-98.4521,-100.0483,0.006,7.5153,,,,,
000011.SZ,20240630,20240828,0.4028,0.1178,21.8377,0.1544,,,-95.8296,-97.9121,0.0155,7.5259,,,,,
000011.SZ,20240331,20240427,0.0396,0.0141,17.7117,-0.924,,,-96.4925,-131.7333,0.0008,7.8228,,,,,
000011.SZ,20231231,20240330,10.2269,4.535,24.6733,15.1717,,,-13.6382,-4.8866,0.7786,7.8221,,,,,
000011.SZ,20230930,20231030,6.9781,2.2111,28.0237,9.3564,,,-49.2367,-47.8328,0.3882,7.4307,,,,,
000011.SZ,20230630,20230828,10.0062,2.0279,27.9882,11.2648,,,-11.9212,-11.6576,0.3707,7.4131,,,,,
000011.SZ,20230331,20230428,1.196,0.1617,24.5903,2.3722,,,-93.9771,-95.1638,0.0222,7.4277,,,,,
000011.SZ,20230331,20230428,1.196,0.1617,24.5903,2.3722,,,-93.9771,-95.1638,0.0222,7.4277,,,,,
000012.SZ,20251231,20260428,0.942,0.9786,14.6082,0.7678,,,-52.8931,-82.4873,0.04,4.281,,,,,
000012.SZ,20250930,20251029,1.4973,0.9016,13.8777,1.335,,,-80.8766,-85.039,0.05,4.3149,,,,,
000012.SZ,20250930,20251029,1.4973,0.9016,13.8777,1.335,,,-80.8766,-85.039,0.05,4.3149,,,,,
000012.SZ,20250630,20250819,1.1144,0.4828,14.5218,0.9948,,,-89.8335,-94.2308,0.02,4.3037,,,,,
000012.SZ,20250331,20250428,0.4688,0.1942,13.3405,0.2993,,,-95.1226,-98.1084,0.005,4.4125,,,,,
000012.SZ,20250331,20250428,0.4688,0.1942,13.3405,0.2993,,,-95.1226,-98.1084,0.005,4.4125,,,,,
000012.SZ,20241231,20250428,1.9341,1.5458,16.8663,1.602,,,-83.8868,-81.6358,0.09,4.4081,,,,,
000012.SZ,20240930,20241030,7.4576,3.0144,19.0729,6.5294,,,-46.3786,-48.0944,0.26,4.5823,,,,,
000012.SZ,20240930,20241030,7.4576,3.0144,19.0729,6.5294,,,-46.3786,-48.0944,0.26,4.5823,,,,,
000012.SZ,20240630,20240826,10.4468,2.8215,21.6071,8.9281,,,-17.5796,-15.7596,0.24,4.5656,,,,,
000012.SZ,20240331,20240429,9.1576,1.3449,21.3104,8.0546,,,-17.9181,-18.963,0.11,4.6809,,,,,
000012.SZ,20231231,20240426,12.3068,6.3546,22.2799,8.4993,,,-18.731,-28.3143,0.54,4.5758,,,,,
000012.SZ,20231231,20240426,12.3068,6.3546,22.2799,8.4993,,,-18.731,-28.3143,0.54,4.5758,,,,,
000012.SZ,20230930,20231031,14.6379,6.1263,22.7598,10.8026,,,-11.1392,-19.4045,0.48,4.515,,,,,
000012.SZ,20230630,20230829,13.3712,3.851,22.5756,10.5121,,,-11.1565,-18.783,0.29,4.4791,,,,,
000012.SZ,20230331,20230426,12.1484,1.918,22.2354,9.6411,,,3.3161,-0.8129,0.13,4.3148,,,,,
000012.SZ,20230331,20230426,12.1484,1.918,22.2354,9.6411,,,3.3161,-0.8129,0.13,4.3148,,,,,
000014.SZ,20251231,20260318,-9.7107,-6.7518,-1.1727,-48.2381,,,-1014.2391,-345.9741,-0.62,6.0864,,,,,
000014.SZ,20251231,20260318,-9.7107,-6.7518,-1.1727,-48.2381,,,-1014.2391,-345.9741,nan,6.0864,,,,,
000014.SZ,20250930,20251031,-2.6728,-1.8797,21.4782,-155.7153,,,-168.7334,-163.887,-0.1331,6.5745,,,,,
000014.SZ,20250630,20250830,-2.3494,-1.113,28.5805,-133.9881,,,-135.0414,-132.6437,-0.08,6.6293,,,,,
000014.SZ,20250331,20250426,-2.3568,-0.5877,30.3141,-121.0462,,,-120.5634,-119.0456,-0.0394,6.6682,,,,,
000014.SZ,20241231,20250329,1.0019,2.2828,51.7117,4.7438,,,-96.848,-91.5413,0.07,6.7076,,,,,
000014.SZ,20240930,20241031,3.7731,2.5211,49.4237,14.391,,,-90.5314,-90.352,0.1937,6.8333,,,,,
000014.SZ,20240930,20241031,3.7731,2.5211,49.4237,14.391,,,-90.5314,-90.352,0.1937,6.8333,,,,,
000014.SZ,20240630,20240830,6.5178,2.9257,50.2444,19.9432,,,-87.6768,-87.5337,0.2235,6.8632,,,,,
000014.SZ,20240331,20240426,11.0264,2.5134,50.4698,21.9678,,,-71.2935,-70.7137,0.1916,7.0473,,,,,
000014.SZ,20231231,20240330,36.9255,24.8867,66.5905,37.7471,,,109.8153,481.2876,2.16,6.8556,,,,,
000014.SZ,20230930,20231031,47.1636,23.2015,66.741,40.5263,,,167.6006,1954.6213,2.0455,6.7455,,,,,
000014.SZ,20230630,20230829,64.0196,20.4042,65.5982,41.5324,,,901.5173,1026.2406,1.814,6.514,,,,,
000014.SZ,20230331,20230428,51.8092,6.8489,67.2051,41.4858,,,929.3448,1108.5991,0.67,5.4875,,,,,
000014.SZ,20230331,20230428,51.8092,6.8489,67.2051,41.4858,,,929.3448,1108.5991,0.67,5.4875,,,,,
000017.SZ,20251231,20260421,11.2989,12.4635,10.5853,5.6254,,,144.1589,179.0366,0.0597,0.5576,,,,,
000017.SZ,20250930,20251030,11.4893,9.3114,9.6852,5.4269,,,316.8243,402.5059,0.0449,0.5431,,,,,
000017.SZ,20250630,20250819,10.5268,5.1902,10.8939,5.9152,,,224.7978,258.4595,0.0269,0.5251,,,,,
000017.SZ,20250331,20250429,6.8144,1.7222,7.9324,3.719,,,83.6221,80.1308,0.0086,0.5071,,,,,
000017.SZ,20250331,20250429,6.8144,1.7222,7.9324,3.719,,,83.6221,80.1308,0.0086,0.5071,,,,,
000017.SZ,20241231,20250422,5.1631,5.5559,5.9386,2.7313,,,-5.9027,5.5324,0.0244,0.4988,,,,,
000017.SZ,20240930,20241030,3.1671,2.6481,6.6382,2.4844,,,46.8585,-0.4812,0.0108,0.4588,,,,,
000017.SZ,20240930,20241030,3.1671,2.6481,6.6382,2.4844,,,46.8585,-0.4812,0.0108,0.4588,,,,,
000017.SZ,20240630,20240827,3.6696,2.0653,5.857,2.5799,,,17.5913,-17.06,0.0083,0.4563,,,,,
000017.SZ,20240630,20240827,3.6696,2.0653,5.857,2.5799,,,17.5913,-17.06,0.0083,0.4563,,,,,
000017.SZ,20240331,20240427,4.1444,1.1942,5.3,2.8158,,,12.8892,-19.5384,0.0047,0.4527,,,,,
000017.SZ,20231231,20240423,5.9784,4.8387,6.4867,3.1673,,,335.0454,412.4944,0.026,0.448,,,,,
000017.SZ,20230930,20231031,2.3443,2.0534,5.1909,1.7591,,,317.0557,387.2751,0.0073,0.4132,,,,,
000017.SZ,20230630,20230829,3.324,1.876,4.9539,2.0263,,,427.7886,645.2176,0.0071,0.428,,,,,
000017.SZ,20230331,20230428,3.9084,1.1015,5.5119,2.3501,,,415.1201,599.5778,0.0041,0.4251,,,,,
000017.SZ,20230331,20230428,3.9084,1.1015,5.5119,2.3501,,,415.1201,599.5778,0.0041,0.4251,,,,,
000019.SZ,20251231,20260428,4.9093,6.5978,16.0186,4.4186,,,-25.2356,-0.3742,0.211,4.3285,,,,,
000019.SZ,20250930,20251028,6.5539,4.4866,16.9132,6.2125,,,-0.298,-0.2942,0.2113,4.3288,,,,,
000019.SZ,20250630,20250820,7.1534,3.2229,18.542,7.3809,,,36.4448,33.2463,0.1527,4.2712,,,,,
000019.SZ,20250331,20250429,7.3568,1.6236,17.5731,7.442,,,42.9697,65.0646,0.0792,4.3478,,,,,
000019.SZ,20241231,20250429,6.677,5.9749,16.6711,6.0305,,,-6.4501,-0.3087,0.2823,4.2686,,,,,
000019.SZ,20241231,20250429,6.677,5.9749,16.6711,6.0305,,,-6.4501,-0.3087,0.2823,4.2686,,,,,
000019.SZ,20240930,20241029,6.7488,4.4944,17.4534,6.3997,,,-10.8158,-5.9785,0.2122,4.1985,,,,,
000019.SZ,20240630,20240827,5.4056,2.4439,17.8372,5.3948,,,-23.2643,-22.9303,0.112,4.0982,,,,,
000019.SZ,20240331,20240426,5.2628,1.0381,19.0719,5.9199,,,-39.4038,-38.9479,0.0554,4.2415,,,,,
000019.SZ,20231231,20240416,7.2559,6.2046,15.5276,5.5999,,,-17.3351,-9.3075,0.3018,4.1859,,,,,
000019.SZ,20230930,20231028,7.6876,4.6633,16.8119,6.1181,,,-13.8723,0.7771,0.2379,4.1207,,,,,
000019.SZ,20230630,20230829,7.1506,3.1165,16.757,5.9203,,,-29.2084,-10.9784,0.1459,4.0287,,,,,
000019.SZ,20230331,20230426,8.7584,1.5622,18.5208,7.8694,,,-23.2782,-21.3476,0.0915,4.2242,,,,,
000019.SZ,20230331,20230426,8.7584,1.5622,18.5208,7.8694,,,-23.2782,-21.3476,0.0915,4.2242,,,,,
000020.SZ,20251231,20260421,8.4107,6.0505,11.0669,4.1312,,,-3.5315,11.0194,0.1252,1.5507,,,,,
000020.SZ,20250930,20251025,6.8444,3.4058,12.2574,3.114,,,49.3144,45.9856,0.0751,1.5007,,,,,
000020.SZ,20250630,20250819,6.981,2.3187,11.9646,3.1435,,,42.6213,41.8358,0.0506,1.4762,,,,,
000020.SZ,20250331,20250422,5.8272,0.993,9.3739,2.7909,,,9.9962,9.9095,0.0209,1.4465,,,,,
000020.SZ,20241231,20250422,9.5352,6.3235,11.212,4.4985,,,175.3518,121.0149,0.1297,1.4255,,,,,
000020.SZ,20240930,20241026,5.0772,2.8054,11.9922,2.3493,,,14.4535,11.0362,0.0503,1.3461,,,,,
000020.SZ,20240630,20240827,5.4064,1.9998,13.2148,2.4633,,,27.6403,18.98,0.0355,1.3313,,,,,
000020.SZ,20240331,20240423,5.828,1.1552,11.1984,2.4555,,,-16.2783,-14.1007,0.019,1.3148,,,,,
000020.SZ,20231231,20240423,3.7036,3.211,10.3438,1.8364,,,31.7399,20.8441,0.0471,1.2958,,,,,
000020.SZ,20230930,20231030,4.6116,2.8492,12.1961,2.0679,,,45.9796,40.4821,0.0439,1.2926,,,,,
000020.SZ,20230630,20230822,4.4066,1.795,13.7209,2.0901,,,-10.5545,-12.092,0.0278,1.2765,,,,,
000020.SZ,20230331,20230425,7.2112,1.4581,13.8347,3.6575,,,8.9135,5.4772,0.0227,1.2714,,,,,
000020.SZ,20230331,20230425,7.2112,1.4581,13.8347,3.6575,,,8.9135,5.4772,0.0227,1.2714,,,,,
000021.SZ,20251231,20260429,9.0951,6.1977,18.3238,9.1948,,,22.0707,38.5174,0.7252,8.3221,,,,,
000021.SZ,20250930,20251030,8.1883,4.1597,16.9117,8.7654,,,14.2659,23.3349,0.4833,8.1027,,,,,
000021.SZ,20250930,20251030,8.1883,4.1597,16.9117,8.7654,,,14.2659,23.3349,0.4833,8.1027,,,,,
000021.SZ,20250630,20250828,7.467,2.6874,15.7482,7.7553,,,25.3945,30.7161,0.2893,7.8651,,,,,
000021.SZ,20250331,20250430,5.9564,0.9874,16.2378,6.7735,,,46.9115,28.5809,0.1147,7.7883,,,,,
000021.SZ,20241231,20250425,8.147,4.6793,16.9794,7.3345,,,44.3289,27.8488,0.5962,7.6105,,,,,
000021.SZ,20240930,20241030,7.8295,3.3913,16.6014,7.4838,,,48.1181,35.9124,0.4238,7.4099,,,,,
000021.SZ,20240930,20241030,7.8295,3.3913,16.6014,7.4838,,,48.1181,35.9124,0.4238,7.4099,,,,,
000021.SZ,20240630,20240830,6.5502,2.111,16.6992,6.6404,,,21.3849,21.0719,0.2309,7.0752,,,,,
000021.SZ,20240331,20240430,4.4344,0.785,16.6,5.5512,,,20.5724,46.325,0.078,7.0549,,,,,
000021.SZ,20231231,20240411,6.058,3.5691,16.6458,5.7794,,,-2.1928,19.8204,0.4131,7.0244,,,,,
000021.SZ,20230930,20231027,5.6237,2.4899,14.6936,5.1419,,,-22.3945,0.1361,0.2861,6.9551,,,,,
000021.SZ,20230630,20230830,5.7288,1.6605,13.9761,4.7323,,,-34.8555,-15.9213,0.1902,6.6688,,,,,
000021.SZ,20230331,20230429,3.9,0.5653,10.747,3.123,,,-58.2952,-51.0681,0.0647,6.6648,,,,,
000021.SZ,20230331,20230429,3.9,0.5653,10.747,3.123,,,-58.2952,-51.0681,0.0647,6.6648,,,,,
000025.SZ,20251231,20260422,8.0408,6.8281,17.0749,9.6811,,,4.564,6.5506,0.3314,4.2376,,,,,
000025.SZ,20250930,20251028,9.3259,5.9634,17.5301,10.1631,,,14.3552,6.3684,0.2867,4.1929,,,,,
000025.SZ,20250630,20250822,9.6162,4.1002,16.1235,9.2945,,,9.5887,5.584,0.1949,4.1011,,,,,
000025.SZ,20250630,20250822,9.6162,4.1002,16.1235,9.2945,,,9.5887,5.584,0.1949,4.1011,,,,,
000025.SZ,20250331,20250425,7.8504,1.6339,20.1342,9.589,,,-2.8924,-6.5544,0.0794,4.0856,,,,,
000025.SZ,20241231,20250328,8.2041,6.7784,9.0644,5.3194,,,15.5382,6.6896,0.317,4.0062,,,,,
000025.SZ,20240930,20241024,8.7273,5.8342,8.8654,5.3854,,,46.6449,45.9045,0.2507,3.9406,,,,,
000025.SZ,20240630,20240821,9.3744,4.1763,8.1073,5.0322,,,73.6804,71.452,0.1778,3.8677,,,,,
000025.SZ,20240331,20240425,8.6948,1.8608,8.4392,4.8507,,,39.4613,39.0921,0.0818,3.8026,,,,,
000025.SZ,20231231,20240328,7.6059,6.8288,10.7434,6.0344,,,41.6295,52.7912,0.2743,3.7209,,,,,
000025.SZ,20230930,20231026,6.3961,4.2925,11.9461,6.2815,,,18.6536,27.7737,0.171,3.6359,,,,,
000025.SZ,20230630,20230824,5.8016,2.4934,13.6531,6.397,,,1.5173,6.8022,0.1024,3.5673,,,,,
000025.SZ,20230331,20230427,6.6588,1.2971,14.0854,7.4713,,,-25.2409,-23.2592,0.0586,3.5515,,,,,
000025.SZ,20230331,20230427,6.6588,1.2971,14.0854,7.4713,,,-25.2409,-23.2592,0.0586,3.5515,,,,,
000026.SZ,20251231,20260314,2.5955,3.1209,35.524,2.4888,,,-60.3732,-57.6741,0.2153,8.2229,,,,,
000026.SZ,20250930,20251025,4.9252,4.0588,35.8802,4.6737,,,-36.739,-38.6243,0.3083,8.3225,,,,,
000026.SZ,20250630,20250823,4.9034,2.6902,35.5536,4.621,,,-43.9674,-45.6986,0.2034,8.2156,,,,,
000026.SZ,20250331,20250425,5.2968,1.5185,35.091,4.9022,,,-39.9908,-39.5704,0.1118,8.5052,,,,,
000026.SZ,20241231,20250314,6.5525,7.1089,37.1608,5.5919,,,-33.8641,-34.5912,0.5385,8.3592,,,,,
000026.SZ,20240930,20241026,7.8604,6.3042,37.1634,6.5013,,,-25.582,-25.1372,0.4824,8.3051,,,,,
000026.SZ,20240630,20240821,8.8516,4.7093,37.1757,7.0862,,,-21.4822,-21.1437,0.3568,8.1686,,,,,
000026.SZ,20240331,20240425,8.9648,2.4025,36.3385,7.0881,,,-26.8345,-25.7526,0.1828,8.1972,,,,,
000026.SZ,20240331,20240425,8.9648,2.4025,36.3385,7.0881,,,-26.8345,-25.7526,0.1828,8.1972,,,,,
000026.SZ,20231231,20240314,10.2988,10.6738,36.4188,7.291,,,24.9349,27.3109,0.8082,8.029,,,,,
000026.SZ,20230930,20231021,11.0465,8.445,36.0272,7.5288,,,15.5598,18.0866,0.6439,7.8846,,,,,
000026.SZ,20230630,20230823,11.7746,5.9454,36.032,7.9253,,,33.1945,36.4754,0.4517,7.7334,,,,,
000026.SZ,20230630,20230823,11.7746,5.9454,36.032,7.9253,,,33.1945,36.4754,0.4517,7.7334,,,,,
000026.SZ,20230331,20230425,12.9204,3.2831,36.0282,8.5984,,,19.4958,18.4566,0.2505,7.7887,,,,,
000026.SZ,20230331,20230425,12.9204,3.2831,36.0282,8.5984,,,19.4958,18.4566,0.2505,7.7887,,,,,
000027.SZ,20251231,20260417,4.2601,3.8865,20.6711,7.0814,,,4.8971,2.2197,0.31,6.9008,,,,,
000027.SZ,20250930,20251031,5.31,3.5635,22.911,8.7342,,,-7.5754,3.0831,0.3555,6.8817,,,,,
000027.SZ,20250630,20250828,6.9318,2.5307,23.3447,10.5883,,,-2.7999,10.8883,0.34,6.8239,,,,,
000027.SZ,20250630,20250828,6.9318,2.5307,23.3447,10.5883,,,-2.7999,10.8883,0.34,6.8239,,,,,
000027.SZ,20250331,20250430,10.97,1.4244,26.2632,16.0406,,,22.308,20.6566,0.2677,6.8634,,,,,
000027.SZ,20250331,20250430,10.97,1.4244,26.2632,16.0406,,,22.308,20.6566,0.2677,6.8634,,,,,
000027.SZ,20241231,20250418,4.2155,3.8002,19.6598,6.3865,,,-1.9935,9.0163,0.28,6.4985,,,,,
000027.SZ,20240930,20241031,6.0077,3.4269,22.0349,9.013,,,-29.7903,-14.8614,0.3809,6.3328,,,,,
000027.SZ,20240630,20240823,7.461,2.3801,22.301,10.6036,,,-6.5995,-1.4205,0.34,6.2677,,,,,
000027.SZ,20240331,20240430,9.3752,1.344,24.004,12.4492,,,74.2935,58.3953,0.2074,6.3228,,,,,
000027.SZ,20231231,20240420,4.404,3.757,22.55,6.873,,,-6.9443,19.9222,0.27,6.1414,,,,,
000027.SZ,20230930,20231031,8.5263,4.0022,24.4805,12.0921,,,70.4863,64.3376,0.5621,6.4086,,,,,
000027.SZ,20230630,20230826,8.014,2.546,23.0052,12.3066,,,74.8574,85.7644,0.37,6.2089,,,,,
000027.SZ,20230331,20230428,5.4488,1.0489,22.1499,9.4535,,,22.4457,54.2746,0.1085,6.0742,,,,,
000027.SZ,20230331,20230428,5.4488,1.0489,22.1499,9.4535,,,22.4457,54.2746,0.1085,6.0742,,,,,
000028.SZ,20251231,20260402,6.2621,3.4279,10.6795,1.5369,,,76.7998,163.7988,2.04,33.4372,,,,,
000028.SZ,20250930,20251031,7.0703,2.877,10.4852,1.8493,,,-10.1754,-0.8158,1.72,33.1137,,,,,
000028.SZ,20250630,20250830,7.4392,2.0041,10.6852,1.9366,,,-10.4346,-2.3569,1.2,32.5859,,,,,
000028.SZ,20250331,20250425,7.3568,0.9565,10.3447,1.9005,,,-15.6319,-19.2762,0.59,32.3368,,,,,
000028.SZ,20241231,20250408,3.6626,1.6299,11.091,0.3186,,,-59.8255,-76.758,1.15,31.7475,,,,,
000028.SZ,20240930,20241029,8.0003,3.0304,10.8738,1.9404,,,-10.4333,-26.2479,1.91,32.5243,,,,,
000028.SZ,20240930,20241029,8.0003,3.0304,10.8738,1.9404,,,-10.4333,-26.2479,1.91,32.5243,,,,,
000028.SZ,20240630,20240829,8.45,2.1298,10.964,2.0379,,,-10.4503,-26.7354,1.34,31.9456,,,,,
000028.SZ,20240331,20240426,8.8312,1.1822,10.8608,2.3369,,,7.3343,-5.6132,0.7,31.9883,,,,,
000028.SZ,20231231,20240408,9.5362,5.8635,11.9931,2.5948,,,7.5703,6.997,2.87,31.2898,,,,,
000028.SZ,20230930,20231027,9.5848,4.1661,11.5553,2.5628,,,13.5561,16.5372,2.14,30.4959,,,,,
000028.SZ,20230630,20230829,10.1438,2.9401,11.5942,2.6816,,,23.1432,25.4479,1.49,29.8501,,,,,
000028.SZ,20230331,20230426,8.8848,1.3685,11.4161,2.4661,,,43.5262,53.6621,0.85,38.5122,,,,,
000028.SZ,20230331,20230426,8.8848,1.3685,11.4161,2.4661,,,43.5262,53.6621,0.85,38.5122,,,,,
000029.SZ,20251231,20260320,2.806,3.2656,27.8554,6.7135,,,156.5647,141.8484,0.0988,3.5707,,,,,
000029.SZ,20250930,20251027,5.3931,3.203,27.1348,16.0245,,,2791.5708,10715.5219,0.1434,3.6211,,,,,
000029.SZ,20250630,20250828,5.777,2.1819,27.2447,16.0366,,,1732.322,3048.4364,0.1018,3.5798,,,,,
000029.SZ,20250630,20250828,5.777,2.1819,27.2447,16.0366,,,1732.322,3048.4364,0.1018,3.5798,,,,,
000029.SZ,20250331,20250428,8.1612,1.3362,29.2066,21.8213,,,3718.5066,7917.4305,0.0716,3.5456,,,,,
000029.SZ,20241231,20250322,-4.9065,-6.1955,18.352,-92.7704,,,29.5522,11.0074,-0.17,3.4716,,,,,
000029.SZ,20240930,20241031,0.1811,-0.0224,19.4271,2.0096,,,113.7756,103.8889,0.005,3.6585,,,,,
000029.SZ,20240630,20240824,0.3046,0.0176,19.961,3.6271,,,115.1483,109.5343,0.0056,3.6521,,,,,
000029.SZ,20240331,20240427,0.2056,0.0013,18.6582,2.5981,,,105.3194,102.4299,0.0019,3.6518,,,,,
000029.SZ,20231231,20240330,-6.5193,-7.1326,16.2162,-84.3237,,,-263.1808,-300.6584,-0.2479,3.6485,,,,,
000029.SZ,20230930,20231028,-1.2284,-0.7594,18.4081,-11.3693,,,-129.1169,-123.0355,-0.036,3.8592,,,,,
000029.SZ,20230630,20230828,-1.8776,-0.753,17.5965,-14.6645,,,-125.5761,-120.45,-0.0367,3.8586,,,,,
000029.SZ,20230331,20230429,-3.5768,-0.7234,7.3984,-33.3946,,,-121.9708,-118.0943,-0.0352,3.9247,,,,,
000029.SZ,20230331,20230429,-3.5768,-0.7234,7.3984,-33.3946,,,-121.9708,-118.0943,-0.0352,3.9247,,,,,
000030.SZ,20251231,20260422,8.5949,5.3529,12.4388,5.397,,,3.9082,6.0823,0.41,4.8936,,,,,
000030.SZ,20250930,20251029,7.2929,3.4033,11.4548,4.81,,,-0.9227,-0.1668,0.2557,4.7383,,,,,
000030.SZ,20250630,20250828,7.6236,2.3874,11.4217,5.0679,,,-4.0685,4.2293,0.1767,4.6581,,,,,
000030.SZ,20250331,20250429,8.1424,1.1622,10.9834,5.3827,,,0.2643,-0.4053,0.09,4.656,,,,,
000030.SZ,20250331,20250429,8.1424,1.1622,10.9834,5.3827,,,0.2643,-0.4053,0.09,4.656,,,,,
000030.SZ,20241231,20250418,8.6664,5.3945,11.5582,5.6326,,,11.9258,33.2958,0.39,4.5552,,,,,
000030.SZ,20240930,20241030,7.6983,3.6656,11.8278,5.2433,,,16.1549,49.0839,0.2581,4.4249,,,,,
000030.SZ,20240630,20240828,8.314,2.4189,11.5219,5.2747,,,41.62,81.0462,0.1842,4.3463,,,,,
000030.SZ,20240331,20240422,8.3992,1.2267,10.8151,5.306,,,98.9164,224.4899,0.09,4.5016,,,,,
000030.SZ,20231231,20240422,7.9795,4.4214,10.531,4.633,,,20.5465,56.9655,0.35,4.4046,,,,,
000030.SZ,20230930,20231030,6.8336,2.589,9.6767,3.7825,,,31.1857,73.4488,0.2222,4.2736,,,,,
000030.SZ,20230630,20230829,6.0622,1.4543,9.7647,3.3393,,,98.6786,506.0992,0.1301,4.1846,,,,,
000030.SZ,20230331,20230428,4.3576,0.3948,8.2889,2.4845,,,243.1246,512.4492,0.05,4.3406,,,,,
000030.SZ,20230331,20230428,4.3576,0.3948,8.2889,2.4845,,,243.1246,512.4492,0.05,4.3406,,,,,
000031.SZ,20251231,20260425,-22.5155,0.8073,31.7976,-7.197,,,21.0467,-118.2142,-0.55,2.3986,,,,,
000031.SZ,20250930,20251031,-6.8564,1.4003,35.5752,0.6261,,,9.1671,-43.5219,-0.12,2.3641,,,,,
000031.SZ,20250630,20250830,2.0322,1.3646,36.3478,4.9084,,,129.8651,94.9011,0.03,2.5152,,,,,
000031.SZ,20250331,20250430,-9.8388,0.4807,34.5989,1.2615,,,-174.7933,-19.4657,-0.06,2.4156,,,,,
000031.SZ,20250331,20250430,-9.8388,0.4807,34.5989,1.2615,,,-174.7933,-19.4657,-0.06,2.4156,,,,,
000031.SZ,20241231,20250419,-24.3614,1.0461,21.7633,-7.1508,,,-103.1387,-109.3781,-0.69,2.472,,,,,
000031.SZ,20240930,20241031,-5.7979,1.7615,24.3772,1.4409,,,-16.7179,77.4143,-0.14,3.0668,,,,,
000031.SZ,20240630,20240831,-5.352,0.9524,22.5891,0.236,,,-816.4915,-44.656,-0.08,3.1114,,,,,
000031.SZ,20240331,20240430,-2.7204,0.5094,40.9518,4.7241,,,-154.7101,-46.5953,-0.02,3.2035,,,,,
000031.SZ,20231231,20240427,-10.0215,2.5431,26.4691,0.3299,,,49.1671,634.988,-0.34,3.2295,,,,,
000031.SZ,20230930,20231031,-4.4372,1.2353,27.2303,-0.3621,,,-654.5819,-57.8664,-0.12,3.4552,,,,,
000031.SZ,20230630,20230830,0.661,1.1359,26.501,3.7767,,,-40.924,-34.3544,0.01,3.5711,,,,,
000031.SZ,20230331,20230429,4.4116,0.6755,30.2867,10.0632,,,269.9037,-39.3076,0.04,3.6574,,,,,
000031.SZ,20230331,20230429,4.4116,0.6755,30.2867,10.0632,,,269.9037,-39.3076,0.04,3.6574,,,,,
000032.SZ,20251231,20260428,-1.8209,1.0615,9.7075,0.2613,,,-138.5379,-56.7074,-0.1117,6.5575,,,,,
000032.SZ,20250930,20251029,-6.3165,0.2494,7.9969,-0.8056,,,-136.0098,-108.4238,-0.2626,5.3788,,,,,
000032.SZ,20250630,20250828,-3.0588,0.4896,9.2137,0.0996,,,-157.2858,-34.9479,-0.0857,5.4957,,,,,
000032.SZ,20250630,20250828,-3.0588,0.4896,9.2137,0.0996,,,-157.2858,-34.9479,-0.0857,5.4957,,,,,
000032.SZ,20250331,20250425,-2.1036,0.2743,8.4155,0.1496,,,-299.6844,-44.6097,-0.0299,5.675,,,,,
000032.SZ,20241231,20250425,5.0791,2.4014,10.1764,1.2169,,,0.0258,6.9207,0.2898,5.7074,,,,,
000032.SZ,20240930,20241030,-2.6912,0.9323,9.1311,0.0672,,,53.0705,-13.5594,-0.1113,5.3231,,,,,
000032.SZ,20240630,20240828,-1.1826,0.8735,9.5446,0.4448,,,74.5411,1.6598,-0.0333,5.5601,,,,,
000032.SZ,20240331,20240430,1.052,0.5613,10.2126,0.7981,,,130.1479,11.051,0.015,5.6951,,,,,
000032.SZ,20231231,20240418,5.4673,2.986,11.2809,1.5536,,,308.1007,-3.1049,0.2897,5.7022,,,,,
000032.SZ,20230930,20231027,-6.2825,1.1996,10.7794,0.1097,,,48.2543,9.6894,-0.2371,5.1687,,,,,
000032.SZ,20230630,20230824,-5.1406,0.9236,10.6562,0.4199,,,53.5604,35.5195,-0.1308,5.2826,,,,,
000032.SZ,20230331,20230426,-3.8488,0.5522,10.324,0.7806,,,54.6959,21.4275,-0.0497,5.4389,,,,,
000032.SZ,20230331,20230426,-3.8488,0.5522,10.324,0.7806,,,54.6959,21.4275,-0.0497,5.4389,,,,,
000034.SZ,20251231,20260331,5.1645,2.3467,3.3976,0.3887,,,-30.5238,-19.726,0.7711,15.2139,,,,,
000034.SZ,20250930,20251031,8.7803,2.4427,3.5493,0.6815,,,-25.0127,-21.2287,0.9941,15.3642,,,,,
000034.SZ,20250630,20250828,8.4982,1.6483,3.491,0.6299,,,-16.2867,-12.0027,0.6382,15.03,,,,,
000034.SZ,20250331,20250426,8.7236,0.9041,3.7265,0.7443,,,-7.5133,-3.0214,0.3312,15.0158,,,,,
000034.SZ,20241231,20250329,8.4562,3.9132,4.2108,0.6064,,,-35.765,-38.0449,1.1653,13.7036,,,,,
000034.SZ,20240930,20241031,13.3221,3.8702,4.4928,1.0004,,,5.0394,3.4813,1.3814,13.8286,,,,,
000034.SZ,20240930,20241031,13.3221,3.8702,4.4928,1.0004,,,5.0394,3.4813,1.3814,13.8286,,,,,
000034.SZ,20240630,20240831,11.5524,2.3221,4.4521,0.8393,,,17.5242,13.8485,0.7867,13.4554,,,,,
000034.SZ,20240331,20240427,10.7828,1.1253,4.5745,0.8545,,,12.3479,14.2376,0.3549,13.1471,,,,,
000034.SZ,20231231,20240329,14.5031,4.6015,3.9874,1.0085,,,16.6643,14.4717,1.7937,12.6759,,,,,
000034.SZ,20230930,20231031,14.3423,3.4727,3.9366,1.0414,,,24.9138,17.5152,1.2989,12.2681,,,,,
000034.SZ,20230630,20230831,11.2812,1.8893,3.7039,0.8043,,,11.189,5.8977,0.6616,11.5968,,,,,
000034.SZ,20230331,20230429,10.8408,0.8929,3.6771,0.8138,,,11.6263,0.526,0.3193,11.7028,,,,,
000034.SZ,20230331,20230429,10.8408,0.8929,3.6771,0.8138,,,11.6263,0.526,0.3193,11.7028,,,,,
000035.SZ,20251231,20260429,2.6235,2.72,29.1681,5.5921,,,1.4182,-16.2853,0.12,4.5615,,,,,
000035.SZ,20250930,20251031,3.8528,2.3957,31.615,8.2846,,,-13.787,-25.5158,0.13,4.3722,,,,,
000035.SZ,20250630,20250822,3.9166,1.5951,30.8826,8.3451,,,-41.2491,-25.6373,0.09,4.3392,,,,,
000035.SZ,20250331,20250429,3.9004,0.8818,34.4421,9.4953,,,-47.6287,-28.2441,0.04,4.361,,,,,
000035.SZ,20250331,20250429,3.9004,0.8818,34.4421,9.4953,,,-47.6287,-28.2441,0.04,30.619,,,,,
000035.SZ,20241231,20250429,2.616,3.2081,29.3368,5.4772,,,-16.9928,14.3627,0.12,4.3002,,,,,
000035.SZ,20240930,20241031,4.4879,3.1072,33.0061,8.9771,,,11.6368,46.0461,0.1522,4.3368,,,,,
000035.SZ,20240630,20240814,6.7082,2.1121,34.349,14.1063,,,118.9281,84.4958,0.15,4.287,,,,,
000035.SZ,20240630,20240814,6.7082,2.1121,34.349,14.1063,,,118.9281,84.4958,0.15,4.287,,,,,
000035.SZ,20240331,20240430,7.5392,1.1852,36.6622,16.7976,,,339.1617,213.8969,0.08,4.2575,,,,,
000035.SZ,20231231,20240430,3.2212,2.7319,27.6047,7.2196,,,173.1465,83.5696,0.14,4.2202,,,,,
000035.SZ,20230930,20231031,4.1684,2.3044,28.4398,9.6481,,,158.9024,134.5337,0.1363,4.1751,,,,,
000035.SZ,20230630,20230831,3.1362,1.285,26.7651,7.6441,,,33.1008,44.0022,0.0689,4.2343,,,,,
000035.SZ,20230331,20230429,1.778,0.5534,23.6375,4.4116,,,7.6199,8.8851,0.0192,4.1076,,,,,
000035.SZ,20230331,20230429,1.778,0.5534,23.6375,4.4116,,,7.6199,8.8851,0.0192,4.1076,,,,,
000036.SZ,20251231,20260429,1.3758,1.9689,57.3201,15.9011,,,73.1473,74.063,0.05,3.645,,,,,
000036.SZ,20250930,20251031,0.9364,1.0362,50.8086,14.7078,,,-4.732,13.0882,0.0243,3.6205,,,,,
000036.SZ,20250930,20251031,0.9364,1.0362,50.8086,14.7078,,,-4.732,13.0882,0.0243,3.6205,,,,,
000036.SZ,20250630,20250827,0.0804,0.3315,50.9285,4.6269,,,-93.8414,-63.2116,0.0014,3.4072,,,,,
000036.SZ,20250331,20250430,0.4516,0.2277,48.6243,8.5455,,,-71.9348,-56.301,0.0039,3.4251,,,,,
000036.SZ,20241231,20250429,0.7779,1.1133,48.5833,11.901,,,-50.3698,-21.9607,0.03,3.4232,,,,,
000036.SZ,20240930,20241031,0.9587,0.8574,43.2908,13.6756,,,-25.7148,-11.4261,0.0256,3.4248,,,,,
000036.SZ,20240930,20241031,0.9587,0.8574,43.2908,13.6756,,,-25.7148,-11.4261,0.0256,3.4248,,,,,
000036.SZ,20240630,20240830,1.269,0.7303,44.0347,18.3723,,,22.5622,60.9915,0.0228,3.4249,,,,,
000036.SZ,20240331,20240430,1.56,0.4157,41.8749,21.9363,,,-31.2272,-39.0875,0.01,3.4651,,,,,
000036.SZ,20231231,20240429,1.5341,1.0116,49.8733,17.6307,,,-81.2672,-86.4464,0.06,3.5961,,,,,
000036.SZ,20230930,20231031,1.2681,0.7067,47.1752,13.1434,,,-30.1006,-40.5307,0.034,3.5699,,,,,
000036.SZ,20230630,20230825,1.019,0.3541,49.2088,9.8441,,,-48.7239,-59.4678,0.0182,3.5593,,,,,
000036.SZ,20230331,20230429,2.234,0.5471,49.0697,22.4432,,,-15.0367,-16.9379,0.02,3.5951,,,,,
000036.SZ,20230331,20230429,2.234,0.5471,49.0697,22.4432,,,-15.0367,-16.9379,0.02,3.5951,,,,,
000037.SZ,20251231,20260415,10.1828,12.4519,21.52,63.5336,,,635.0379,265.2768,0.2672,2.7831,,,,,
000037.SZ,20250930,20251028,-1.7995,-0.1812,14.9812,-5.6341,,,56.2918,79.7599,-0.0331,2.439,,,,,
000037.SZ,20250930,20251028,-1.7995,-0.1812,14.9812,-5.6341,,,56.2918,79.7599,-0.0331,2.439,,,,,
000037.SZ,20250630,20250822,-2.9446,-1.1828,2.5802,-15.0469,,,42.5657,38.7366,-0.0361,2.4349,,,,,
000037.SZ,20250630,20250822,-2.9446,-0.9439,2.5802,-15.0469,,,42.5657,38.7366,-0.0361,2.4349,,,,,
000037.SZ,20250331,20250430,-3.326,-0.5667,3.4842,-23.8809,,,57.6723,54.0533,-0.0204,2.4459,,,,,
000037.SZ,20241231,20250423,1.488,3.9516,6.2138,14.4315,,,426.8069,637.1669,0.0363,2.4643,,,,,
000037.SZ,20240930,20241025,-4.232,-1.722,6.44,-13.4979,,,-58.6595,-18.8355,-0.0757,2.3489,,,,,
000037.SZ,20240930,20241025,-4.232,-1.722,6.44,-13.4979,,,-58.6595,-18.8355,-0.0757,2.3489,,,,,
000037.SZ,20240630,20240823,-5.253,-1.6683,4.0201,-21.6398,,,-1.639,14.7842,-0.0628,2.3607,,,,,
000037.SZ,20240331,20240426,-8.0464,-1.2633,-9.0506,-37.7622,,,6.6673,19.7417,-0.0482,2.3743,,,,,
000037.SZ,20231231,20240412,0.2854,0.3882,1.4137,-0.3401,,,102.5966,92.5714,0.0069,2.421,,,,,
000037.SZ,20230930,20231027,-2.6609,-0.4544,2.3459,-8.1298,,,79.8298,73.7159,-0.0477,2.3672,,,,,
000037.SZ,20230630,20230825,-5.1844,-1.4794,-5.1977,-15.7372,,,60.4235,53.0442,-0.0618,2.3527,,,,,
000037.SZ,20230331,20230426,-8.6528,-1.1469,-14.2033,-30.4964,,,19.7933,12.499,-0.0517,2.3636,,,,,
000037.SZ,20230331,20230426,-8.6528,-1.1469,-14.2033,-30.4964,,,19.7933,12.499,-0.0517,2.3636,,,,,
000039.SZ,20251231,20260327,0.4329,2.1318,12.448,0.8539,,,-92.5708,-56.6356,0.03,8.591,,,,,
000039.SZ,20250930,20251031,4.0045,2.52,12.2273,2.0458,,,-14.3546,-11.3528,0.2803,9.0116,,,,,
000039.SZ,20250630,20250828,4.9246,1.893,12.673,2.3182,,,47.6304,33.1461,0.23,8.9354,,,,,
000039.SZ,20250331,20250429,4.2732,0.8555,12.0999,1.9978,,,550.2051,199.8177,0.0971,8.9368,,,,,
000039.SZ,20250331,20250429,4.2732,0.8555,12.0999,1.9978,,,550.2051,199.8177,nan,8.9368,,,,,
000039.SZ,20241231,20250328,5.9759,4.8447,12.5218,2.3613,,,605.6024,131.3948,0.53,8.8134,,,,,
000039.SZ,20240930,20241030,4.9391,3.2083,11.8391,2.1138,,,268.867,65.8963,0.3357,8.6742,,,,,
000039.SZ,20240630,20240829,3.5434,1.7854,10.7264,1.7632,,,117.2294,28.5973,0.16,8.5013,,,,,
000039.SZ,20240331,20240430,0.6864,0.5394,10.178,0.6717,,,-47.7859,-50.702,0.0126,8.4616,,,,,
000039.SZ,20231231,20240328,0.8733,2.8928,13.7686,1.4579,,,-86.9146,-62.2674,0.07,8.4947,,,,,
000039.SZ,20230930,20231031,1.3707,2.4745,13.6905,1.5258,,,-84.1039,-62.4703,0.083,8.4878,,,,,
000039.SZ,20230630,20230830,1.6624,1.6023,13.6608,1.635,,,-84.2996,-63.0621,0.07,8.3938,,,,,
000039.SZ,20230331,20230428,1.3152,0.8088,13.6823,1.7915,,,-90.6124,-69.8325,0.0267,8.6814,,,,,
000039.SZ,20230331,20230428,1.3152,0.8088,13.6823,1.7915,,,-90.6124,-69.8325,0.0267,8.6814,,,,,
000042.SZ,20251231,20260418,-32.1737,-1.8638,37.1432,-44.4384,,,55.4302,61.5581,-1.3573,3.5085,,,,,
000042.SZ,20250930,20251028,2.4952,1.2442,40.7327,2.7335,,,111.859,173.5723,0.0925,4.9584,,,,,
000042.SZ,20250630,20250822,11.3106,1.4322,43.6909,11.0674,,,145.6028,195.4554,0.285,5.1509,,,,,
000042.SZ,20250331,20250429,16.4508,1.0427,53.5173,13.3699,,,61.633,48.8669,0.2087,5.2204,,,,,
000042.SZ,20250331,20250429,16.4508,1.0427,53.5173,13.3699,,,61.633,48.8669,0.2087,5.2204,,,,,
000042.SZ,20241231,20250426,-44.9288,-5.1155,35.812,-57.9514,,,-9.7504,-30.4105,-3.0454,4.9291,,,,,
000042.SZ,20240930,20241030,-12.6271,0.1113,31.8446,-13.9513,,,-388.9936,-1562.0538,-0.7801,7.8475,,,,,
000042.SZ,20240630,20240821,-15.0334,-0.3017,35.4554,-18.4319,,,-2009.347,-506.6808,-0.625,8.0026,,,,,
000042.SZ,20240331,20240430,5.942,0.9585,34.7894,4.8083,,,40.9792,12.0806,0.1291,8.7568,,,,,
000042.SZ,20231231,20240424,-26.658,-3.2629,34.2317,-27.7659,,,-2412.7354,-457.2347,-2.7749,8.6276,,,,,
000042.SZ,20230930,20231024,-1.8135,0.9717,31.9038,-3.4071,,,-136.6931,-103.469,-0.1595,11.2682,,,,,
000042.SZ,20230630,20230818,-0.5024,0.8804,31.0457,-1.6603,,,-107.6225,-84.4308,-0.0296,11.3981,,,,,
000042.SZ,20230331,20230428,3.0888,0.7377,32.2169,1.4501,,,67.6307,19.6375,0.0916,11.531,,,,,
000042.SZ,20230331,20230428,3.0888,0.7377,32.2169,1.4501,,,67.6307,19.6375,0.0916,11.531,,,,,
000045.SZ,20251231,20260330,2.3069,2.0736,14.9632,2.9498,,,-23.4443,-32.1608,0.14,5.8827,,,,,
000045.SZ,20250930,20251027,2.6744,1.7563,14.5373,3.3029,,,-24.659,-38.3926,0.1174,5.8741,,,,,
000045.SZ,20250630,20250823,2.3876,1.0698,14.8686,2.9696,,,-19.7277,-34.8447,0.0696,5.8263,,,,,
000045.SZ,20250331,20250428,2.8172,0.64,15.445,3.7323,,,0.4184,-16.9444,0.0412,5.8689,,,,,
000045.SZ,20250331,20250428,2.8172,0.64,15.445,3.7323,,,0.4184,-16.9444,0.0412,5.8689,,,,,
000045.SZ,20241231,20250328,3.0638,3.0044,16.1732,4.2892,,,12.7452,-0.9937,0.18,5.8277,,,,,
000045.SZ,20241231,20250328,3.0638,3.0044,16.1732,4.2892,,,12.7452,-0.9937,0.18,5.8277,,,,,
000045.SZ,20240930,20241031,3.6213,2.6087,16.3178,4.8444,,,18.4983,24.4424,0.1558,5.7806,,,,,
000045.SZ,20240630,20240823,3.0402,1.4946,14.4007,4.115,,,20.8965,32.2084,0.0867,5.7115,,,,,
000045.SZ,20240331,20240430,2.8732,0.7273,12.7975,4.0971,,,58.5015,68.6794,0.041,5.7311,,,,,
000045.SZ,20240331,20240430,2.8732,0.7273,12.7975,4.0971,,,58.5015,68.6794,0.041,5.7311,,,,,
000045.SZ,20231231,20240328,2.7661,2.8568,16.8214,4.1282,,,8.1287,316.2053,0.16,5.6901,,,,,
000045.SZ,20230930,20231028,3.0961,2.0844,15.7809,4.2722,,,17.7457,24.0877,0.1315,5.6971,,,,,
000045.SZ,20230630,20230824,2.5458,1.1789,13.6854,3.5022,,,-14.4376,-12.1273,0.0717,5.6373,,,,,
000045.SZ,20230331,20230429,1.836,0.5143,11.4104,2.5675,,,-25.628,-6.0873,0.0259,5.6513,,,,,
000045.SZ,20230331,20230429,1.836,0.5143,11.4104,2.5675,,,-25.628,-6.0873,0.0259,5.6513,,,,,
000048.SZ,20251231,20260410,3.6504,2.0377,13.78,3.2061,,,-78.5921,-80.151,0.2965,7.6948,,,,,
000048.SZ,20250930,20251029,9.3267,3.2908,17.465,8.2532,,,-50.5048,-55.5088,0.5655,7.9666,,,,,
000048.SZ,20250630,20250823,10.4712,2.4602,19.3181,9.6391,,,-3.973,-19.4995,0.4292,8.194,,,,,
000048.SZ,20250331,20250425,10.3024,1.1905,20.9792,10.3032,,,106.9866,26.9217,0.2127,8.3117,,,,,
000048.SZ,20241231,20250331,17.5281,7.6326,28.0431,12.3341,,,-59.1253,-65.4571,1.377,8.0935,,,,,
000048.SZ,20240930,20241031,20.0777,6.4473,29.4301,13.4416,,,-52.1602,-61.8247,1.1562,7.8033,,,,,
000048.SZ,20240630,20240827,11.9166,2.8791,24.0387,8.9332,,,-81.6725,-83.3827,0.45,7.6344,,,,,
000048.SZ,20240331,20240430,5.5724,0.9267,22.6306,4.5488,,,-95.5627,-94.2424,0.1034,7.3843,,,,,
000048.SZ,20231231,20240320,53.9351,17.332,38.7221,14.1545,,,125.8905,139.5716,3.3375,7.2615,,,,,
000048.SZ,20230930,20231031,56.1013,12.3461,39.3158,12.8007,,,2795.217,451389.2988,2.4042,6.415,,,,,
000048.SZ,20230630,20230819,85.5608,12.2902,43.3511,14.9992,,,797.4021,1255.5022,2.4553,6.4658,,,,,
000048.SZ,20230331,20230429,150.9116,10.8343,47.8201,18.3442,,,960.3803,1400.1363,2.3312,7.3452,,,,,
000048.SZ,20230331,20230429,150.9116,10.8343,47.8201,18.3442,,,960.3803,1400.1363,2.3312,7.3452,,,,,
000049.SZ,20251231,20260423,4.3934,1.4557,9.0182,0.9436,,,-29.2345,-57.7808,0.7599,17.4875,,,,,
000049.SZ,20250930,20251029,4.5437,1.1495,8.9583,1.0384,,,2.0161,27.8856,0.5866,17.3209,,,,,
000049.SZ,20250930,20251029,4.5437,1.1495,8.9583,1.0384,,,2.0161,27.8856,0.5866,17.3209,,,,,
000049.SZ,20250630,20250826,2.9744,0.2363,9.2129,0.3605,,,-9.3553,-114.4372,0.2536,17.0015,,,,,
000049.SZ,20250331,20250422,2.9484,0.3546,9.968,0.5739,,,10.9567,-15.6059,0.1265,17.2248,,,,,
000049.SZ,20241231,20250422,6.4178,2.6669,10.375,1.4244,,,-26.4934,-32.5382,1.0738,17.1032,,,,,
000049.SZ,20240930,20241031,4.6476,0.9731,9.5733,0.965,,,-38.9959,-71.2223,0.575,16.6307,,,,,
000049.SZ,20240630,20240828,3.424,0.3382,9.4923,0.6062,,,-38.7029,-85.0517,0.2798,16.3255,,,,,
000049.SZ,20240331,20240424,2.766,0.3502,8.3395,0.8048,,,-40.3752,-46.8139,0.114,16.6207,,,,,
000049.SZ,20231231,20240326,10.8255,4.1741,9.1254,2.5193,,,-35.1345,-46.1258,1.7107,16.359,,,,,
000049.SZ,20230930,20231028,11.5844,2.991,9.2329,2.4571,,,-40.1643,-52.1119,1.2109,14.2185,,,,,
000049.SZ,20230630,20230831,8.5986,1.4608,8.5879,1.8274,,,-42.8962,-62.3239,0.5864,13.6231,,,,,
000049.SZ,20230331,20230428,7.1336,0.8732,8.6789,1.5599,,,-52.3136,-58.5791,0.2457,13.8968,,,,,
000049.SZ,20230331,20230428,7.1336,0.8732,8.6789,1.5599,,,-52.3136,-58.5791,0.2457,13.8968,,,,,
000050.SZ,20251231,20260314,0.6142,1.2646,16.2442,0.3058,,,125.0346,159.8491,0.0682,11.0863,,,,,
000050.SZ,20250930,20251031,1.5249,1.1518,16.4692,1.0469,,,166.2523,178.0193,0.1274,11.1902,,,,,
000050.SZ,20250630,20250823,1.504,0.7761,16.2114,0.9964,,,142.0724,150.4629,0.0838,11.193,,,,,
000050.SZ,20250630,20250823,1.504,0.7761,16.2114,0.9964,,,142.0724,150.4629,0.0838,11.193,,,,,
000050.SZ,20250331,20250422,1.412,0.3561,16.2471,0.8212,,,132.0565,126.5343,0.0392,11.1388,,,,,
000050.SZ,20241231,20250315,-2.4219,0.5975,13.2805,-2.0642,,,68.1263,76.6881,-0.272,11.0879,,,,,
000050.SZ,20240930,20241031,-2.2736,0.3367,13.3492,-1.9817,,,73.5995,74.9469,-0.1923,11.1778,,,,,
000050.SZ,20240630,20240831,-3.535,0.0489,11.7905,-3.095,,,65.6382,68.6215,-0.1991,11.1561,,,,,
000050.SZ,20240331,20240427,-4.328,-0.0696,11.1681,-3.9221,,,54.5883,57.541,-0.1224,11.2421,,,,,
000050.SZ,20231231,20240315,-7.2301,-1.3108,6.7758,-6.5381,,,-1978.0295,-1592.77,-0.8535,11.3761,,,,,
000050.SZ,20230930,20231028,-8.1877,-1.3028,5.3999,-7.2818,,,-596.7436,-604.6065,-0.7284,11.4906,,,,,
000050.SZ,20230930,20231028,-8.1877,-1.3028,5.3999,-7.2818,,,-596.7436,-604.6065,-0.7284,11.4906,,,,,
000050.SZ,20230630,20230831,-9.7068,-1.1903,5.6532,-8.9173,,,-483.8781,-543.6674,-0.5795,11.6474,,,,,
000050.SZ,20230331,20230429,-8.9136,-0.6365,5.9489,-8.5873,,,-937.4954,-915.7072,-0.2695,11.9517,,,,,
000055.SZ,20251231,20260408,-8.8226,-4.3282,13.495,-15.2617,,,-455.9517,-481.8534,-0.48,5.1768,,,,,
000055.SZ,20250930,20251029,0.3469,0.4448,17.9293,0.6217,,,-89.386,-91.7659,0.0148,5.6706,,,,,
000055.SZ,20250930,20251029,0.3469,0.4448,17.9293,0.6217,,,-89.386,-91.7659,0.0148,5.6706,,,,,
000055.SZ,20250630,20250823,0.566,0.3389,18.1913,1.0828,,,-85.1966,-88.7144,0.0161,5.6722,,,,,
000055.SZ,20250331,20250422,2.1504,0.3809,21.6828,4.3798,,,-35.8309,-34.6556,0.03,5.7363,,,,,
000055.SZ,20241231,20250422,2.3964,1.489,18.8978,3.3038,,,-46.9077,-49.4888,0.13,5.7044,,,,,
000055.SZ,20240930,20241029,3.3255,1.4911,18.0481,4.7106,,,-43.81,-46.4017,0.14,5.6291,,,,,
000055.SZ,20240630,20240828,3.8998,1.1214,18.5696,5.5237,,,-35.8816,-37.0214,0.11,5.6055,,,,,
000055.SZ,20240331,20240427,3.4316,0.4857,19.269,5.6868,,,-27.3277,-31.9711,0.05,5.6232,,,,,
000055.SZ,20231231,20240402,4.6585,2.8775,20.6785,6.4526,,,-3.5965,-4.085,0.25,5.5501,,,,,
000055.SZ,20230930,20231030,6.0707,2.8547,21.7794,8.4108,,,24.448,26.8865,0.25,5.5443,,,,,
000055.SZ,20230630,20230829,6.2714,1.9442,21.8687,8.9182,,,61.6496,65.2108,0.17,5.4646,,,,,
000055.SZ,20230331,20230425,4.9192,0.7902,24.0036,8.9513,,,61.3555,53.7722,0.07,5.3705,,,,,
000055.SZ,20230331,20230425,4.9192,0.7902,24.0036,8.9513,,,61.3555,53.7722,0.07,5.3705,,,,,
000058.SZ,20251231,20260327,3.452,3.3716,26.8918,3.877,,,53.508,-5.9528,0.0564,1.6353,,,,,
000058.SZ,20250930,20251030,6.0559,3.5029,24.4447,8.434,,,143.6273,31.7654,0.0754,1.692,,,,,
000058.SZ,20250630,20250829,4.6842,2.176,27.2717,7.5436,,,-7.0373,-5.9976,0.0385,1.6537,,,,,
000058.SZ,20250331,20250426,4.5368,0.9287,25.9172,6.9637,,,-7.9806,-1.2081,0.0186,1.6473,,,,,
000058.SZ,20241231,20250328,1.8717,2.7763,24.5602,2.9317,,,-58.4809,27.6098,0.0305,1.6302,,,,,
000058.SZ,20240930,20241030,2.5331,2.1898,25.0238,3.816,,,-72.9134,-54.3149,0.031,1.6303,,,,,
000058.SZ,20240630,20240828,5.062,2.2013,25.3364,8.4422,,,-63.1929,-48.1239,0.0414,1.6391,,,,,
000058.SZ,20240630,20240828,5.062,2.2013,25.3364,8.4422,,,-63.1929,-48.1239,0.0414,1.6391,,,,,
000058.SZ,20240331,20240426,4.9288,0.9447,22.2345,6.7982,,,-24.4268,-24.2132,0.0202,1.6486,,,,,
000058.SZ,20240331,20240426,4.9288,0.9447,22.2345,6.7982,,,-24.4268,-24.2132,0.0202,1.6486,,,,,
000058.SZ,20231231,20240329,4.5984,3.9959,22.9784,5.8411,,,473.4384,53.873,0.0735,1.6297,,,,,
000058.SZ,20230930,20231027,9.4196,4.5985,24.0985,13.0171,,,632.2595,261.9174,0.1143,1.6704,,,,,
000058.SZ,20230630,20230831,13.899,4.1554,24.9381,17.7721,,,680.7976,4593.4925,0.1124,1.6682,,,,,
000058.SZ,20230630,20230831,13.899,4.1554,24.9381,17.7721,,,680.7976,4593.4925,0.1124,1.6682,,,,,
000058.SZ,20230331,20230427,6.7656,1.2635,24.0523,9.6244,,,-2.4114,1.3499,0.0267,1.5942,,,,,
000058.SZ,20230331,20230427,6.7656,1.2635,24.0523,9.6244,,,-2.4114,1.3499,0.0267,1.5942,,,,,
000059.SZ,20251231,20260423,-16.6628,-5.3076,12.1026,-4.1417,,,36.9072,42.0433,-1.1,6.0547,,,,,
000059.SZ,20250930,20251029,-17.2367,-4.4149,11.5419,-4.5579,,,26.2358,32.5014,-0.8713,6.3022,,,,,
000059.SZ,20250630,20250813,-18.0204,-2.9304,10.9243,-4.8869,,,-33.1471,-29.0632,-0.6184,6.5496,,,,,
000059.SZ,20250331,20250425,-12.0916,-0.871,11.7779,-3.6981,,,31.7571,42.193,-0.2138,6.9687,,,,,
000059.SZ,20241231,20250416,-21.6922,-8.7307,7.4981,-8.2159,,,-4075.4862,-2881.6592,-1.75,7.1776,,,,,
000059.SZ,20240930,20241016,-18.87,-6.0385,9.1326,-7.9051,,,-381.9409,-532.9036,-1.1812,7.7598,,,,,
000059.SZ,20240630,20240829,-10.675,-2.075,10.6462,-3.5404,,,-10.003,-15.1162,-0.4645,8.4714,,,,,
000059.SZ,20240630,20240829,-10.675,-2.075,10.6462,-3.5404,,,-10.003,-15.1162,-0.4645,8.4714,,,,,
000059.SZ,20240331,20240427,-14.2732,-1.5584,8.4804,-5.3506,,,-0.662,-14.4813,-0.3133,8.6282,,,,,
000059.SZ,20231231,20240413,0.4897,1.1088,14.8178,0.1801,,,-86.7158,-86.8724,0.04,8.9326,,,,,
000059.SZ,20230930,20231031,-3.696,-0.4254,14.616,-1.191,,,-176.4492,-141.5518,-0.2451,8.6635,,,,,
000059.SZ,20230630,20230831,-9.65,-1.639,13.4146,-3.1608,,,-234.8318,-194.042,-0.4222,8.4821,,,,,
000059.SZ,20230331,20230429,-14.0408,-1.2459,11.4507,-5.0386,,,-275.2501,-212.4238,-0.3113,8.7141,,,,,
000059.SZ,20230331,20230429,-14.0408,-1.2459,11.4507,-5.0386,,,-275.2501,-212.4238,-0.3113,8.7141,,,,,
000060.SZ,20251231,20260422,4.7617,3.3925,6.508,1.356,,,-25.8915,-29.1651,0.21,4.3851,,,,,
000060.SZ,20250930,20251029,7.3133,3.0564,5.4473,1.8394,,,5.1758,-9.0724,0.22,4.2681,,,,,
000060.SZ,20250930,20251029,7.3133,3.0564,5.4473,1.8394,,,5.1758,-9.0724,0.22,4.2681,,,,,
000060.SZ,20250630,20250830,7.642,2.1012,5.7235,1.9635,,,3.1156,-8.6587,0.15,3.8907,,,,,
000060.SZ,20250331,20250430,7.6248,1.0386,5.1233,1.9057,,,14.0699,-7.8226,0.07,3.7288,,,,,
000060.SZ,20241231,20250415,7.8636,4.6583,6.0809,2.2082,,,57.3025,35.5108,0.29,3.6632,,,,,
000060.SZ,20240930,20241029,7.8395,3.5666,5.8935,2.1582,,,11.6631,1.1504,0.21,3.5776,,,,,
000060.SZ,20240630,20240828,8.0366,2.3726,5.6498,2.2425,,,0.2995,-5.9079,0.15,3.5184,,,,,
000060.SZ,20240331,20240429,7.2068,1.1675,4.6484,1.7687,,,-25.232,-14.2829,0.06,3.4098,,,,,
000060.SZ,20231231,20240425,4.9,4.4621,4.8504,1.5854,,,-43.2675,-14.4475,0.18,3.4265,,,,,
000060.SZ,20230930,20231031,6.9265,3.8637,4.7592,1.866,,,-31.5314,-0.1525,0.19,3.2909,,,,,
000060.SZ,20230930,20231031,6.9265,3.8637,4.7592,1.866,,,-31.5314,-0.1525,0.19,3.2909,,,,,
000060.SZ,20230630,20230830,7.9252,2.8823,4.3972,1.886,,,-36.3441,-11.5155,0.14,3.2124,,,,,
000060.SZ,20230331,20230428,8.6336,1.5273,4.4864,2.2356,,,-3.7347,20.2942,0.09,3.8522,,,,,
000060.SZ,20230331,20230428,8.6336,1.5273,4.4864,2.2356,,,-3.7347,20.2942,0.09,3.8522,,,,,
000061.SZ,20251231,20260428,5.0264,4.0732,22.2844,8.061,,,-3.4235,0.6629,0.2106,4.2868,,,,,
000061.SZ,20250930,20251028,4.7823,2.9794,20.8055,7.3169,,,-16.3082,-12.994,0.1555,4.2324,,,,,
000061.SZ,20250930,20251028,4.7823,2.9794,20.8055,7.3169,,,-16.3082,-12.994,nan,4.2324,,,,,
000061.SZ,20250630,20250820,6.0038,2.2086,20.6619,7.8066,,,-11.0659,-6.2178,0.1123,3.7597,,,,,
000061.SZ,20250331,20250429,4.69,0.8846,22.0157,6.8592,,,-9.8021,-6.031,0.0439,3.7648,,,,,
000061.SZ,20241231,20250429,6.1844,4.3983,26.6802,9.9287,,,-14.4261,-7.4612,0.2264,3.7192,,,,,
000061.SZ,20240930,20241031,6.7636,3.5669,29.8798,12.1494,,,7.3098,8.9241,0.1846,3.6766,,,,,
000061.SZ,20240630,20240831,6.949,2.4182,30.9991,13.1514,,,10.7085,13.785,0.1254,3.6177,,,,,
000061.SZ,20240331,20240430,5.3656,0.9453,31.7457,10.4676,,,-5.2734,1.2575,0.0486,3.6508,,,,,
000061.SZ,20231231,20240418,7.5739,4.5292,28.2143,10.9017,,,121.9116,62.3618,0.2646,3.6021,,,,,
000061.SZ,20230930,20231028,6.6489,3.2547,29.5529,10.1822,,,127.3992,60.2713,0.172,3.516,,,,,
000061.SZ,20230630,20230829,6.6244,2.1101,29.1242,9.8175,,,41.3291,19.7557,0.1133,3.4572,,,,,
000061.SZ,20230331,20230427,6.0244,0.9354,25.9018,8.7589,,,24.4646,10.6621,0.0514,3.4352,,,,,
000061.SZ,20230331,20230427,6.0244,0.9354,25.9018,8.7589,,,24.4646,10.6621,0.0514,3.4352,,,,,
000062.SZ,20251231,20260327,6.7631,4.9717,8.1987,2.1783,,,117.377,90.1302,0.4426,6.4368,,,,,
000062.SZ,20250930,20251029,6.9603,4.0833,8.3205,2.4139,,,35.6172,40.6672,0.3452,6.5743,,,,,
000062.SZ,20250630,20250827,6.769,2.5584,8.3472,2.4778,,,33.4523,30.3693,0.2253,6.6601,,,,,
000062.SZ,20250331,20250429,6.0292,1.2172,8.4016,2.4077,,,83.9111,68.2861,0.1009,6.7412,,,,,
000062.SZ,20250331,20250429,6.0292,1.2172,8.4016,2.4077,,,83.9111,68.2861,0.1009,6.7412,,,,,
000062.SZ,20241231,20250314,3.0142,3.2447,8.428,1.2419,,,-54.4314,-45.657,0.2036,6.6524,,,,,
000062.SZ,20240930,20241030,4.9444,3.2665,8.2487,1.9475,,,-35.1409,-32.7219,0.2546,6.8713,,,,,
000062.SZ,20240630,20240831,4.9334,2.1822,8.3349,2.0294,,,-33.8117,-32.913,0.1688,6.8293,,,,,
000062.SZ,20240331,20240430,3.188,0.8833,8.569,1.6167,,,-54.1881,-51.7499,0.0549,6.9157,,,,,
000062.SZ,20240331,20240430,3.188,0.8833,8.569,1.6167,,,-54.1881,-51.7499,0.0549,6.9157,,,,,
000062.SZ,20231231,20240418,6.583,5.2736,9.5697,2.6871,,,-50.9317,-46.6676,0.4468,6.858,,,,,
000062.SZ,20230930,20231028,7.6888,4.441,9.8863,3.3158,,,-41.1571,-40.302,0.3925,6.8949,,,,,
000062.SZ,20230930,20231028,7.6888,4.441,9.8863,3.3158,,,-41.1571,-40.302,0.3925,6.8949,,,,,
000062.SZ,20230630,20230825,7.5622,2.9711,10.7151,3.6151,,,-48.9072,-46.8184,0.255,6.7727,,,,,
000062.SZ,20230331,20230428,7.0956,1.4901,11.5733,3.9533,,,-42.9625,-40.0482,0.1198,6.7901,,,,,
000062.SZ,20230331,20230428,7.0956,1.4901,11.5733,3.9533,,,-42.9625,-40.0482,0.1198,6.7901,,,,,
000063.SZ,20251231,20260307,7.5796,2.6824,30.2506,4.1563,,,-33.3189,-31.9023,1.17,15.7678,,,,,
000063.SZ,20250930,20251029,9.5956,2.5073,30.5494,5.317,,,-32.6877,-31.697,1.11,15.6979,,,,,
000063.SZ,20250630,20250829,13.7018,2.4243,32.4509,7.0669,,,-11.7729,-10.5003,1.06,15.645,,,,,
000063.SZ,20250331,20250423,13.526,1.2025,34.2714,7.4742,,,-10.5002,-9.4322,0.51,15.1108,,,,,
000063.SZ,20241231,20250301,11.9656,4.0552,37.9127,6.8885,,,-9.661,-8.9312,1.76,15.2206,,,,,
000063.SZ,20240930,20241022,15.0251,3.9475,40.434,8.7146,,,0.832,0.3715,1.65,15.1186,,,,,
000063.SZ,20240630,20240817,16.5674,2.9907,40.4703,9.1385,,,4.7567,2.8641,1.2,14.717,,,,,
000063.SZ,20240331,20240426,15.7896,1.4811,42.0217,9.0299,,,3.7358,3.3323,0.57,14.8157,,,,,
000063.SZ,20231231,20240309,14.7269,4.8494,41.5294,7.4373,,,15.4135,16.641,1.96,14.218,,,,,
000063.SZ,20230930,20231024,16.7395,4.3339,43.6714,8.6772,,,14.9733,12.7327,1.65,13.8551,,,,,
000063.SZ,20230630,20230819,17.9108,3.1967,43.2183,8.8827,,,19.8502,15.8671,1.15,13.3116,,,,,
000063.SZ,20230331,20230422,17.6436,1.6052,44.4947,8.9689,,,19.2005,28.4638,0.56,12.9136,,,,,
000063.SZ,20230331,20230422,17.6436,1.6052,44.4947,8.9689,,,19.2005,28.4638,0.56,12.9136,,,,,
000065.SZ,20251231,20260331,7.0361,3.3737,14.2801,5.3594,,,-31.0812,-18.0506,0.68,9.5581,,,,,
000065.SZ,20250930,20251031,6.5811,2.2731,14.2384,4.8916,,,-36.0221,-30.7106,0.46,9.5007,,,,,
000065.SZ,20250630,20250822,6.3362,1.5195,13.0857,4.4779,,,-42.7145,-37.0937,0.29,9.3736,,,,,
000065.SZ,20250331,20250428,7.306,0.8594,13.0318,4.9314,,,-32.9742,-30.7892,0.1707,9.2595,,,,,
000065.SZ,20250331,20250428,7.306,0.8594,13.0318,4.9314,,,-32.9742,-30.7892,0.1707,9.2595,,,,,
000065.SZ,20241231,20250401,11.7106,4.8825,12.8211,5.377,,,14.3179,3.5857,1.05,9.1387,,,,,
000065.SZ,20240930,20241031,11.5416,3.943,11.7003,5.5911,,,9.7005,-1.3145,0.76,8.8801,,,,,
000065.SZ,20240630,20240822,12.4274,2.8654,10.0867,5.5516,,,7.3765,1.8431,0.54,8.7354,,,,,
000065.SZ,20240331,20240425,12.2896,1.3937,9.618,5.5613,,,36.0746,14.1837,0.2634,8.5586,,,,,
000065.SZ,20231231,20240330,11.32,5.0097,10.3208,4.4383,,,44.3137,17.0252,0.92,8.3119,,,,,
000065.SZ,20230930,20231031,11.4768,4.2603,10.1203,5.1468,,,38.4533,16.1485,0.69,8.1379,,,,,
000065.SZ,20230630,20230831,12.5972,3.0552,9.2911,5.0652,,,29.1228,26.3747,0.5,8.0405,,,,,
000065.SZ,20230331,20230425,9.934,1.233,12.8477,4.6913,,,84.8711,64.7137,0.1936,7.7119,,,,,
000065.SZ,20230331,20230425,9.934,1.233,12.8477,4.6913,,,84.8711,64.7137,0.1936,7.7119,,,,,
000066.SZ,20251231,20260429,-0.5006,0.9274,16.5581,-0.087,,,96.231,109.5735,-0.017,3.4183,,,,,
000066.SZ,20250930,20251030,0.1919,0.5798,15.729,0.2341,,,102.3365,110.2258,0.005,3.4388,,,,,
000066.SZ,20250630,20250830,2.463,0.7816,14.7161,2.1425,,,132.7985,142.1877,0.043,3.4771,,,,,
000066.SZ,20250331,20250428,-5.7552,-0.3084,13.4001,-6.0338,,,36.1466,46.7301,-0.05,3.3906,,,,,
000066.SZ,20241231,20250428,-12.363,-3.7739,15.3535,-10.05,,,-51.292,-60.7803,-0.459,3.4832,,,,,
000066.SZ,20240930,20241031,-7.4259,-1.367,16.38,-6.8235,,,17.2431,18.4501,-0.213,3.7234,,,,,
000066.SZ,20240630,20240831,-6.7646,-0.8046,17.1782,-6.4396,,,33.3732,31.3953,-0.131,3.7951,,,,,
000066.SZ,20240331,20240430,-7.9972,-0.5961,16.1972,-9.3693,,,18.1538,6.6937,-0.077,3.8156,,,,,
000066.SZ,20231231,20240430,-7.4178,-1.9842,21.616,-6.4993,,,-895.9775,-405.9221,-0.303,3.9315,,,,,
000066.SZ,20230930,20231028,-8.3528,-1.6646,21.4861,-9.5935,,,-82.5364,-90.0095,-0.258,3.9869,,,,,
000066.SZ,20230630,20230826,-9.472,-1.3171,21.8448,-11.8484,,,-114.9057,-122.1822,-0.196,4.0457,,,,,
000066.SZ,20230331,20230429,-9.0304,-0.6702,21.1399,-13.5567,,,-161.0841,-157.176,-0.095,4.1456,,,,,
000066.SZ,20230331,20230429,-9.0304,-0.6702,21.1399,-13.5567,,,-161.0841,-157.176,-0.095,4.1456,,,,,
000068.SZ,20251231,20260326,-15.8824,-1.6055,13.5224,-11.0032,,,-713.5165,70.2539,-0.1038,0.5995,,,,,
000068.SZ,20250930,20251030,-20.2073,-2.0351,7.6299,-18.7068,,,-36.3796,46.8156,-0.0994,0.6039,,,,,
000068.SZ,20250630,20250829,-26.6596,-1.9286,5.4935,-26.8552,,,-63.4964,40.4816,-0.0882,0.6154,,,,,
000068.SZ,20250331,20250425,-9.9008,-0.3711,7.8192,-12.7812,,,24.9781,34.011,-0.0173,0.6863,,,,,
000068.SZ,20241231,20250315,1.8574,0.4927,4.5704,0.9185,,,-97.9946,-114.345,0.013,0.7078,,,,,
000068.SZ,20240930,20241029,-15.1297,-1.7898,2.6336,-15.0162,,,-119.6249,-120.5362,-0.0746,0.6202,,,,,
000068.SZ,20240630,20240828,-16.5534,-1.2772,1.282,-25.3608,,,-113.0682,-113.7079,-0.0552,0.6396,,,,,
000068.SZ,20240331,20240425,-13.7288,-0.558,0.9582,-14.7022,,,12.3314,-3.8749,-0.0234,0.6713,,,,,
000068.SZ,20231231,20240328,175.5407,17.2447,0.097,69.0272,,,400.676,676.3817,0.6495,0.6948,,,,,
000068.SZ,20230930,20231027,215.3685,9.6209,1.5695,62.7074,,,1058.6007,1274.4682,0.3802,0.4254,,,,,
000068.SZ,20230630,20230824,329.4098,10.4867,3.0913,130.5268,,,1724.5324,2047.7265,0.4225,0.4678,,,,,
000068.SZ,20230331,20230429,-335.2732,-0.4023,9.3313,-25.0287,,,-176.7271,-188.4509,-0.0267,0.0185,,,,,
000068.SZ,20230331,20230429,-335.2732,-0.4023,9.3313,-25.0287,,,-176.7271,-188.4509,-0.0267,0.0185,,,,,
000069.SZ,20251231,20260331,-31.5435,-4.4497,9.2883,-60.6063,,,-67.3471,-139.6601,-1.84,4.432,,,,,
000069.SZ,20250930,20251031,-11.3971,-0.7405,8.2236,-32.0622,,,-85.7564,-103.7986,-0.5577,5.7086,,,,,
000069.SZ,20250630,20250830,-11.0702,-0.5154,6.9,-32.5132,,,-171.5207,-231.7058,-0.3568,5.8885,,,,,
000069.SZ,20250331,20250429,-10.8248,-0.2219,5.4134,-32.7654,,,-303.0864,-434.8522,-0.1812,6.0426,,,,,
000069.SZ,20250331,20250429,-10.8248,-0.2219,5.4134,-32.7654,,,-303.0864,-434.8522,-0.1812,6.0426,,,,,
000069.SZ,20241231,20250329,-15.0463,-1.0232,13.0548,-17.8668,,,-33.4213,-27.6771,-1.0969,6.2317,,,,,
000069.SZ,20240930,20241031,-5.1516,0.03,12.8776,-10.3633,,,29.7581,16.3226,-0.3069,7.046,,,,,
000069.SZ,20240630,20240831,-3.4414,0.2574,13.8433,-6.2994,,,19.129,-48.8327,-0.141,7.1798,,,,,
000069.SZ,20240331,20240430,-2.2808,0.1895,20.3235,-6.3716,,,-16.2941,-529.0553,-0.0438,7.2655,,,,,
000069.SZ,20231231,20240330,-9.9262,-0.7566,18.9713,-15.1317,,,40.4631,44.661,-0.7916,7.1756,,,,,
000069.SZ,20230930,20231028,-6.6627,-0.2466,21.4556,-12.8012,,,-2728.1199,-312.8756,-0.4164,7.5579,,,,,
000069.SZ,20230630,20230831,-3.832,0.1611,19.5259,-7.0969,,,-1328.1925,-168.1502,-0.1625,7.8479,,,,,
000069.SZ,20230331,20230429,-1.7608,0.1684,20.1509,-1.3604,,,-271.6755,-88.776,-0.0369,7.9916,,,,,
000069.SZ,20230331,20230429,-1.7608,0.1684,20.1509,-1.3604,,,-271.6755,-88.776,-0.0369,7.9916,,,,,
000070.SZ,20251231,20260422,-39.4108,-3.6102,17.1059,-8.5104,,,-23.108,-1.5845,-0.5504,1.1256,,,,,
000070.SZ,20250930,20251027,0.7085,2.7805,19.0225,3.341,,,80.7462,113.5369,0.0089,1.6746,,,,,
000070.SZ,20250630,20250828,0.7446,1.965,20.7587,3.7363,,,316.3876,146.9538,0.0062,1.6757,,,,,
000070.SZ,20250630,20250828,0.7446,1.965,20.7587,3.7363,,,316.3876,146.9538,0.0062,1.6757,,,,,
000070.SZ,20250331,20250429,-4.0316,0.3976,17.031,0.4224,,,-206.1879,-33.8023,-0.0167,1.6508,,,,,
000070.SZ,20250331,20250429,-4.0316,0.3976,17.031,0.4224,,,-206.1879,-33.8023,-0.0167,1.6508,,,,,
000070.SZ,20241231,20250422,-23.6236,-3.4207,16.6341,-8.1302,,,-47.7404,-64.9605,-0.4471,1.6677,,,,,
000070.SZ,20240930,20241026,0.3091,1.7841,14.1143,1.328,,,122.952,456.4045,0.0049,2.1217,,,,,
000070.SZ,20240930,20241026,0.3091,1.7841,14.1143,1.328,,,122.952,456.4045,0.0049,2.1217,,,,,
000070.SZ,20240630,20240824,-0.272,1.1726,12.7271,0.8955,,,82.9853,338.1457,-0.0029,2.114,,,,,
000070.SZ,20240331,20240427,2.964,0.6411,12.4331,1.8886,,,236.8793,363.5252,0.0157,2.1331,,,,,
000070.SZ,20231231,20240426,-14.7171,-1.3191,14.9581,-4.5529,,,-2141.2158,-449.6418,-0.3097,2.1177,,,,,
000070.SZ,20230930,20231028,-1.2965,1.0267,13.1495,0.2288,,,-126.299,-89.6827,-0.0221,2.4079,,,,,
000070.SZ,20230630,20230826,-1.534,0.7224,11.8566,0.3585,,,-116.4455,-91.9825,-0.0177,2.413,,,,,
000070.SZ,20230630,20230826,-1.534,0.7224,11.8566,0.3585,,,-116.4455,-91.9825,-0.0177,2.413,,,,,
000070.SZ,20230331,20230429,-2.3136,0.5086,12.3576,0.2289,,,-246.2243,-65.9733,-0.0123,2.0292,,,,,
000070.SZ,20230331,20230429,-2.3136,0.5086,12.3576,0.2289,,,-246.2243,-65.9733,-0.0123,2.0292,,,,,
000088.SZ,20251231,20260423,8.0565,6.1696,30.9192,173.7927,,,7.278,7.5987,0.28,3.4747,,,,,
000088.SZ,20250930,20251030,7.9327,4.5559,29.8126,178.8578,,,6.6598,6.7333,0.21,3.4882,,,,,
000088.SZ,20250630,20250830,7.3442,2.8386,28.5289,173.2101,,,4.0741,2.647,0.13,3.4069,,,,,
000088.SZ,20250331,20250429,6.9424,1.2853,22.3699,186.3565,,,21.6294,18.5933,0.06,3.497,,,,,
000088.SZ,20250331,20250429,6.9424,1.2853,22.3699,186.3565,,,21.6294,18.5933,0.06,3.497,,,,,
000088.SZ,20241231,20250424,8.6584,6.1956,24.3441,174.1156,,,21.7445,16.1653,0.3,3.4364,,,,,
000088.SZ,20240930,20241031,9.9947,4.8525,24.9278,168.0957,,,5.7009,2.9917,0.2343,3.1482,,,,,
000088.SZ,20240630,20240831,9.5052,3.1248,28.0269,159.989,,,4.3809,3.155,0.1465,3.0604,,,,,
000088.SZ,20240331,20240430,7.6592,1.274,27.5166,135.0112,,,34.5239,29.345,0.06,3.1649,,,,,
000088.SZ,20240331,20240430,7.6592,1.274,27.5166,135.0112,,,34.5239,29.345,nan,3.1649,,,,,
000088.SZ,20231231,20240409,9.7304,6.6319,29.272,131.7981,,,134.8777,121.0982,0.26,5.9134,,,,,
000088.SZ,20230930,20231031,6.8895,3.7576,38.4014,81.511,,,34.7341,36.1559,0.2225,4.3964,,,,,
000088.SZ,20230630,20230831,6.618,2.3923,37.3739,81.4714,,,35.1172,35.9694,0.1411,4.3151,,,,,
000088.SZ,20230331,20230429,4.4572,0.8645,36.1487,60.7481,,,27.1138,20.698,0.05,4.2639,,,,,
000088.SZ,20230331,20230429,4.4572,0.8645,36.1487,60.7481,,,27.1138,20.698,0.05,4.2639,,,,,
000089.SZ,20251231,20260424,4.5708,4.0703,21.2739,10.2302,,,18.5459,12.8962,0.2561,5.6706,,,,,
000089.SZ,20250930,20251025,5.4453,3.4677,23.3484,12.1934,,,43.2075,41.5029,0.2283,5.643,,,,,
000089.SZ,20250630,20250816,5.4852,2.3414,24.1557,12.3532,,,79.1311,78.5101,0.1522,5.5671,,,,,
000089.SZ,20250331,20250425,5.698,1.2006,24.4964,12.9878,,,72.2012,67.6863,0.0794,5.6145,,,,,
000089.SZ,20241231,20250425,3.944,3.7691,21.295,9.3261,,,11.6834,16.071,0.216,5.5353,,,,,
000089.SZ,20240930,20241025,3.8999,2.7087,21.0246,9.4287,,,99.3807,102.294,0.1594,5.4788,,,,,
000089.SZ,20240630,20240816,3.1408,1.6223,19.8442,7.742,,,416.3088,376.1295,0.085,5.4046,,,,,
000089.SZ,20240331,20240427,3.3892,0.8551,20.854,8.379,,,187.6718,185.9146,0.0461,5.4659,,,,,
000089.SZ,20231231,20240408,3.6396,3.6493,10.7219,9.591,,,135.2944,135.4503,0.1934,5.42,,,,,
000089.SZ,20230930,20231027,2.0307,1.869,10.5658,5.4559,,,118.4255,117.5778,0.0799,5.2888,,,,,
000089.SZ,20230630,20230825,-1.0342,0.3842,10.0051,-2.7312,,,91.1193,90.2414,-0.0269,5.1822,,,,,
000089.SZ,20230331,20230428,-4.0596,-0.2119,0.9006,-11.5498,,,63.8936,65.7131,-0.0526,5.1567,,,,,
000089.SZ,20230331,20230428,-4.0596,-0.2119,0.9006,-11.5498,,,63.8936,65.7131,-0.0526,5.1567,,,,,
000090.SZ,20251231,20260421,1.5348,1.0345,12.775,0.1284,,,-63.9947,-65.3724,0.0695,6.0636,,,,,
000090.SZ,20250930,20251028,0.1847,0.4571,10.6832,-0.188,,,-93.8723,-76.0311,-0.0041,6.0421,,,,,
000090.SZ,20250630,20250823,0.5724,0.3405,11.0756,0.1053,,,-83.2202,-68.3953,0.0073,5.9745,,,,,
000090.SZ,20250331,20250429,1.1048,0.1891,13.4026,0.4681,,,-58.5681,-50.3227,0.0216,6.1113,,,,,
000090.SZ,20250331,20250429,1.1048,0.1891,13.4026,0.4681,,,-58.5681,-50.3227,0.0216,6.1113,,,,,
000090.SZ,20241231,20250422,4.2555,1.7042,15.9312,2.7794,,,-59.0926,-48.303,0.2617,6.0969,,,,,
000090.SZ,20240930,20241025,3.0235,0.8235,16.2272,3.0074,,,-68.0082,-69.1806,0.1609,5.9934,,,,,
000090.SZ,20240630,20240823,3.4178,0.5486,16.6192,3.2421,,,-73.553,-76.157,0.1172,5.95,,,,,
000090.SZ,20240331,20240426,2.6684,0.2464,17.8596,2.5726,,,-54.7755,-56.0206,0.0521,6.1087,,,,,
000090.SZ,20231231,20240417,10.7246,3.1968,14.6021,5.5757,,,-22.2779,-31.9838,0.7397,6.0893,,,,,
000090.SZ,20230930,20231026,9.8183,2.3999,15.8101,5.8183,,,-27.6297,-29.7631,0.5328,5.8741,,,,,
000090.SZ,20230930,20231026,9.8183,2.3999,15.8101,5.8183,,,-27.6297,-29.7631,0.5328,5.8741,,,,,
000090.SZ,20230630,20230822,13.446,2.0735,17.0537,7.2996,,,-26.9796,-29.5725,0.4829,5.8101,,,,,
000090.SZ,20230331,20230428,6.2136,0.5025,18.9324,6.5311,,,-76.3036,-76.7007,0.1152,5.7834,,,,,
000090.SZ,20230331,20230428,6.2136,0.5025,18.9324,6.5311,,,-76.3036,-76.7007,0.1152,5.7834,,,,,
000096.SZ,20251231,20260428,4.1383,3.4113,12.54,8.5714,,,18.3939,10.4287,0.2174,5.1972,,,,,
000096.SZ,20250930,20251031,1.4611,1.0583,11.5221,3.1286,,,-54.1606,-40.5397,0.0581,5.2924,,,,,
000096.SZ,20250630,20250827,0.6688,0.3426,10.7493,1.4976,,,-58.3519,-30.4172,0.0177,5.2522,,,,,
000096.SZ,20250331,20250430,2.0628,0.511,10.7981,4.5957,,,110.9863,80.6246,0.0275,5.3375,,,,,
000096.SZ,20250331,20250430,2.0628,0.511,10.7981,4.5957,,,110.9863,80.6246,0.0275,5.3375,,,,,
000096.SZ,20241231,20250429,3.5162,3.3587,9.0908,5.0296,,,9.9961,0.9382,0.1836,5.31,,,,,
000096.SZ,20240930,20241030,3.2632,2.334,8.6481,4.4905,,,11.1412,3.3976,0.1267,5.2211,,,,,
000096.SZ,20240630,20240827,1.6514,0.7111,7.9103,2.2676,,,-15.3731,-16.1373,0.0424,5.1362,,,,,
000096.SZ,20240331,20240430,1.0124,0.2617,7.1468,1.429,,,-31.589,-30.3464,0.013,5.1478,,,,,
000096.SZ,20231231,20240430,3.3337,3.0838,7.3533,3.5743,,,59.8733,52.9213,0.1669,5.135,,,,,
000096.SZ,20230930,20231031,3.0852,2.6003,7.2726,3.2839,,,-1.3176,-1.987,0.114,4.9753,,,,,
000096.SZ,20230630,20230831,2.0482,1.22,7.1668,2.3314,,,-25.0546,-19.2078,0.0501,4.9063,,,,,
000096.SZ,20230331,20230429,1.5556,0.4887,7.7096,2.0666,,,7.0805,7.3064,0.019,4.9021,,,,,
000096.SZ,20230331,20230429,1.5556,0.4887,7.7096,2.0666,,,7.0805,7.3064,0.019,4.9021,,,,,
000099.SZ,20251231,20260317,5.7082,5.7751,23.7776,13.0681,,,1.7938,3.0935,0.4,7.0812,,,,,
000099.SZ,20250930,20251030,6.0459,4.6047,24.6775,14.5517,,,25.5306,29.7765,0.3154,7.0501,,,,,
000099.SZ,20250630,20250826,5.735,2.9905,23.1938,14.2993,,,15.8597,23.0419,0.1977,6.9325,,,,,
000099.SZ,20250331,20250429,6.7976,1.7252,21.8508,17.9563,,,9.1799,13.9583,0.1176,6.9773,,,,,
000099.SZ,20250331,20250429,6.7976,1.7252,21.8508,17.9563,,,9.1799,13.9583,0.1176,6.9773,,,,,
000099.SZ,20241231,20250318,5.8182,5.9813,23.042,13.4015,,,26.8091,30.1667,0.39,6.8597,,,,,
000099.SZ,20240930,20241030,5.0285,4.213,21.5877,12.7353,,,0.2614,7.0135,0.2512,6.746,,,,,
000099.SZ,20240630,20240828,5.1556,2.8309,20.6171,13.5477,,,2.1117,8.14,0.1707,6.6655,,,,,
000099.SZ,20240331,20240426,6.4968,1.7235,19.5677,18.4211,,,21.6856,19.1848,0.1077,6.6842,,,,,
000099.SZ,20231231,20240319,4.7722,5.2037,21.1585,12.063,,,23.1133,47.0411,0.31,6.5765,,,,,
000099.SZ,20230930,20231027,5.1923,4.1109,20.8523,13.425,,,16.5227,24.7857,0.2506,6.5272,,,,,
000099.SZ,20230630,20230825,5.2028,2.6932,20.0415,14.1425,,,4.0412,9.2492,0.1671,6.5087,,,,,
000099.SZ,20230331,20230426,5.5432,1.3605,15.2119,16.1447,,,-3.4344,3.7598,0.0885,6.4301,,,,,
000099.SZ,20230331,20230426,5.5432,1.3605,15.2119,16.1447,,,-3.4344,3.7598,0.0885,6.4301,,,,,
000100.SZ,20251231,20260328,7.8827,1.2678,13.1509,0.1162,,,188.7761,111.9175,0.2333,2.9534,,,,,
000100.SZ,20250930,20251031,7.1209,1.1074,12.7633,0.355,,,99.7478,165.6038,0.1604,2.9292,,,,,
000100.SZ,20250630,20250830,7.0568,0.6548,13.4142,0.037,,,89.256,177.4387,0.1014,2.854,,,,,
000100.SZ,20250331,20250429,7.5904,0.3819,13.2381,0.5179,,,321.9591,189.0709,0.0545,2.8519,,,,,
000100.SZ,20241231,20250429,2.9487,0.1078,11.5884,-2.5216,,,-29.3834,-179.0455,0.0842,2.8312,,,,,
000100.SZ,20240930,20241030,3.8396,0.4194,11.9824,-1.4867,,,-5.3427,-128.1887,0.0821,2.8231,,,,,
000100.SZ,20240630,20240827,3.7808,0.4379,12.2649,-0.5836,,,192.2859,-124.4276,0.0535,2.7887,,,,,
000100.SZ,20240331,20240430,1.8008,0.171,11.5288,-0.8359,,,143.7105,-1167.1177,0.0129,2.8586,,,,,
000100.SZ,20231231,20240430,4.2759,2.4323,14.6812,2.7418,,,747.5978,1137.2781,0.1195,2.8181,,,,,
000100.SZ,20230930,20231028,4.1716,2.389,14.6239,4.1834,,,474.1425,462.714,0.087,2.7867,,,,,
000100.SZ,20230630,20230830,1.3466,1.1335,12.779,2.8075,,,-48.6839,78.7952,0.0184,2.6873,,,,,
000100.SZ,20230331,20230428,-4.3772,0.2659,10.3581,0.2823,,,-140.5904,-97.6586,-0.0326,2.9091,,,,,
000100.SZ,20230331,20230428,-4.3772,0.2659,10.3581,0.2823,,,-140.5904,-97.6586,-0.0326,2.9091,,,,,
000151.SZ,20251231,20260417,65.9863,15.3257,15.3259,29.2444,,,217.6829,161.0628,1.07,2.1336,,,,,
000151.SZ,20250930,20251025,-10.7649,-0.6615,16.9748,-4.1256,,,80.1359,87.7182,-0.0841,0.9866,,,,,
000151.SZ,20250630,20250830,-32.9236,-2.4844,10.1214,-12.5118,,,46.476,54.494,-0.16,0.902,,,,,
000151.SZ,20250630,20250830,-32.9236,-2.4844,10.1214,-12.5118,,,46.476,54.494,nan,0.902,,,,,
000151.SZ,20250331,20250424,-31.398,-0.8889,17.5572,-10.0531,,,26.2965,50.3661,-0.0826,1.0069,,,,,
000151.SZ,20241231,20250424,-59.1269,-18.3788,-6.3823,-47.9861,,,-16.3273,-14.906,-0.9057,1.0968,,,,,
000151.SZ,20240930,20241029,-31.8339,-7.7672,-0.4482,-26.6707,,,-1095.6768,-449.2995,-0.4234,1.5802,,,,,
000151.SZ,20240630,20240828,-33.951,-4.5346,3.4035,-22.4601,,,-197.056,-315.8853,-0.3074,1.6548,,,,,
000151.SZ,20240331,20240426,-23.5536,-1.3541,6.0542,-10.6697,,,-12.5535,-45.2382,-0.112,1.8384,,,,,
000151.SZ,20231231,20240330,-36.2764,-10.6859,-6.0898,-16.1892,,,20.9655,11.5743,-0.7785,1.9666,,,,,
000151.SZ,20230930,20231028,-2.1787,-0.1635,1.9167,-2.8392,,,40.3315,-406.4797,-0.0354,2.0086,,,,,
000151.SZ,20230630,20230830,-9.1652,-0.2445,7.4225,-2.1578,,,-683.9419,-543.7858,-0.1035,2.1903,,,,,
000151.SZ,20230331,20230429,-18.4608,-0.3484,5.3371,-2.9143,,,-2480.6951,-390.1236,-0.0995,1.9876,,,,,
000151.SZ,20230331,20230429,-19.566,-0.3484,5.3371,-2.9143,,,-2480.6951,-390.1236,-0.0995,1.9876,,,,,
000153.SZ,20251231,20260429,4.8217,3.2241,18.3736,2.4572,,,-38.1876,-38.5343,0.2139,4.5271,,,,,
000153.SZ,20250930,20251024,6.4891,2.8379,17.5034,3.1427,,,-31.9196,-37.59,0.2158,4.5217,,,,,
000153.SZ,20250630,20250822,7.4168,2.15,19.7485,3.6999,,,-23.8833,-34.1786,0.1641,4.5059,,,,,
000153.SZ,20250630,20250822,7.4168,2.15,19.7485,3.6999,,,-23.8833,-34.1786,0.1641,4.5059,,,,,
000153.SZ,20250331,20250425,7.4484,1.0843,21.9699,3.9678,,,-19.1234,-34.124,0.0818,4.4408,,,,,
000153.SZ,20241231,20250411,8.229,5.2121,21.7634,3.6795,,,0.9726,-3.8299,0.3461,4.3453,,,,,
000153.SZ,20241231,20250411,8.229,5.2121,21.7634,3.6795,,,0.9726,-3.8299,0.3461,4.3453,,,,,
000153.SZ,20240930,20241031,10.1075,4.5721,22.5533,4.4487,,,3.3965,-3.0284,0.3169,4.2959,,,,,
000153.SZ,20240630,20240829,10.4438,3.2857,23.3523,4.28,,,-2.7212,-5.7235,0.2156,4.1923,,,,,
000153.SZ,20240331,20240426,9.8212,1.6071,25.7016,4.1371,,,2.1433,1.2206,0.1416,5.8426,,,,,
000153.SZ,20240331,20240426,9.8212,1.6071,25.7016,4.1371,,,2.1433,1.2206,nan,5.8426,,,,,
000153.SZ,20231231,20240426,8.8054,5.419,25.7084,3.6791,,,3.1465,5.52,0.4796,5.6905,,,,,
000153.SZ,20230930,20231027,10.5715,4.8729,26.2876,4.3836,,,4.3824,0.5961,0.429,5.6161,,,,,
000153.SZ,20230630,20230825,11.6142,3.5518,27.0931,4.4755,,,4.3228,3.3949,0.3102,5.4784,,,,,
000153.SZ,20230331,20230427,10.486,1.6455,28.1694,3.7843,,,23.7407,23.2757,0.1386,5.3681,,,,,
000153.SZ,20230331,20230427,10.486,1.6455,28.1694,3.7843,,,23.7407,23.2757,0.1386,5.3681,,,,,
000155.SZ,20251231,20260410,4.8437,3.8501,41.5356,18.374,,,-30.8706,4.7916,0.27,5.6721,,,,,
000155.SZ,20250930,20251028,4.4995,2.4976,43.7207,20.9487,,,-44.8267,-29.6538,0.1882,5.5885,,,,,
000155.SZ,20250630,20250829,5.8666,1.845,47.3031,21.6899,,,-51.6987,-52.5442,0.17,5.7349,,,,,
000155.SZ,20250331,20250430,9.1128,1.3513,52.1953,32.3301,,,-43.0315,-44.5088,0.13,5.6952,,,,,
000155.SZ,20241231,20250428,8.23,4.1256,50.0753,23.7506,,,-8.8458,-44.3885,0.42,5.5664,,,,,
000155.SZ,20240930,20241031,9.5581,3.7123,53.9378,28.357,,,11.6927,-31.8205,0.3856,5.5158,,,,,
000155.SZ,20240630,20240830,14.1796,3.7885,59.1217,39.244,,,38.7637,-9.3089,0.41,5.6787,,,,,
000155.SZ,20240331,20240429,21.8888,2.7148,70.3111,49.6328,,,50.4501,5.1323,0.28,5.2888,,,,,
000155.SZ,20231231,20240427,12.5061,7.8915,57.4101,38.981,,,12.3487,0.7962,0.54,5.0056,,,,,
000155.SZ,20230930,20231031,13.3052,6.1328,57.7504,39.946,,,29.6552,39.7692,0.382,4.0222,,,,,
000155.SZ,20230630,20230831,16.3174,5.022,62.988,44.5807,,,37.4889,54.7247,0.31,3.9481,,,,,
000155.SZ,20230331,20230428,20.0788,2.9868,69.0594,51.7586,,,20.4141,31.9706,0.19,3.8244,,,,,
000155.SZ,20230331,20230428,20.0788,2.9868,69.0594,51.7586,,,20.4141,31.9706,0.19,3.8244,,,,,
000156.SZ,20251231,20260321,3.1091,1.1595,29.5059,5.1818,,,-12.6508,-7.2916,0.25,8.1315,,,,,
000156.SZ,20250930,20251031,3.1139,0.8518,29.6508,5.4626,,,-0.7685,-9.5614,0.1884,8.0703,,,,,
000156.SZ,20250630,20250830,3.3718,0.6498,29.6191,5.7746,,,4.6311,-6.1175,0.1371,8.199,,,,,
000156.SZ,20250331,20250430,3.4812,0.3319,30.8576,6.1168,,,17.16,0.1836,0.0705,8.1324,,,,,
000156.SZ,20241231,20250320,3.5887,1.3644,30.4084,5.7673,,,-22.4967,-27.231,0.29,8.0619,,,,,
000156.SZ,20240930,20241031,3.1712,0.9963,31.8214,5.5397,,,-33.7585,-28.895,0.1898,7.9635,,,,,
000156.SZ,20240630,20240831,3.25,0.7283,31.5523,5.5978,,,-32.7969,-26.5036,0.131,8.1246,,,,,
000156.SZ,20240331,20240430,2.9976,0.3318,30.6234,5.3854,,,-27.8154,-16.8071,0.06,8.0538,,,,,
000156.SZ,20240331,20240430,2.9976,0.3318,30.6234,5.3854,,,-27.8154,-16.8071,nan,7.608,,,,,
000156.SZ,20231231,20240409,4.6918,2.7535,30.1506,7.2494,,,-13.0701,-12.6395,0.37,7.9993,,,,,
000156.SZ,20230930,20231030,4.8473,1.4011,29.7071,8.0574,,,-8.4885,-7.4959,0.2866,7.914,,,,,
000156.SZ,20230630,20230828,4.906,0.9603,30.3404,8.2624,,,-11.2103,-7.0372,0.1949,8.0424,,,,,
000156.SZ,20230331,20230429,4.224,0.4237,29.0227,7.2958,,,1.6628,7.4109,0.083,7.9307,,,,,
000156.SZ,20230331,20230429,4.224,0.4237,29.0227,7.2958,,,1.6628,7.4109,0.083,7.9307,,,,,
000157.SZ,20251231,20260331,8.4712,4.6715,28.039,9.8007,,,38.0104,32.0626,0.56,6.6564,,,,,
000157.SZ,20250930,20251031,9.0543,3.8095,28.0988,11.0479,,,24.8916,20.5472,0.45,6.744,,,,,
000157.SZ,20250630,20250830,9.6772,2.6859,28.1461,11.666,,,20.8357,16.1965,0.32,6.6072,,,,,
000157.SZ,20250331,20250430,9.7688,1.3774,28.6745,12.5117,,,53.9822,47.9138,0.16,6.724,,,,,
000157.SZ,20241231,20250325,6.2009,3.3789,28.1673,8.8148,,,0.4098,4.1686,0.41,6.5841,,,,,
000157.SZ,20240930,20241031,7.3737,2.9074,28.3715,10.1564,,,9.9458,15.7342,0.38,6.5813,,,,,
000157.SZ,20240630,20240830,8.1534,2.1569,28.3106,10.3607,,,12.1534,17.0168,0.28,6.435,,,,,
000157.SZ,20240630,20240830,8.1534,2.1569,28.3106,10.3607,,,12.1534,17.0168,nan,6.435,,,,,
000157.SZ,20240331,20240430,6.4492,0.8401,28.654,8.6678,,,13.0551,25.4354,0.11,6.5913,,,,,
000157.SZ,20240331,20240430,6.4492,0.8401,28.654,8.6678,,,13.0551,25.4354,0.11,6.5913,,,,,
000157.SZ,20231231,20240329,6.3087,3.1485,27.5424,8.0105,,,52.0356,74.0116,0.43,6.5,,,,,
000157.SZ,20230930,20231031,6.9936,2.5705,27.7558,8.6238,,,31.6523,30.5956,0.34,6.2368,,,,,
000157.SZ,20230930,20231031,6.9936,2.5705,27.7558,8.6238,,,31.6523,30.5956,0.34,6.2368,,,,,
000157.SZ,20230630,20230831,7.5578,1.9124,27.8954,9.2216,,,18.8995,19.0771,0.25,6.1341,,,,,
000157.SZ,20230331,20230428,5.9272,0.7095,26.3938,8.237,,,-10.625,-9.1071,0.1,6.2909,,,,,
000157.SZ,20230331,20230428,5.9272,0.7095,26.3938,8.237,,,-10.625,-9.1071,0.1,6.2909,,,,,
000158.SZ,20251231,20260403,0.6206,1.3936,14.0032,0.3978,,,105.6358,101.6761,0.02,3.3809,,,,,
000158.SZ,20250930,20251029,-3.9116,0.1837,11.1233,-3.0682,,,48.0506,57.4693,-0.0972,3.2636,,,,,
000158.SZ,20250630,20250819,-3.492,0.0928,10.9908,-2.5321,,,63.3941,69.8642,-0.0582,3.3021,,,,,
000158.SZ,20250331,20250430,-7.496,-0.31,10.4027,-8.038,,,27.6652,32.252,-0.06,3.2986,,,,,
000158.SZ,20241231,20250429,-10.5706,-2.2317,9.5593,-6.9968,,,-408.8485,-303.9943,-0.37,3.3616,,,,,
000158.SZ,20240930,20241028,-6.6421,-0.9284,10.1364,-6.1963,,,-118.4329,-138.5008,-0.178,3.4834,,,,,
000158.SZ,20240630,20240829,-8.499,-1.0319,10.5397,-9.1168,,,-385.1173,-619.1227,-0.1524,3.5099,,,,,
000158.SZ,20240331,20240430,-9.0596,-0.5621,7.5604,-15.747,,,-60.3929,-57.1344,-0.082,3.5805,,,,,
000158.SZ,20231231,20240429,-1.6301,0.4982,11.4187,-1.4144,,,53.6891,38.4721,-0.06,3.6624,,,,,
000158.SZ,20230930,20231030,-2.9509,-0.0027,12.1795,-3.2853,,,3.9564,24.415,-0.0815,3.6412,,,,,
000158.SZ,20230630,20230830,-1.695,0.329,11.8688,-2.0022,,,15.6467,58.6022,-0.0314,3.6913,,,,,
000158.SZ,20230331,20230428,-5.5332,-0.2476,12.3193,-7.437,,,5.4742,18.1951,-0.0511,3.6713,,,,,
000158.SZ,20230331,20230428,-5.5332,-0.2476,12.3193,-7.437,,,5.4742,18.1951,-0.0511,3.6713,,,,,
000159.SZ,20251231,20260411,1.8647,2.8569,12.3255,1.9079,,,108.6643,111.3149,0.0791,4.2756,,,,,
000159.SZ,20250930,20251031,1.3205,1.8385,10.8187,1.5376,,,104.4481,106.5833,0.04,4.2402,,,,,
000159.SZ,20250630,20250725,2.4364,1.5401,11.0758,2.6129,,,17.1648,73.7574,0.0515,4.2527,,,,,
000159.SZ,20250630,20250725,2.4364,1.5401,11.0758,2.6129,,,17.1648,73.7574,0.0515,4.2527,,,,,
000159.SZ,20250331,20250425,1.7,0.6734,13.2886,2.3939,,,4.8314,13.0273,0.0179,4.2252,,,,,
000159.SZ,20241231,20250328,-19.6615,-11.1449,9.7707,-17.035,,,-643.012,-615.9652,-0.9128,4.2073,,,,,
000159.SZ,20240930,20241025,-27.0956,-11.9049,6.8005,-18.5877,,,-883.5916,-761.6832,-0.94,4.1778,,,,,
000159.SZ,20240630,20240806,1.722,0.9313,4.9219,1.1157,,,-21.1749,-37.8792,0.044,5.1379,,,,,
000159.SZ,20240331,20240429,1.3436,0.5018,6.3812,1.162,,,71.4661,-13.5073,0.0171,5.0986,,,,,
000159.SZ,20231231,20240425,3.2538,3.5332,6.0494,1.7877,,,-72.8735,-73.7859,0.1681,5.0782,,,,,
000159.SZ,20230930,20231030,3.1101,2.4292,4.4199,1.3374,,,-80.6654,-84.3247,0.12,5.036,,,,,
000159.SZ,20230630,20230815,2.1818,1.2046,3.6172,0.8047,,,-91.0977,-92.371,0.0558,4.9747,,,,,
000159.SZ,20230630,20230815,2.1818,1.2046,3.6172,0.8047,,,-91.0977,-92.371,0.0558,4.9747,,,,,
000159.SZ,20230331,20230427,0.7588,0.5065,2.2052,0.469,,,-77.2248,-59.2319,0.01,5.2569,,,,,
000159.SZ,20230331,20230427,0.7588,0.5065,2.2052,0.469,,,-77.2248,-59.2319,0.01,5.2569,,,,,
000166.SZ,20251231,20260328,8.7875,None,None,43.4011,,,82.46,76.48,0.38,4.4568,,,,,
000166.SZ,20250930,20251031,9.8976,None,None,45.0926,,,108.22,100.3264,0.32,4.4406,,,,,
000166.SZ,20250630,20250830,8.0356,None,None,41.068,,,101.32,78.0763,0.17,4.332,,,,,
000166.SZ,20250331,20250430,7.4832,None,None,41.0052,,,35.62,41.5605,0.08,4.2575,,,,,
000166.SZ,20241231,20250329,5.0853,None,None,25.2699,,,13.12,20.13,0.21,4.1847,,,,,
000166.SZ,20240930,20241031,5.0513,None,None,26.9876,,,-11.44,-3.8408,0.15,4.1172,,,,,
000166.SZ,20240630,20240831,4.214,None,None,26.3215,,,-43.22,-32.6209,0.08,4.0675,,,,,
000166.SZ,20240331,20240430,5.49,None,None,29.1658,,,-31.0,-23.8944,0.06,4.0757,,,,,
000166.SZ,20231231,20240329,4.7199,None,None,25.4653,,,65.16,96.98,0.18,3.9994,,,,,
000166.SZ,20230930,20231031,5.9549,None,None,30.7922,,,1.6,10.807,0.17,3.9791,,,,,
000166.SZ,20230630,20230831,7.7278,None,None,34.8873,,,11.48,21.19,0.15,3.9514,,,,,
000166.SZ,20230331,20230429,8.356,None,None,38.1573,,,87.77,126.8422,0.08,3.8933,,,,,
000166.SZ,20230331,20230429,8.356,None,None,38.1573,,,87.77,126.8422,0.08,3.8933,,,,,
000301.SZ,20251231,20260429,0.3926,2.0547,10.7681,0.0947,,,105.8231,92.3644,0.02,5.0219,,,,,
000301.SZ,20250930,20251031,0.4931,1.516,9.9173,0.119,,,108.9081,89.2865,0.02,5.0556,,,,,
000301.SZ,20250630,20250830,2.2528,1.187,10.1413,0.637,,,21.2417,3269.086,0.06,5.0879,,,,,
000301.SZ,20250331,20250429,3.9784,0.6854,9.8918,1.1518,,,38.1863,430.1579,0.05,5.0923,,,,,
000301.SZ,20241231,20250429,-6.611,0.5671,8.4347,-1.6589,,,-420.3264,-1523.1437,-0.35,5.0107,,,,,
000301.SZ,20240930,20241031,-5.5047,0.6492,8.5839,-1.3341,,,-155.9637,-169.5803,-0.21,4.8987,,,,,
000301.SZ,20240630,20240830,1.8072,1.2268,10.6149,0.4173,,,-81.5937,-100.3638,0.05,5.1663,,,,,
000301.SZ,20240331,20240430,2.778,0.6556,10.8855,0.6647,,,-66.5301,-93.403,0.04,5.255,,,,,
000301.SZ,20240331,20240430,2.778,0.6556,10.8855,0.6647,,,-66.5301,-93.403,nan,3.6191,,,,,
000301.SZ,20231231,20240426,2.0155,2.0948,11.2691,0.5064,,,17.3536,-51.3136,0.11,5.2251,,,,,
000301.SZ,20230930,20231028,9.0131,2.8701,12.913,2.3902,,,57.1477,60.6661,0.37,5.5556,,,,,
000301.SZ,20230630,20230811,9.2714,1.8944,13.5118,2.5486,,,3.2087,5.0965,0.25,5.4293,,,,,
000301.SZ,20230331,20230421,7.9548,0.8886,14.3172,2.4182,,,4.7525,9.8803,0.11,5.3732,,,,,
000301.SZ,20230331,20230421,7.9548,0.8886,14.3172,2.4182,,,4.7525,9.8803,0.11,5.3732,,,,,
000333.SZ,20251231,20260331,19.9765,7.7241,26.391,9.7535,,,14.0336,14.1938,5.8,29.3823,,,,,
000333.SZ,20250930,20251030,23.1009,6.8293,25.874,10.6424,,,19.5093,19.8111,4.98,28.708,,,,,
000333.SZ,20250630,20250830,24.0388,4.5192,25.6199,10.6112,,,25.0407,23.4519,3.41,28.1901,,,,,
000333.SZ,20250331,20250430,22.2532,2.1734,25.4471,9.9703,,,38.0247,41.9183,1.64,30.0018,,,,,
000333.SZ,20250331,20250430,22.2532,2.1734,25.4471,9.9703,,,38.0247,41.9183,1.64,30.0018,,,,,
000333.SZ,20241231,20250329,20.3026,7.693,26.419,9.5192,,,14.2862,15.0712,5.44,28.3113,,,,,
000333.SZ,20240930,20241031,22.7376,6.5785,26.756,10.0795,,,14.3651,13.0088,4.58,27.308,,,,,
000333.SZ,20240630,20240820,25.396,4.6,27.0932,9.7302,,,14.1062,14.6176,3.02,23.6095,,,,,
000333.SZ,20240331,20240430,21.4684,1.9197,27.3202,8.5167,,,11.9146,11.1491,1.31,24.7525,,,,,
000333.SZ,20231231,20240328,22.0526,7.9538,26.4909,9.0704,,,14.0979,15.9771,4.93,23.1831,,,,,
000333.SZ,20230930,20231031,24.7068,6.9749,25.8438,9.717,,,13.2716,17.8525,4.06,22.2204,,,,,
000333.SZ,20230630,20230831,25.2086,4.5978,25.236,9.406,,,13.9839,17.9485,2.67,20.8438,,,,,
000333.SZ,20230331,20230429,21.7872,2.0089,24.0409,8.462,,,12.0359,15.2551,1.18,21.6896,,,,,
000333.SZ,20230331,20230429,21.7872,2.0089,24.0409,8.462,,,12.0359,15.2551,1.18,21.6896,,,,,
000338.SZ,20251231,20260327,12.1527,4.5776,21.4754,5.9015,,,-4.146,-7.7712,1.27,10.6948,,,,,
000338.SZ,20250930,20251031,13.0976,3.5816,21.909,6.362,,,5.6724,-1.3423,1.03,10.791,,,,,
000338.SZ,20250630,20250830,12.8094,2.1067,22.1796,5.8006,,,-4.4042,-18.5749,0.65,10.2725,,,,,
000338.SZ,20250331,20250430,12.3084,0.9124,22.2276,4.9104,,,4.2661,-25.0114,0.31,10.2538,,,,,
000338.SZ,20250331,20250430,12.3084,0.9124,22.2276,4.9104,,,4.2661,-25.0114,0.31,10.2538,,,,,
000338.SZ,20241231,20250328,13.7363,5.1304,22.4329,6.6195,,,26.5079,35.0456,1.31,9.9348,,,,,
000338.SZ,20240930,20241031,13.5167,3.7357,21.8623,6.3857,,,29.2326,33.595,0.97,9.9016,,,,,
000338.SZ,20240630,20240823,14.459,2.6189,21.7494,6.5551,,,51.4086,60.1999,0.68,9.6237,,,,,
000338.SZ,20240331,20240430,12.8248,1.2769,22.1102,5.9324,,,40.073,59.72,0.3,9.4919,,,,,
000338.SZ,20231231,20240326,11.82,4.36,21.0864,5.2401,,,83.769,121.2062,1.04,9.0912,,,,,
000338.SZ,20230930,20231031,11.5144,3.2328,20.2271,4.9862,,,96.2882,146.7596,0.75,8.8658,,,,,
000338.SZ,20230630,20230831,10.3848,1.9216,19.439,4.5088,,,63.0699,65.8252,0.45,8.8232,,,,,
000338.SZ,20230630,20230831,10.3848,1.9216,19.439,4.5088,,,63.0699,65.8252,0.45,8.8232,,,,,
000338.SZ,20230331,20230429,9.9808,0.8898,18.7005,4.2021,,,68.2935,52.8833,0.21,8.6607,,,,,
000338.SZ,20230331,20230429,9.9808,0.8898,18.7005,4.2021,,,68.2935,52.8833,0.21,8.6607,,,,,
000400.SZ,20251231,20260411,9.9566,5.5017,23.3572,8.7504,,,4.5021,5.3195,1.1531,11.9285,,,,,
000400.SZ,20250930,20251028,10.3884,4.2084,23.8815,10.5622,,,0.7534,1.4848,0.8908,11.6276,,,,,
000400.SZ,20250630,20250821,10.9734,3.0085,23.7511,11.006,,,0.9647,1.6637,0.6271,11.5947,,,,,
000400.SZ,20250331,20250411,7.2792,1.1422,23.4693,10.0642,,,-12.4711,-10.6016,0.2054,11.3049,,,,,
000400.SZ,20250331,20250411,7.2792,1.1422,23.4693,10.0642,,,-12.4711,-10.6016,0.2054,11.3049,,,,,
000400.SZ,20241231,20250411,10.1537,5.7348,20.7741,7.5614,,,11.0943,14.3362,1.1018,11.086,,,,,
000400.SZ,20240930,20241031,10.8228,4.7337,21.9411,10.6677,,,10.41,3.8707,0.8842,11.1297,,,,,
000400.SZ,20240930,20241031,10.8228,4.7337,21.9411,10.6677,,,10.41,3.8707,0.8842,11.1297,,,,,
000400.SZ,20240630,20240830,11.5394,3.4142,20.9034,10.5759,,,10.3455,5.4083,0.6195,10.8527,,,,,
000400.SZ,20240331,20240430,8.7584,1.2946,18.27,9.3804,,,47.3889,30.5938,0.2352,10.7528,,,,,
000400.SZ,20231231,20240411,9.6739,5.7452,17.9976,6.9517,,,28.0314,11.5862,0.9971,10.5053,,,,,
000400.SZ,20230930,20231028,9.8888,4.9177,18.726,8.4975,,,19.1137,14.0022,0.7657,10.5393,,,,,
000400.SZ,20230930,20231028,9.8888,4.9177,18.726,8.4975,,,19.1137,14.0022,0.7657,10.5393,,,,,
000400.SZ,20230630,20230829,10.6568,3.5111,18.7344,9.0787,,,20.6507,15.3743,0.5438,10.4142,,,,,
000400.SZ,20230331,20230422,5.8832,1.047,13.2091,5.4614,,,48.4784,42.5158,0.1482,10.1518,,,,,
000400.SZ,20230331,20230422,5.8832,1.047,13.2091,5.4614,,,48.4784,42.5158,0.1482,10.1518,,,,,
000401.SZ,20251231,20260327,0.7921,1.8674,22.1352,0.5241,,,122.0685,158.8794,0.082,10.259,,,,,
000401.SZ,20250930,20251029,0.1952,1.0897,21.0633,0.0876,,,113.5981,202.5095,0.0143,10.2263,,,,,
000401.SZ,20250630,20250828,-1.1192,0.4712,20.4177,-1.5271,,,80.9439,101.9852,-0.0594,10.1372,,,,,
000401.SZ,20250630,20250828,-1.1192,0.4712,20.4177,-1.5271,,,80.9439,101.9852,-0.0594,10.1372,,,,,
000401.SZ,20250331,20250430,-12.8344,-1.3538,8.458,-23.8472,,,19.9111,28.2524,-0.328,9.9575,,,,,
000401.SZ,20250331,20250430,-12.8344,-1.3538,8.458,-23.8472,,,19.9111,28.2524,-0.328,9.9575,,,,,
000401.SZ,20241231,20250328,-3.5155,-0.5855,18.1046,-4.4919,,,33.1409,60.3636,-0.373,10.2964,,,,,
000401.SZ,20240930,20241030,-1.3865,0.3384,18.1274,-2.2139,,,3.8403,47.9911,-0.1116,10.5579,,,,,
000401.SZ,20240630,20240831,-5.7102,-0.9229,13.7518,-7.9563,,,-120.1805,-57.7172,-0.3033,10.3307,,,,,
000401.SZ,20240331,20240427,-15.6072,-1.9309,-2.2524,-36.2998,,,-38.6829,-30.6017,-0.413,10.2721,,,,,
000401.SZ,20231231,20240328,-5.0437,-2.1212,11.7805,-6.1924,,,-210.362,-213.551,-0.564,10.6942,,,,,
000401.SZ,20230930,20231028,-1.416,-0.0414,14.5075,-2.0025,,,-119.7186,-124.1452,-0.1212,11.1731,,,,,
000401.SZ,20230630,20230825,-2.4344,-0.3453,12.9135,-3.1425,,,-132.3419,-135.9163,-0.1388,11.1503,,,,,
000401.SZ,20230331,20230426,-10.4576,-1.3457,5.0296,-17.1614,,,-239.765,-258.1674,-0.298,11.1414,,,,,
000401.SZ,20230331,20230426,-10.4576,-1.3457,5.0296,-17.1614,,,-239.765,-258.1674,-0.298,11.1414,,,,,
000402.SZ,20251231,20260429,-24.257,-2.7689,10.3897,-76.4002,,,51.4222,53.0572,-1.8,6.5275,,,,,
000402.SZ,20250930,20251031,-7.4317,-0.2162,13.0916,-23.5796,,,48.3896,38.657,-0.45,7.877,,,,,
000402.SZ,20250630,20250819,-8.267,-0.2583,11.5471,-23.7723,,,49.2011,36.2295,-0.34,7.9913,,,,,
000402.SZ,20250331,20250429,-6.1828,-0.0167,8.8161,-16.5351,,,-36.1302,-217.1182,-0.13,8.1973,,,,,
000402.SZ,20250331,20250429,-6.1828,-0.0167,8.8161,-16.5351,,,-36.1302,-217.1182,-0.13,8.1973,,,,,
000402.SZ,20241231,20250429,-36.447,-6.9234,3.0044,-60.5828,,,-469.6898,-331.6753,-3.71,8.325,,,,,
000402.SZ,20240930,20241031,-10.0639,-1.0138,5.7204,-23.519,,,-95.3699,-64.6211,-0.87,11.1584,,,,,
000402.SZ,20240630,20240831,-11.3508,-0.7728,6.2292,-20.9758,,,-172.3368,-124.0454,-0.66,11.3694,,,,,
000402.SZ,20240331,20240430,-3.1316,0.2418,9.9991,-3.5375,,,-32.7929,33.1928,-0.09,11.9395,,,,,
000402.SZ,20231231,20240412,-5.2678,-0.5689,7.3416,-17.1559,,,-329.8752,-366.6921,-0.65,12.0238,,,,,
000402.SZ,20230930,20231031,-4.7927,-0.2389,8.8144,-17.7517,,,-197.0015,-196.619,-0.45,12.2268,,,,,
000402.SZ,20230630,20230831,-3.8814,-0.0205,13.9636,-14.6036,,,-163.4241,-160.2211,-0.24,12.4309,,,,,
000402.SZ,20230331,20230429,-2.2328,0.1336,18.1479,-8.217,,,-122.5944,-119.3676,-0.07,12.619,,,,,
000402.SZ,20230331,20230429,-2.2328,0.1336,18.1479,-8.217,,,-122.5944,-119.3676,-0.07,12.619,,,,,
000403.SZ,20251231,20260429,5.2367,4.9584,41.5345,15.9361,,,-43.7469,-40.111,0.44,8.5102,,,,,
000403.SZ,20250930,20251029,5.9715,4.0273,46.3184,22.093,,,-34.1884,-32.4523,0.38,8.4448,,,,,
000403.SZ,20250930,20251029,5.9715,4.0273,46.3184,22.093,,,-34.1884,-32.4523,0.38,8.4448,,,,,
000403.SZ,20250630,20250822,5.9584,2.7114,47.6276,23.915,,,-27.8886,-25.2996,0.25,8.3171,,,,,
000403.SZ,20250331,20250424,4.4716,1.0105,48.0605,23.7394,,,-26.9453,-26.3199,0.12,10.9616,,,,,
000403.SZ,20241231,20250424,9.7089,8.9858,49.1315,28.0652,,,21.7623,26.6296,1.02,10.8397,,,,,
000403.SZ,20240930,20241028,9.484,6.5855,50.5157,28.7133,,,66.3828,71.4147,0.7425,10.6838,,,,,
000403.SZ,20240630,20240828,8.6938,3.9575,50.1969,28.7786,,,128.4413,137.0405,0.4474,10.3895,,,,,
000403.SZ,20240331,20240427,6.5124,1.4672,51.4188,27.9748,,,116.3127,136.0389,0.1669,10.3052,,,,,
000403.SZ,20231231,20240427,8.5633,7.5852,51.4808,26.2578,,,4.2545,4.787,0.8384,10.1346,,,,,
000403.SZ,20230930,20231031,6.212,4.0173,50.0483,23.6987,,,-6.6785,-6.4231,0.446,9.7391,,,,,
000403.SZ,20230630,20230824,4.147,1.6145,48.7477,20.1674,,,-35.2338,-36.299,0.1958,9.4705,,,,,
000403.SZ,20230331,20230429,3.2684,0.6152,48.4102,21.5511,,,-46.6158,-47.4009,0.0771,9.4603,,,,,
000403.SZ,20230331,20230429,3.2684,0.6152,48.4102,21.5511,,,-46.6158,-47.4009,0.0771,9.4603,,,,,
000404.SZ,20251231,20260418,11.717,5.5761,13.79,5.8078,,,9.8977,9.2763,0.7141,6.224,,,,,
000404.SZ,20250930,20251023,12.1088,4.3229,13.4175,5.618,,,1.0455,2.3342,0.5516,6.1095,,,,,
000404.SZ,20250930,20251023,12.1088,4.3229,13.4175,5.618,,,1.0455,2.3342,0.5516,6.1095,,,,,
000404.SZ,20250630,20250806,12.4214,2.8448,12.685,5.3412,,,13.4168,11.2671,0.3696,5.9928,,,,,
000404.SZ,20250331,20250419,9.6388,1.1024,9.8622,3.9456,,,25.5788,15.7792,0.1442,6.0582,,,,,
000404.SZ,20241231,20250419,11.344,4.8372,12.7711,5.3066,,,24.313,26.0273,0.6469,5.9102,,,,,
000404.SZ,20240930,20241023,12.8201,3.8331,12.8027,5.3829,,,36.6774,32.1734,0.5401,5.7411,,,,,
000404.SZ,20240630,20240808,11.828,2.2028,11.4179,4.7574,,,37.6534,35.8527,0.3259,5.5273,,,,,
000404.SZ,20240331,20240420,8.3076,0.8617,9.9941,3.4582,,,26.9633,36.0345,0.1148,5.5635,,,,,
000404.SZ,20231231,20240329,9.7647,4.0111,13.2182,4.1222,,,37.8334,24.2977,0.5203,5.4942,,,,,
000404.SZ,20230930,20231024,10.0035,3.2705,11.4377,3.7718,,,89.8668,78.4586,0.3952,5.3714,,,,,
000404.SZ,20230630,20230808,9.126,1.9978,9.9704,3.1197,,,106.6685,94.3214,0.2368,5.2138,,,,,
000404.SZ,20230630,20230808,9.126,1.9978,9.9704,3.1197,,,106.6685,94.3214,nan,5.2138,,,,,
000404.SZ,20230331,20230420,6.9376,0.7424,8.867,2.1379,,,92.474,52.0992,0.0904,5.2658,,,,,
000404.SZ,20230331,20230420,6.9376,0.7424,8.867,2.1379,,,92.474,52.0992,0.0904,5.2658,,,,,
000407.SZ,20251231,20260325,5.1821,4.9635,16.3055,4.9267,,,32.8666,41.3718,0.177,3.4702,,,,,
000407.SZ,20251231,20260325,5.2662,4.8104,16.3055,4.9267,,,32.8666,41.3718,nan,nan,,,,,
000407.SZ,20250930,20251028,5.3331,3.6973,16.0413,4.9712,,,9.4322,15.109,0.1364,3.4612,,,,,
000407.SZ,20250630,20250820,5.923,2.691,15.5207,5.1839,,,7.7743,3.9648,0.1005,3.4256,,,,,
000407.SZ,20250331,20250426,3.6928,0.9659,12.3019,3.1294,,,37.5606,10.6945,0.0312,3.3944,,,,,
000407.SZ,20250331,20250426,3.6928,0.9659,12.3019,3.1294,,,37.5606,10.6945,0.0312,3.3944,,,,,
000407.SZ,20241231,20250322,4.0138,3.9207,16.1533,3.2896,,,-23.5678,-33.6504,0.13,3.3611,,,,,
000407.SZ,20240930,20241026,5.0159,3.4639,15.7427,3.9436,,,7.6236,-14.3505,0.1247,3.3517,,,,,
000407.SZ,20240930,20241026,5.0159,3.4639,15.7427,3.9436,,,7.6236,-14.3505,0.1247,3.3517,,,,,
000407.SZ,20240630,20240817,5.654,2.7243,15.7619,4.8579,,,0.9995,-7.3779,0.0932,3.3198,,,,,
000407.SZ,20240331,20240425,2.7568,0.9498,12.1668,2.4704,,,-12.1727,-23.3167,0.0227,3.3016,,,,,
000407.SZ,20231231,20240323,5.4672,5.3593,16.0278,4.5677,,,0.4218,20.1818,0.17,3.2769,,,,,
000407.SZ,20230930,20231028,4.9029,3.8649,16.3674,4.3664,,,-27.9436,-19.1465,0.1158,3.2018,,,,,
000407.SZ,20230630,20230819,5.8848,2.7611,15.5228,4.7339,,,-9.9824,-0.8698,0.092,3.1763,,,,,
000407.SZ,20230331,20230429,3.3164,1.1646,13.3282,2.874,,,-26.3723,-5.972,0.0258,3.1275,,,,,
000407.SZ,20230331,20230429,3.3164,1.1646,13.3282,2.874,,,-26.3723,-5.972,0.0258,3.1275,,,,,
000408.SZ,20251231,20260314,25.5897,24.7698,59.2391,107.2835,,,49.3168,47.6532,2.46,10.3447,,,,,
000408.SZ,20250930,20251017,25.3161,18.5497,59.4164,114.2124,,,47.2636,41.2048,1.7566,9.6231,,,,,
000408.SZ,20250630,20250802,24.3366,11.9506,56.6595,106.9771,,,38.7983,28.7386,1.1526,10.0134,,,,,
000408.SZ,20250331,20250419,21.0996,5.0443,52.3677,135.0458,,,41.185,39.411,0.48,9.2133,,,,,
000408.SZ,20241231,20250329,19.1658,18.5119,44.9095,79.0351,,,-24.5592,-29.7208,1.64,8.7729,,,,,
000408.SZ,20240930,20241026,18.9596,13.8881,45.1786,80.059,,,-37.075,-36.9559,1.1894,8.3615,,,,,
000408.SZ,20240630,20240810,19.8138,9.7089,49.0745,73.3253,,,-35.9866,-34.0357,0.8258,8.3053,,,,,
000408.SZ,20240331,20240430,15.8824,4.0302,50.1443,85.7979,,,-42.5082,-48.3072,0.34,8.6063,,,,,
000408.SZ,20231231,20240321,27.1619,27.8107,65.2455,65.2992,,,-39.5244,-38.7377,2.18,8.2621,,,,,
000408.SZ,20230930,20231020,32.2888,24.7403,67.8828,70.7411,,,-28.7401,-31.7738,1.8902,7.8413,,,,,
000408.SZ,20230630,20230725,32.6434,16.6877,71.1715,72.3651,,,-15.4589,-18.7199,1.2901,8.0381,,,,,
000408.SZ,20230630,20230725,32.6434,16.6877,71.1715,72.3651,,,-15.4589,-18.7199,1.2901,8.0381,,,,,
000408.SZ,20230331,20230418,31.0984,7.9423,69.0735,67.0185,,,13.057,15.0228,0.5825,7.3135,,,,,
000409.SZ,20251231,20260409,5.2809,4.2474,30.507,7.4921,,,-11.1473,-11.2048,0.1241,2.3696,,,,,
000409.SZ,20250930,20251027,4.3757,2.4298,30.9938,7.6992,,,-37.2902,-28.7557,0.0763,2.3207,,,,,
000409.SZ,20250630,20250827,5.4416,2.1528,30.829,8.8281,,,-42.3582,-32.424,0.0631,2.3081,,,,,
000409.SZ,20250331,20250424,8.226,1.1596,26.8626,10.3939,,,-33.2391,-33.6514,0.0474,2.279,,,,,
000409.SZ,20250331,20250424,8.226,1.1596,26.8626,10.3939,,,-33.2391,-33.6514,0.0474,2.28,,,,,
000409.SZ,20241231,20250409,6.2523,4.7514,32.7809,9.4112,,,50.1079,6.5165,0.1396,2.2321,,,,,
000409.SZ,20240930,20241029,7.3151,3.5728,32.9146,11.6633,,,115.794,14.6747,0.1216,2.2074,,,,,
000409.SZ,20240630,20240823,9.8964,3.3294,32.7707,13.1614,,,113.4265,40.6926,0.1094,2.1954,,,,,
000409.SZ,20240331,20240425,12.9624,1.885,30.1382,12.5236,,,100.8564,25.0356,0.0697,2.1534,,,,,
000409.SZ,20231231,20240418,4.3503,4.7655,38.192,9.9446,,,146.1668,68.4258,0.093,2.1866,,,,,
000409.SZ,20230930,20231027,3.5485,3.2525,41.5186,10.1337,,,122.7768,40.4492,0.0564,2.1463,,,,,
000409.SZ,20230630,20230824,4.8464,2.4484,41.3132,11.8223,,,273.1196,58.4354,0.0513,2.1411,,,,,
000409.SZ,20230630,20230824,4.8464,2.4484,41.3132,11.8223,,,273.1196,58.4354,0.0513,2.1411,,,,,
000409.SZ,20230331,20230429,6.7052,1.544,36.9439,13.6572,,,801.1846,354.9125,0.0353,2.1252,,,,,
000409.SZ,20230331,20230429,6.7052,1.544,36.9439,13.6572,,,801.1846,354.9125,0.0353,2.1252,,,,,
000410.SZ,20251231,20260429,-0.3646,0.4673,14.3759,0.1526,,,-111.9076,-74.7204,-0.0039,1.5885,,,,,
000410.SZ,20250930,20251030,0.0579,0.4784,14.4777,0.6572,,,101.669,140.5038,0.0005,1.7886,,,,,
000410.SZ,20250630,20250830,4.4594,1.2785,15.3247,2.8625,,,182.0014,280.3285,0.0171,1.0878,,,,,
000410.SZ,20250331,20250424,-12.2536,-0.7373,8.9571,-8.213,,,21.7005,23.6349,-0.02,0.4959,,,,,
000410.SZ,20241231,20250424,0.6732,1.2457,8.1329,0.7544,,,-79.6867,-60.2064,0.0034,0.5101,,,,,
000410.SZ,20240930,20241029,-16.7035,-3.1249,8.0507,-12.1946,,,-71.7581,-65.1561,-0.06,0.4472,,,,,
000410.SZ,20240630,20240831,-16.0824,-2.0893,7.4955,-10.7713,,,-36.0601,-29.8254,-0.04,0.4677,,,,,
000410.SZ,20240331,20240430,-15.8604,-1.0609,6.8274,-10.7324,,,-17.0596,-17.6483,-0.02,0.4868,,,,,
000410.SZ,20231231,20240418,3.3819,1.7318,6.8338,1.9439,,,34.9471,-18.4141,0.02,0.5058,,,,,
000410.SZ,20230930,20231031,-9.8044,-1.4029,7.4889,-6.6435,,,-2467.3652,-1453.0935,-0.035,0.4556,,,,,
000410.SZ,20230630,20230825,-12.0978,-1.2251,7.6909,-7.9927,,,-641.1071,-575.0564,-0.03,0.4615,,,,,
000410.SZ,20230331,20230429,-13.9708,-0.7395,8.3126,-9.2637,,,-281.1883,-292.1263,-0.02,0.473,,,,,
000410.SZ,20230331,20230429,-13.9708,-0.7395,8.3126,-9.2637,,,-281.1883,-292.1263,-0.02,0.473,,,,,
000411.SZ,20251231,20260423,10.2905,6.1054,6.9947,1.7934,,,-4.621,2.2518,0.96,9.3945,,,,,
000411.SZ,20250930,20251029,9.1491,4.0527,6.7199,1.526,,,-9.1534,-1.7095,0.6209,8.984,,,,,
000411.SZ,20250930,20251029,9.1491,4.0527,6.7199,1.526,,,-9.1534,-1.7095,0.6209,8.984,,,,,
000411.SZ,20250630,20250828,10.66,3.0062,6.6587,1.7342,,,-3.4513,-2.278,0.48,8.8411,,,,,
000411.SZ,20250331,20250428,8.6,1.2972,6.0028,1.4119,,,-5.7005,-2.0072,0.1941,8.9398,,,,,
000411.SZ,20250331,20250428,8.6,1.2972,6.0028,1.4119,,,-5.7005,-2.0072,0.1941,8.9398,,,,,
000411.SZ,20241231,20250425,11.8219,6.6115,6.8929,1.8348,,,7.5276,1.5332,1.02,8.7394,,,,,
000411.SZ,20240930,20241030,10.8703,4.389,6.671,1.6938,,,-2.8998,-6.7663,0.6868,8.3909,,,,,
000411.SZ,20240630,20240824,11.9586,3.2095,6.749,1.8234,,,-7.4128,-12.5725,0.5,8.2016,,,,,
000411.SZ,20240331,20240427,9.9264,1.4064,6.4101,1.4948,,,56.48,11.256,0.2067,8.2069,,,,,
000411.SZ,20231231,20240420,15.4243,7.0513,6.8427,1.8367,,,130.0877,28.2401,1.09,8.0,,,,,
000411.SZ,20230930,20231028,15.7255,5.1695,6.4401,1.8827,,,128.0194,26.7449,0.8014,7.7368,,,,,
000411.SZ,20230630,20230826,18.6738,3.8736,6.5401,2.1582,,,142.2687,37.7198,0.64,7.4518,,,,,
000411.SZ,20230331,20230429,9.4076,1.4181,6.3405,1.4374,,,43.6723,10.6299,0.1859,11.6982,,,,,
000411.SZ,20230331,20230429,9.4076,1.4181,6.3405,1.4374,,,43.6723,10.6299,0.1859,11.6982,,,,,
000415.SZ,20251231,20260429,-1.3329,4.4487,30.3047,1.9478,,,-144.9061,-22.1628,-0.0656,4.7601,,,,,
000415.SZ,20250930,20251031,-6.0664,2.8614,30.318,-0.7582,,,-186.307,-86.6294,-0.2219,4.6662,,,,,
000415.SZ,20250630,20250830,-13.4632,1.4292,28.225,-4.5853,,,-381.7951,-152.3186,-0.3264,4.6096,,,,,
000415.SZ,20250331,20250430,8.4824,1.3536,24.7477,5.9185,,,72.2134,48.2397,0.1082,5.1195,,,,,
000415.SZ,20250331,20250430,8.4824,1.3536,24.7477,5.9185,,,72.2134,48.2397,0.1082,5.1195,,,,,
000415.SZ,20241231,20250403,2.9602,4.8677,40.7163,6.1598,,,-29.4508,-6.7508,0.1462,5.0886,,,,,
000415.SZ,20240930,20241031,7.0591,3.7915,46.3892,9.606,,,87.3291,103.6391,0.2571,4.9266,,,,,
000415.SZ,20240630,20240831,4.7374,2.3209,46.026,7.5046,,,36.1832,97.2486,0.1158,4.9941,,,,,
000415.SZ,20240331,20240430,5.1848,1.1872,42.4178,7.474,,,58.2119,59.3868,0.0629,4.9115,,,,,
000415.SZ,20231231,20240402,4.4698,4.4288,43.4761,5.4022,,,164.4999,232.6055,0.2072,4.7865,,,,,
000415.SZ,20230930,20231031,3.8912,3.0973,44.5893,4.8138,,,438.5701,3016.7541,0.1373,4.9227,,,,,
000415.SZ,20230630,20230831,3.6296,1.9933,51.2596,4.3585,,,170.4453,191.355,0.0851,4.8903,,,,,
000415.SZ,20230630,20230831,3.6296,1.9933,51.2596,4.3585,,,170.4453,191.355,nan,4.8903,,,,,
000415.SZ,20230331,20230428,3.564,1.0535,50.2403,5.7322,,,133.2998,147.8785,0.0397,4.4334,,,,,
000415.SZ,20230331,20230428,3.564,1.0535,50.2403,5.7322,,,133.2998,147.8785,0.0397,4.4334,,,,,
000417.SZ,20251231,20260418,3.4087,2.9219,24.7083,3.1625,,,-15.9303,-15.4902,0.2054,6.0269,,,,,
000417.SZ,20251231,20260418,3.4087,2.9219,24.7083,3.1625,,,-15.9303,-15.4902,0.2054,6.0269,,,,,
000417.SZ,20250930,20251031,4.8831,2.8249,25.1632,4.3563,,,-17.4849,-14.9625,0.2208,6.0332,,,,,
000417.SZ,20250630,20250820,7.202,2.4859,25.0646,5.6322,,,-9.9314,-3.7022,0.2191,6.1415,,,,,
000417.SZ,20250331,20250430,6.3524,1.111,24.1509,4.3765,,,-28.463,-20.5187,0.0965,6.1265,,,,,
000417.SZ,20241231,20250425,4.1004,3.0655,26.4689,3.7636,,,-27.8205,-16.7027,0.2444,6.0266,,,,,
000417.SZ,20240930,20241030,5.976,3.0127,27.0261,5.1518,,,-20.357,-11.9036,0.2676,6.0498,,,,,
000417.SZ,20240630,20240829,8.0894,2.4936,27.8258,6.3131,,,-24.1368,-17.7902,0.2432,6.1355,,,,,
000417.SZ,20240331,20240430,9.054,1.3525,27.7116,6.4572,,,8.9015,3.9669,0.1349,6.0271,,,,,
000417.SZ,20231231,20240424,5.9388,3.5799,27.6806,5.0347,,,54.3944,37.4902,0.3385,5.8922,,,,,
000417.SZ,20230930,20231025,7.9975,3.3266,27.6751,6.3913,,,31.9863,30.206,0.336,5.6954,,,,,
000417.SZ,20230930,20231025,7.9975,3.3266,27.6751,6.3913,,,31.9863,30.206,nan,5.6954,,,,,
000417.SZ,20230630,20230812,11.4624,3.0202,27.781,8.2452,,,139.4109,98.2422,0.3206,5.68,,,,,
000417.SZ,20230331,20230426,8.958,1.3365,28.5074,6.3505,,,6.3178,8.0732,0.1239,5.5532,,,,,
000417.SZ,20230331,20230426,8.958,1.3365,28.5074,6.3505,,,6.3178,8.0732,0.1239,5.5532,,,,,
000419.SZ,20251231,20260418,3.5893,3.3125,22.5909,7.7683,,,-18.1688,-18.9247,0.2262,6.2387,,,,,
000419.SZ,20250930,20251025,4.7685,3.0766,22.8338,10.0941,,,-14.8908,-20.1391,0.2289,6.434,,,,,
000419.SZ,20250630,20250823,4.6914,2.0706,22.2314,9.6901,,,-26.8565,-28.1683,0.1532,6.6972,,,,,
000419.SZ,20250331,20250426,0.9732,0.5778,22.7264,2.8449,,,-77.869,-60.7878,0.0156,6.4302,,,,,
000419.SZ,20250331,20250426,0.9732,0.5778,22.7264,2.8449,,,-77.869,-60.7878,0.0156,6.4302,,,,,
000419.SZ,20241231,20250419,4.5237,4.1503,22.9323,8.9703,,,15.9339,12.3833,0.2764,6.3653,,,,,
000419.SZ,20240930,20241026,5.9149,4.0824,25.3879,13.0501,,,23.7574,24.3298,0.2689,6.2684,,,,,
000419.SZ,20240930,20241026,5.9149,4.0824,25.3879,13.0501,,,23.7574,24.3298,0.2689,6.2684,,,,,
000419.SZ,20240630,20240824,6.8944,3.0929,26.9223,15.7696,,,12.1049,11.9633,0.2095,6.2966,,,,,
000419.SZ,20240630,20240824,6.8944,3.0929,26.9223,15.7696,,,12.1049,11.9633,0.2095,6.2966,,,,,
000419.SZ,20240331,20240426,4.7128,1.4064,25.3646,10.3752,,,27.0572,37.69,0.0703,6.0843,,,,,
000419.SZ,20231231,20240420,4.1603,3.8506,25.5786,7.6025,,,-11.0767,-19.2465,0.2384,5.8557,,,,,
000419.SZ,20230930,20231026,5.0285,3.4332,27.0071,9.4182,,,-25.2629,-24.9882,0.2173,5.917,,,,,
000419.SZ,20230630,20230825,6.4596,2.8503,26.603,11.8083,,,-19.3001,-18.8971,0.1868,5.9634,,,,,
000419.SZ,20230331,20230429,3.8632,1.2334,26.2797,7.4478,,,-38.8035,-35.9106,0.0554,5.8574,,,,,
000419.SZ,20230331,20230429,3.8632,1.2334,26.2797,7.4478,,,-38.8035,-35.9106,0.0554,5.8574,,,,,
000420.SZ,20251231,20260429,0.5164,2.3803,10.4549,0.5485,,,-17.9788,44.1897,0.0092,1.7948,,,,,
000420.SZ,20250930,20251031,0.9877,1.472,10.9378,0.751,,,-47.413,-31.1488,0.0133,1.7988,,,,,
000420.SZ,20250630,20250828,1.0028,0.9799,11.7881,0.7841,,,-45.0789,-28.165,0.009,1.7945,,,,,
000420.SZ,20250331,20250425,0.7528,0.4075,12.2426,0.5756,,,-60.5895,-74.5873,0.0034,1.7889,,,,,
000420.SZ,20241231,20250425,0.6332,2.3811,13.6872,0.7438,,,-13.8969,1135.7009,0.0113,1.7856,,,,,
000420.SZ,20240930,20241031,1.884,1.808,16.0536,2.1507,,,13.9512,88.15,0.0252,1.7995,,,,,
000420.SZ,20240930,20241031,1.884,1.808,16.0536,2.1507,,,13.9512,88.15,0.0252,1.7995,,,,,
000420.SZ,20240630,20240829,1.8336,1.2585,15.8687,2.2626,,,-17.4771,29.5599,0.0163,1.7906,,,,,
000420.SZ,20240331,20240429,1.9192,0.6547,15.8616,2.2878,,,73.739,892.238,0.0085,1.7828,,,,,
000420.SZ,20231231,20240429,0.7405,2.343,13.0565,0.8613,,,135.1955,83.2989,0.0131,1.7743,,,,,
000420.SZ,20230930,20231028,1.6669,1.788,13.7232,1.9766,,,161.5554,598.0717,0.0222,1.7834,,,,,
000420.SZ,20230630,20230826,2.236,1.3265,13.117,2.8256,,,151.41,216.6349,0.0198,1.781,,,,,
000420.SZ,20230331,20230429,1.114,0.5252,13.073,1.6294,,,124.6491,104.0055,0.0049,1.7661,,,,,
000420.SZ,20230331,20230429,1.114,0.5252,13.073,1.6294,,,124.6491,104.0055,0.0049,1.7661,,,,,
000421.SZ,20251231,20260413,1.7621,2.0363,14.9622,1.2731,,,4.6985,9.6373,0.0836,4.7718,,,,,
000421.SZ,20250930,20251028,5.5929,2.381,13.756,3.1462,,,903.9881,1817.7503,0.2018,4.8916,,,,,
000421.SZ,20250630,20250822,2.3016,0.7673,14.176,1.751,,,276.9379,559.8495,0.0543,4.736,,,,,
000421.SZ,20250630,20250822,2.3016,0.7673,14.176,1.751,,,276.9379,559.8495,0.0543,4.736,,,,,
000421.SZ,20250331,20250429,4.816,0.5019,11.9648,2.1308,,,544.2563,367.5998,0.0571,4.7762,,,,,
000421.SZ,20250331,20250429,4.816,0.5019,11.9648,2.1308,,,544.2563,367.5998,0.0571,4.7762,,,,,
000421.SZ,20241231,20250411,1.6887,1.6054,13.5674,1.3805,,,150.8703,283.5963,0.0795,4.7153,,,,,
000421.SZ,20240930,20241026,-0.7153,0.3712,13.425,-0.3119,,,-163.3955,-85.5312,-0.025,4.5984,,,,,
000421.SZ,20240630,20240822,-1.3178,0.0713,12.2357,-1.0895,,,-163.1242,-209.6943,-0.0306,4.5743,,,,,
000421.SZ,20240331,20240426,0.75,0.1736,10.6551,0.5241,,,334.9103,1262.5668,0.0088,4.7158,,,,,
000421.SZ,20240331,20240426,0.75,0.1736,10.6551,0.5241,,,334.9103,1262.5668,0.0088,4.7158,,,,,
000421.SZ,20231231,20240412,-3.2307,0.0097,14.7061,-2.2362,,,-249.1398,-171.0053,-0.1561,4.7082,,,,,
000421.SZ,20230930,20231027,1.0628,0.8795,16.3367,1.6181,,,195.213,730.3187,0.0393,4.9102,,,,,
000421.SZ,20230630,20230825,-0.4734,0.3029,13.4193,-0.1023,,,53.154,650.0698,-0.0116,4.863,,,,,
000421.SZ,20230331,20230428,-0.3036,0.1349,10.5086,-0.1475,,,83.373,104.2683,-0.0038,4.958,,,,,
000421.SZ,20230331,20230428,-0.3036,0.1349,10.5086,-0.1475,,,83.373,104.2683,-0.0038,4.958,,,,,
000422.SZ,20251231,20260425,11.4181,6.0124,18.1442,5.6311,,,-24.253,-32.9333,0.7452,5.5151,,,,,
000422.SZ,20250930,20251025,16.3207,5.4368,18.4829,6.9511,,,-23.8917,-35.816,0.7484,5.4188,,,,,
000422.SZ,20250630,20250823,12.4488,3.2511,18.7826,6.2772,,,-43.9202,-45.5757,0.3684,5.0387,,,,,
000422.SZ,20250331,20250426,1.8412,0.2994,10.3803,-0.0494,,,-75.1433,-94.9444,0.0314,6.8479,,,,,
000422.SZ,20250331,20250426,1.8412,0.2994,10.3803,-0.0494,,,-75.1433,-94.9444,0.0314,6.8505,,,,,
000422.SZ,20241231,20250403,9.3602,4.8816,13.7447,5.2685,,,44.3235,-10.5485,0.6108,6.7985,,,,,
000422.SZ,20240930,20241029,14.4624,5.4333,14.2403,7.422,,,94.9204,46.0632,0.7132,6.8365,,,,,
000422.SZ,20240630,20240826,15.6666,3.8383,14.0302,7.6517,,,114.2094,87.2315,0.5103,6.8081,,,,,
000422.SZ,20240331,20240427,7.9756,1.2658,10.6647,4.6378,,,-37.8391,-23.202,0.1293,6.7518,,,,,
000422.SZ,20231231,20240413,8.033,5.569,12.6572,4.7198,,,-79.11,-64.149,0.4698,6.2208,,,,,
000422.SZ,20230930,20231028,9.2536,4.2863,11.9124,4.5483,,,-81.8694,-74.5558,0.4177,6.2011,,,,,
000422.SZ,20230630,20230830,10.588,2.6332,11.5414,3.9893,,,-84.8458,-81.6891,0.2811,5.41,,,,,
000422.SZ,20230630,20230830,10.588,2.6332,11.5414,3.9893,,,-84.8458,-81.6891,nan,5.41,,,,,
000422.SZ,20230331,20230429,18.3672,1.7681,12.8775,5.9034,,,-65.5197,-64.0598,0.2451,5.4689,,,,,
000422.SZ,20230331,20230429,18.3672,1.7681,12.8775,5.9034,,,-65.5197,-64.0598,0.2451,5.4689,,,,,
000423.SZ,20251231,20260320,16.843,15.1703,73.4697,25.9485,,,11.663,12.0303,2.7,16.0507,,,,,
000423.SZ,20250930,20251025,16.7679,11.2933,73.6853,26.787,,,10.5333,12.1215,1.9781,15.4476,,,,,
000423.SZ,20250930,20251025,16.7679,11.2933,73.6853,26.787,,,10.5333,12.1215,1.9781,15.4476,,,,,
000423.SZ,20250630,20250822,15.8622,7.3264,73.1252,26.8045,,,10.7389,11.4093,1.2698,16.0103,,,,,
000423.SZ,20250331,20250428,16.1548,3.7251,73.6171,24.7318,,,20.2525,23.9849,0.6615,16.6701,,,,,
000423.SZ,20250331,20250428,16.1548,3.7251,73.6171,24.7318,,,20.2525,23.9849,0.6615,16.6701,,,,,
000423.SZ,20241231,20250318,14.808,13.1704,72.4185,26.3001,,,35.288,35.9082,2.42,16.0102,,,,,
000423.SZ,20240930,20241031,14.8901,9.7564,74.1258,26.6132,,,46.9983,39.8442,1.7926,15.3917,,,,,
000423.SZ,20240630,20240822,14.096,6.4144,73.5388,26.881,,,39.0323,35.6182,1.1489,15.8935,,,,,
000423.SZ,20240331,20240426,13.0196,2.8402,71.7873,24.3269,,,53.4299,46.9234,0.5488,17.0756,,,,,
000423.SZ,20231231,20240322,10.9356,9.7921,70.2432,24.4281,,,47.5489,48.6786,1.79,16.645,,,,,
000423.SZ,20230930,20231031,10.1037,6.8521,70.9377,22.9019,,,52.7931,53.8188,1.2169,16.0786,,,,,
000423.SZ,20230630,20230826,10.3982,4.801,70.3408,24.5429,,,72.2927,82.1551,0.8247,15.6864,,,,,
000423.SZ,20230331,20230426,8.8212,1.9716,70.7826,21.5618,,,100.8581,77.5582,0.3577,16.1456,,,,,
000423.SZ,20230331,20230426,8.8212,1.9716,70.7826,21.5618,,,100.8581,77.5582,0.3577,16.1456,,,,,
000425.SZ,20251231,20260429,10.9748,4.6191,22.608,6.6313,,,8.9594,10.4725,0.57,5.1443,,,,,
000425.SZ,20250930,20251031,13.3744,4.4477,22.3261,7.7836,,,11.6736,19.1914,0.51,5.0939,,,,,
000425.SZ,20250630,20250830,14.5598,3.4816,22.0294,8.0585,,,16.6266,28.0179,0.37,5.1414,,,,,
000425.SZ,20250331,20250429,13.4008,1.6411,22.0716,7.5734,,,26.3683,29.8679,0.171,5.1988,,,,,
000425.SZ,20250331,20250429,13.4008,1.6411,22.0716,7.5734,,,26.3683,29.8679,0.171,5.1988,,,,,
000425.SZ,20241231,20250429,10.3524,4.6515,22.5497,6.5279,,,12.1966,15.758,0.51,5.0193,,,,,
000425.SZ,20240930,20241031,12.3127,3.8594,23.626,7.7389,,,9.7061,5.4362,0.45,4.9794,,,,,
000425.SZ,20240630,20240829,12.7928,2.7929,22.8883,7.5201,,,3.2388,4.6453,0.31,5.0544,,,,,
000425.SZ,20240331,20240430,11.234,1.3451,22.8915,6.6276,,,5.0626,11.9999,0.135,4.8939,,,,,
000425.SZ,20231231,20240430,9.7377,3.9731,22.3849,5.6394,,,23.5141,10.9716,0.45,4.7515,,,,,
000425.SZ,20230930,20231031,11.8509,3.7044,22.901,6.7113,,,3.4954,1.959,0.41,4.7087,,,,,
000425.SZ,20230630,20230831,13.359,2.6298,22.8585,6.8512,,,-2.1001,-5.7119,0.3,4.5888,,,,,
000425.SZ,20230331,20230429,11.3688,1.1389,22.6285,6.5217,,,-26.3769,-28.7492,0.129,4.565,,,,,
000425.SZ,20230331,20230429,11.3688,1.1389,22.6285,6.5217,,,-26.3769,-28.7492,0.129,4.565,,,,,
000426.SZ,20251231,20260422,19.6001,15.7438,57.5904,30.6835,,,11.3985,18.5467,0.9598,5.3443,,,,,
000426.SZ,20250930,20251031,21.3233,11.9497,57.649,33.0219,,,4.9416,7.1056,0.7682,5.1578,,,,,
000426.SZ,20250630,20250826,19.3124,7.4587,56.8965,31.6653,,,-9.9317,-9.5565,0.4481,4.8318,,,,,
000426.SZ,20250331,20250428,18.5124,3.5095,55.5659,31.8569,,,63.2248,61.9873,0.2108,4.6614,,,,,
000426.SZ,20250331,20250428,18.5124,3.5095,55.5659,31.8569,,,63.2248,61.9873,0.2108,4.6614,,,,,
000426.SZ,20241231,20250428,21.2823,16.1636,62.9517,35.1702,,,57.824,56.983,0.835,4.4494,,,,,
000426.SZ,20240930,20241031,24.5339,14.2177,64.3069,38.8335,,,139.4014,126.4455,0.7075,4.1651,,,,,
000426.SZ,20240630,20240828,25.8096,9.6916,64.6314,39.57,,,566.4332,491.8629,0.4808,3.9272,,,,,
000426.SZ,20240331,20240430,13.9264,2.6289,55.91,29.4186,,,1539.3673,949.9351,0.1248,3.6462,,,,,
000426.SZ,20231231,20240430,16.1195,11.6394,52.8765,25.724,,,457.4136,429.9975,0.5276,3.5251,,,,,
000426.SZ,20230930,20231030,12.4563,7.3243,48.4491,22.0757,,,136.2009,121.2445,0.2955,3.3056,,,,,
000426.SZ,20230630,20230829,4.7288,2.2185,40.2438,10.5512,,,3.0282,2.7636,0.0722,3.0819,,,,,
000426.SZ,20230331,20230429,1.0064,0.4974,37.5964,3.0484,,,-76.9573,-67.0056,0.0076,3.0314,,,,,
000426.SZ,20230331,20230429,1.0064,0.4974,37.5964,3.0484,,,-76.9573,-67.0056,0.0076,3.0314,,,,,
000428.SZ,20251231,20260428,-14.5535,-3.7536,8.5867,-49.9859,,,-15.9834,-13.9349,-0.2063,1.3142,,,,,
000428.SZ,20250930,20251029,-14.1501,-2.6828,13.5431,-49.0991,,,-39.9936,-34.6088,-0.1533,1.3679,,,,,
000428.SZ,20250630,20250826,-14.2558,-1.8573,13.1354,-52.1716,,,-35.4615,-35.5901,-0.1047,1.4171,,,,,
000428.SZ,20250331,20250423,-16.6996,-1.1639,2.7363,-64.911,,,-35.2632,-32.0873,-0.0622,1.459,,,,,
000428.SZ,20250331,20250423,-16.6996,-1.1639,2.7363,-64.911,,,-35.2632,-32.0873,-0.0622,1.459,,,,,
000428.SZ,20241231,20250423,-11.2083,-2.7076,16.1753,-38.2853,,,-48.9972,-71.1558,-0.1779,1.5212,,,,,
000428.SZ,20240930,20241031,-8.9928,-1.4342,22.8078,-31.9522,,,-16.5872,-6.7198,-0.1095,1.5942,,,,,
000428.SZ,20240630,20240828,-9.431,-0.9516,23.7725,-32.0061,,,-5.4399,6.5214,-0.0773,1.6257,,,,,
000428.SZ,20240331,20240430,-11.1124,-0.6602,17.278,-42.5535,,,-6.8991,0.6503,-0.046,1.6579,,,,,
000428.SZ,20231231,20240410,-7.1937,-0.2386,21.4967,-24.5083,,,59.5821,59.6318,-0.1232,1.6531,,,,,
000428.SZ,20230930,20231027,-7.2436,-0.9571,26.136,-26.8243,,,46.4311,33.4916,-0.0939,1.6845,,,,,
000428.SZ,20230630,20230829,-8.443,-1.0623,21.8709,-34.4566,,,39.23,20.1839,-0.0733,1.7001,,,,,
000428.SZ,20230331,20230428,-9.8232,-0.5384,15.0486,-44.8735,,,-31.9251,-6.412,-0.043,1.7304,,,,,
000428.SZ,20230331,20230428,-9.8232,-0.5384,15.0486,-44.8735,,,-31.9251,-6.412,-0.043,1.7304,,,,,
000429.SZ,20251231,20260314,16.6913,13.1495,64.5137,55.6782,,,15.3135,14.0588,0.86,5.3167,,,,,
000429.SZ,20250930,20251029,19.3323,11.6236,68.8868,62.9139,,,13.9171,12.7398,0.74,5.1874,,,,,
000429.SZ,20250930,20251029,19.3323,11.6236,68.8868,62.9139,,,13.9171,12.7398,0.74,5.1874,,,,,
000429.SZ,20250630,20250829,20.1544,7.7864,68.2001,67.9847,,,23.5763,19.9631,0.51,5.0282,,,,,
000429.SZ,20250331,20250430,24.3908,4.688,67.7465,84.3885,,,56.2808,42.1621,0.31,5.3075,,,,,
000429.SZ,20250331,20250430,24.3908,4.688,67.7465,84.3885,,,56.2808,42.1621,0.31,5.3075,,,,,
000429.SZ,20241231,20250304,15.3785,13.2141,64.3083,46.0166,,,-4.3878,-7.2755,0.75,5.0067,,,,,
000429.SZ,20240930,20241025,18.0411,11.1769,68.2391,51.646,,,0.0112,-3.1743,0.65,4.8792,,,,,
000429.SZ,20240630,20240830,17.5584,7.0444,68.0389,50.9795,,,-3.4075,-4.8254,0.41,4.6111,,,,,
000429.SZ,20240331,20240429,16.6952,3.5618,68.3171,49.8564,,,2.6491,0.0,0.2,4.9321,,,,,
000429.SZ,20231231,20240316,17.2676,14.8773,64.3207,46.3683,,,28.0074,27.7096,0.78,4.7099,,,,,
000429.SZ,20230930,20231028,19.4256,12.3686,68.5071,50.1729,,,13.8718,14.3505,0.65,4.5639,,,,,
000429.SZ,20230630,20230829,19.5174,7.9259,68.3533,51.0237,,,14.4632,15.7501,0.42,4.3404,,,,,
000429.SZ,20230331,20230428,17.67,3.7983,68.456,48.6187,,,-4.7669,2.2475,0.2,4.534,,,,,
000430.SZ,20251231,20260414,-68.3337,-20.4739,17.348,-119.7962,,,5.614,10.6071,-0.68,1.6284,,,,,
000430.SZ,20250930,20251025,-10.7155,0.134,18.7445,-6.6538,,,65.3975,73.7073,-0.06,0.6614,,,,,
000430.SZ,20250930,20251025,-10.7155,0.134,18.7445,-6.6538,,,65.3975,73.7073,-0.06,0.6614,,,,,
000430.SZ,20250630,20250826,-24.3646,-0.9293,13.4392,-17.1674,,,45.6021,46.5871,-0.08,0.6339,,,,,
000430.SZ,20250331,20250416,-45.6012,-1.1977,-5.4148,-52.9715,,,32.775,34.6071,-0.08,0.6388,,,,,
000430.SZ,20241231,20250416,-100.5235,-21.883,14.5514,-134.8664,,,-143.2166,-197.8668,-1.44,0.7154,,,,,
000430.SZ,20240930,20241029,-10.306,-0.2247,18.0069,-20.8652,,,-53.3624,5.6549,-0.16,1.9916,,,,,
000430.SZ,20240630,20240827,-14.5818,-0.9866,9.7276,-35.1553,,,-49.1309,-9.5582,-0.15,1.9991,,,,,
000430.SZ,20240630,20240827,-14.5818,-0.9866,9.7276,-35.1553,,,-49.1309,-9.5582,-0.15,1.9991,,,,,
000430.SZ,20240331,20240430,-21.986,-1.192,-11.6183,-79.3008,,,-54.6937,-25.1683,-0.11,2.0325,,,,,
000430.SZ,20231231,20240423,-24.2127,-4.7585,10.8369,-56.9894,,,7.8683,29.9152,-0.59,2.1455,,,,,
000430.SZ,20230930,20231031,-5.1765,-0.3097,17.5673,-12.9142,,,70.6496,68.1202,-0.1,2.6326,,,,,
000430.SZ,20230630,20230822,-7.5408,-0.7482,11.3301,-22.8965,,,65.0151,61.988,-0.1,2.6361,,,,,
000430.SZ,20230331,20230428,-10.9912,-0.7848,-2.3736,-46.9148,,,51.5641,47.7507,-0.07,2.6646,,,,,
000430.SZ,20230331,20230428,-10.9912,-0.7848,-2.3736,-46.9148,,,51.5641,47.7507,-0.07,2.6646,,,,,
000498.SZ,20251231,20260418,8.8033,2.5738,14.3596,4.8723,,,-4.1239,4.9202,1.1613,11.147,,,,,
000498.SZ,20250930,20251031,7.6023,1.5697,12.2934,4.1811,,,-3.2695,-3.4546,0.7043,10.7278,,,,,
000498.SZ,20250630,20250830,8.325,1.1297,11.4685,4.4931,,,0.8852,-0.6585,0.525,10.6509,,,,,
000498.SZ,20250331,20250429,4.0948,0.3618,11.4547,3.1226,,,1.8922,3.1725,0.0977,10.1993,,,,,
000498.SZ,20241231,20250415,9.8853,2.8693,13.2041,4.2348,,,1.4707,-1.8884,1.2281,10.1177,,,,,
000498.SZ,20240930,20241030,8.4263,1.8583,12.2967,4.1983,,,3.5223,-8.943,0.7292,9.0382,,,,,
000498.SZ,20240630,20240829,8.838,1.3252,12.1408,4.556,,,-9.0205,-16.428,0.5278,9.0602,,,,,
000498.SZ,20240331,20240420,4.2988,0.393,12.0802,3.1402,,,-2.8152,-16.8514,0.093,8.651,,,,,
000498.SZ,20231231,20240415,11.9198,3.7045,12.9302,4.2069,,,-15.1479,-11.5577,1.3324,8.5863,,,,,
000498.SZ,20230930,20231027,10.978,2.473,12.0969,3.9843,,,-16.106,-11.9697,0.8231,8.1194,,,,,
000498.SZ,20230630,20230829,13.845,1.9246,12.1697,4.5051,,,1.1837,0.4053,0.7176,7.9207,,,,,
000498.SZ,20230331,20230425,5.872,0.5159,10.4462,2.9482,,,0.5173,6.4734,0.1278,8.3218,,,,,
000498.SZ,20230331,20230425,5.872,0.5159,10.4462,2.9482,,,0.5173,6.4734,0.1278,8.3218,,,,,
000501.SZ,20251231,20260327,1.6491,1.6736,50.3971,2.9571,,,-16.4625,-13.697,0.24,14.1816,,,,,
000501.SZ,20250930,20251031,1.5544,1.2272,50.1068,2.8204,,,2.9812,-3.6807,0.17,14.2432,,,,,
000501.SZ,20250630,20250827,3.0054,1.1233,49.6294,5.1728,,,7.5282,1.0453,0.21,14.325,,,,,
000501.SZ,20250331,20250430,5.1608,0.7786,48.6516,7.959,,,2.8515,3.2941,0.19,14.4633,,,,,
000501.SZ,20250331,20250430,5.1608,0.7786,48.6516,7.959,,,2.8515,3.2941,0.19,14.4633,,,,,
000501.SZ,20241231,20250329,1.9623,1.9683,49.0558,3.213,,,3.3061,-11.7551,0.28,14.2742,,,,,
000501.SZ,20240930,20241029,1.4989,1.3399,47.31,2.4191,,,4.7429,18.8614,0.16,14.3654,,,,,
000501.SZ,20240630,20240830,2.7662,1.1634,46.5385,4.2193,,,31.2993,37.463,0.2,14.5451,,,,,
000501.SZ,20240331,20240430,4.9944,0.7944,46.4758,7.0861,,,5.1159,9.8239,0.18,14.5188,,,,,
000501.SZ,20231231,20240330,1.9138,2.1488,47.0268,2.913,,,-30.724,-18.9441,0.27,14.3526,,,,,
000501.SZ,20230930,20231031,1.4549,1.3173,46.7719,2.1794,,,-64.2806,-61.7856,0.15,14.1843,,,,,
000501.SZ,20230630,20230830,2.1554,1.0326,46.8442,3.1426,,,-56.338,-53.7908,0.15,14.185,,,,,
000501.SZ,20230331,20230429,4.846,0.7867,46.1395,6.4182,,,-25.0038,-28.6495,0.17,14.2474,,,,,
000501.SZ,20230331,20230429,4.846,0.7867,46.1395,6.4182,,,-25.0038,-28.6495,0.17,14.2474,,,,,
000503.SZ,20251231,20260429,-33.4782,-20.4575,21.2111,-115.2804,,,-3793.7493,-2452.9721,-0.4126,1.0292,,,,,
000503.SZ,20250930,20251030,-13.812,-6.4684,-5.1527,-81.237,,,-347.3156,-269.7546,-0.1414,1.2912,,,,,
000503.SZ,20250630,20250828,-14.6148,-4.6341,-15.1967,-103.7272,,,-35.7751,-25.8221,-0.1012,1.3313,,,,,
000503.SZ,20250331,20250425,-13.1836,-2.1392,-14.7863,-90.3083,,,-12.8641,-11.7071,-0.0465,1.3859,,,,,
000503.SZ,20241231,20250425,-0.7343,-0.4935,15.2562,-3.2129,,,86.9969,80.9254,-0.0106,1.4324,,,,,
000503.SZ,20240930,20241026,-2.9369,-1.6006,3.4181,-16.0048,,,71.4896,66.925,-0.0316,1.4161,,,,,
000503.SZ,20240630,20240829,-10.546,-3.7415,-2.823,-53.1175,,,14.0918,12.1551,-0.0745,1.3695,,,,,
000503.SZ,20240331,20240427,-11.5356,-2.0338,-17.4531,-84.2738,,,7.941,5.3518,-0.0412,1.4024,,,,,
000503.SZ,20231231,20240427,-7.4865,-4.8374,24.8351,-24.3299,,,5.3767,2.2001,-0.0876,1.4431,,,,,
000503.SZ,20230930,20231028,-21.9808,-9.7111,2.2311,-67.4677,,,6.8397,3.4985,-0.1208,0.67,,,,,
000503.SZ,20230630,20230825,-25.3566,-7.6467,-8.0452,-84.8538,,,-18.054,-23.5877,-0.0937,0.6937,,,,,
000503.SZ,20230331,20230427,-25.4396,-3.9291,-3.24,-78.662,,,11.2473,14.0454,-0.0484,0.737,,,,,
000503.SZ,20230331,20230427,-25.4396,-3.9291,-3.24,-78.662,,,11.2473,14.0454,-0.0484,0.737,,,,,
000505.SZ,20251231,20260328,-8.8597,-3.9611,4.4524,-3.8071,,,-1118.3033,-2146.9033,-0.37,3.9389,,,,,
000505.SZ,20251231,20260328,-8.8597,-3.9611,4.4524,-3.8071,,,-1118.3033,-2146.9033,-0.37,3.9389,,,,,
000505.SZ,20250930,20251025,-2.2075,-0.342,4.9682,-1.2675,,,-284.8958,-208.0639,-0.07,4.2346,,,,,
000505.SZ,20250930,20251025,-2.2075,-0.342,4.9682,-1.2675,,,-284.8958,-208.0639,-0.07,4.2346,,,,,
000505.SZ,20250630,20250830,1.1412,0.7477,5.5935,0.4203,,,-25.3895,23.0086,0.02,4.3305,,,,,
000505.SZ,20250331,20250429,1.636,0.4165,6.6779,0.6251,,,-43.4413,-36.4792,0.02,4.3416,,,,,
000505.SZ,20250331,20250429,1.636,0.4165,6.6779,0.6251,,,-43.4413,-36.4792,0.02,4.3416,,,,,
000505.SZ,20241231,20250329,0.8281,0.5336,4.5492,0.0377,,,-74.2196,-109.7402,0.04,4.3239,,,,,
000505.SZ,20240930,20241031,1.1769,1.3294,4.1551,0.3301,,,-64.5968,-60.9769,0.04,4.3242,,,,,
000505.SZ,20240630,20240828,1.5256,0.9338,4.0298,0.4713,,,-66.9961,-68.921,0.03,4.3195,,,,,
000505.SZ,20240331,20240425,2.8656,0.6197,4.0387,0.6603,,,-38.8861,-52.3637,0.03,4.3886,,,,,
000505.SZ,20231231,20240330,3.2543,2.9081,3.0098,0.8831,,,-28.3238,-38.2225,0.14,4.3572,,,,,
000505.SZ,20231231,20240330,3.2861,2.9239,2.9427,0.8693,,,-27.6237,-37.7733,nan,4.3572,,,,,
000505.SZ,20230930,20231026,3.3825,2.3797,2.7238,1.1197,,,-14.0521,-15.6184,0.11,4.3208,,,,,
000505.SZ,20230630,20230825,4.7048,2.0856,4.1071,1.8028,,,-0.017,-1.994,0.1,4.3139,,,,,
000505.SZ,20230331,20230427,4.8392,1.1869,3.1559,1.4079,,,0.7364,1.5821,0.05,4.2626,,,,,
000505.SZ,20230331,20230427,4.8392,1.1869,3.1559,1.4079,,,0.7364,1.5821,0.05,4.2626,,,,,
000506.SZ,20251231,20260410,25.8672,8.1203,40.1823,39.4693,,,224.6646,225.4923,0.17,0.7522,,,,,
000506.SZ,20250930,20251023,18.7303,6.4448,45.1269,32.1292,,,191.2039,234.9713,0.09,0.6893,,,,,
000506.SZ,20250630,20250820,15.617,4.0547,43.6666,33.7884,,,181.3641,207.8902,0.05,0.6624,,,,,
000506.SZ,20250331,20250429,-2.3472,0.4489,22.2878,1.6633,,,89.615,105.8172,-0.0033,0.5692,,,,,
000506.SZ,20241231,20250429,-21.1876,-2.9676,25.8371,-41.1152,,,-2009.9865,-1141.4321,-0.14,0.5824,,,,,
000506.SZ,20240930,20241030,-19.1031,-2.7845,7.4555,-61.5064,,,-277.8013,-266.3575,-0.1,0.6287,,,,,
000506.SZ,20240630,20240829,-17.0868,-1.982,-13.8987,-66.584,,,32.6969,21.6966,-0.06,0.6593,,,,,
000506.SZ,20240331,20240430,-18.316,-1.1495,-17.2979,-73.1129,,,21.115,12.9724,-0.03,0.6807,,,,,
000506.SZ,20231231,20240430,1.0141,1.8288,-3.0778,-2.48,,,-97.3629,-95.6869,0.01,0.7249,,,,,
000506.SZ,20230930,20231030,10.0769,3.4067,0.7265,17.0277,,,-75.6556,-72.0064,0.05,0.7518,,,,,
000506.SZ,20230630,20230829,-26.6226,-3.9928,-9.0272,-57.8436,,,-133.0824,-134.4713,-0.0879,0.6286,,,,,
000506.SZ,20230331,20230428,-24.308,-1.7643,-11.6061,-61.6423,,,-114.3381,-115.5989,-0.04,0.6512,,,,,
000506.SZ,20230331,20230428,-24.308,-1.7643,-11.6061,-61.6423,,,-114.3381,-115.5989,-0.04,0.6512,,,,,
000507.SZ,20251231,20260429,3.7143,3.9598,27.4257,9.1767,,,-17.4253,-0.2331,0.2351,6.0506,,,,,
000507.SZ,20250930,20251029,5.1361,3.4126,28.0041,12.1395,,,4.0214,7.1603,0.2483,5.9514,,,,,
000507.SZ,20250630,20250830,5.4938,2.5259,28.5402,12.7979,,,-9.8085,1.6619,0.1704,5.6609,,,,,
000507.SZ,20250331,20250430,4.9336,1.2888,28.5647,12.6432,,,36.9216,23.6914,0.0714,5.6193,,,,,
000507.SZ,20250331,20250430,4.9336,1.2888,28.5647,12.6432,,,36.9216,23.6914,0.0714,5.6193,,,,,
000507.SZ,20241231,20250428,4.3948,4.4683,26.0981,9.3255,,,5.365,0.4101,0.2542,5.5757,,,,,
000507.SZ,20240930,20241031,4.7476,3.5494,25.4716,9.6878,,,4.8108,4.3561,0.2154,5.706,,,,,
000507.SZ,20240630,20240831,5.7788,2.5879,25.4085,11.1329,,,2.7464,3.9762,0.1802,5.5971,,,,,
000507.SZ,20240331,20240430,3.4372,1.1145,25.1751,9.0037,,,-6.1865,10.8595,0.047,5.5837,,,,,
000507.SZ,20231231,20240427,4.2232,4.3,24.3035,8.5302,,,-9.5702,-0.3952,0.2401,5.6245,,,,,
000507.SZ,20230930,20231031,4.7099,3.36,24.6443,9.3265,,,6.2889,7.672,0.2015,5.3754,,,,,
000507.SZ,20230630,20230830,5.8314,2.4203,24.8966,10.9594,,,7.257,6.2297,0.1725,5.3101,,,,,
000507.SZ,20230331,20230429,3.7548,1.0557,25.881,8.9814,,,4.6172,-2.1441,0.0663,5.4603,,,,,
000507.SZ,20230331,20230429,3.7548,1.0557,25.881,8.9814,,,4.6172,-2.1441,0.0663,5.4603,,,,,
000509.SZ,20251231,20260325,-8.315,0.4692,6.6709,-1.3395,,,23.1474,22.419,-0.01,0.115,,,,,
000509.SZ,20250930,20251031,-10.1713,-0.0436,5.0325,-1.567,,,20.0769,38.6556,-0.0092,0.1158,,,,,
000509.SZ,20250630,20250829,-4.0808,0.6236,5.4274,0.0222,,,-296.5657,-94.8688,-0.0025,0.1225,,,,,
000509.SZ,20250331,20250430,2.4608,0.7234,6.1956,1.9314,,,169.4584,68.929,0.0008,0.1258,,,,,
000509.SZ,20250331,20250430,2.4608,0.7234,6.1956,1.9314,,,169.4584,68.929,0.0008,0.1258,,,,,
000509.SZ,20241231,20250428,-9.8746,0.0488,3.922,-1.0128,,,-210.4299,46.1319,-0.013,0.125,,,,,
000509.SZ,20240930,20241030,-11.5877,-1.0182,3.4406,-2.0682,,,-141.4706,-74.8256,-0.0115,0.1265,,,,,
000509.SZ,20240930,20241030,-11.5877,-1.0182,3.4406,-2.0682,,,-141.4706,-74.8256,-0.0115,0.1265,,,,,
000509.SZ,20240630,20240822,1.8532,1.2159,4.8179,0.9385,,,-95.966,171.0854,0.0013,0.1393,,,,,
000509.SZ,20240331,20240430,0.8292,0.5053,4.9503,0.9832,,,107.6977,154.9296,0.0003,0.1383,,,,,
000509.SZ,20240331,20240430,0.8292,0.5053,4.9503,0.9832,,,107.6977,154.9296,nan,0.1383,,,,,
000509.SZ,20231231,20240418,8.902,4.8052,8.5611,2.7198,,,561.6768,-219.4847,0.0118,0.138,,,,,
000509.SZ,20230930,20231031,26.3856,6.466,8.7298,7.1598,,,773.0057,-174.5868,0.0277,0.1539,,,,,
000509.SZ,20230630,20230824,44.8138,6.2524,7.9277,11.8964,,,428.4414,-154.8673,0.0318,0.158,,,,,
000509.SZ,20230331,20230429,-11.9652,-0.2579,7.0109,-2.9246,,,-322.3644,-179.1162,-0.0037,0.1225,,,,,
000509.SZ,20230331,20230429,-11.9652,-0.2579,7.0109,-2.9246,,,-322.3644,-179.1162,-0.0037,0.1225,,,,,
000510.SZ,20251231,20260425,-19.2471,-7.8509,10.2493,-14.0085,,,-268.311,-305.0705,-0.3552,1.6675,,,,,
000510.SZ,20250930,20251031,-8.22,-1.9387,10.4638,-5.833,,,-129.3813,-180.5309,-0.121,1.9032,,,,,
000510.SZ,20250630,20250830,-10.4814,-1.8069,9.5698,-7.7313,,,-15.1581,-14.3998,-0.1034,1.9214,,,,,
000510.SZ,20250331,20250429,-11.338,-1.0259,7.5647,-9.3876,,,41.9061,48.0815,-0.0566,1.9672,,,,,
000510.SZ,20241231,20250429,-4.8437,-1.3984,12.6892,-2.9682,,,64.594,65.9036,-0.1005,2.0232,,,,,
000510.SZ,20240930,20241031,-3.4673,-0.463,10.2195,-2.099,,,60.8835,69.4164,-0.0558,2.0993,,,,,
000510.SZ,20240630,20240830,-9.3766,-1.6995,6.578,-5.758,,,0.2765,3.5545,-0.0956,1.9913,,,,,
000510.SZ,20240331,20240427,-20.3744,-2.3384,-1.185,-15.2977,,,-159.968,-185.6793,-0.1036,1.9842,,,,,
000510.SZ,20231231,20240427,-13.0678,-6.1816,6.9707,-6.8708,,,-1458.8773,-382.0548,-0.29,2.0852,,,,,
000510.SZ,20230930,20231028,-8.3897,-2.8895,6.3024,-3.9672,,,-1321.4009,-271.2981,-0.1436,2.2118,,,,,
000510.SZ,20230630,20230826,-8.3108,-1.8577,6.0604,-3.6987,,,-213.7327,-155.4912,-0.0958,2.2593,,,,,
000510.SZ,20230331,20230422,-6.8328,-0.7679,4.1718,-2.8121,,,-176.0546,-141.2518,-0.0399,2.3148,,,,,
000510.SZ,20230331,20230422,-6.8328,-0.7679,4.1718,-2.8121,,,-176.0546,-141.2518,-0.0399,2.3148,,,,,
000513.SZ,20251231,20260325,14.5816,10.8241,65.897,20.058,,,-1.8362,3.5762,2.27,15.6417,,,,,
000513.SZ,20250930,20251024,16.8107,9.3809,66.3853,23.3685,,,4.8643,8.4437,1.96,15.4439,,,,,
000513.SZ,20250630,20250821,18.607,6.9209,66.0154,24.7328,,,9.4039,13.7224,1.43,15.1285,,,,,
000513.SZ,20250331,20250424,18.1736,3.687,64.9591,25.2674,,,4.7521,12.9626,0.71,15.5437,,,,,
000513.SZ,20250331,20250424,18.1736,3.687,64.9591,25.2674,,,4.7521,12.9626,0.71,15.5437,,,,,
000513.SZ,20241231,20250327,14.7723,10.694,65.4505,19.5091,,,5.4997,17.7753,2.24,15.2108,,,,,
000513.SZ,20240930,20241024,15.8172,8.9081,65.8101,21.4268,,,4.4444,16.5144,1.81,15.28,,,,,
000513.SZ,20240630,20240823,16.7506,6.0485,65.9594,21.5636,,,3.2083,12.8703,1.27,15.027,,,,,
000513.SZ,20240331,20240424,16.9732,3.1501,64.6711,22.082,,,4.4534,14.9795,0.65,15.7624,,,,,
000513.SZ,20231231,20240329,13.9954,8.4817,64.0751,15.2663,,,2.3171,2.7463,2.1,15.1985,,,,,
000513.SZ,20230930,20231025,15.5199,7.1391,63.9279,16.824,,,6.2885,6.1216,1.72,14.5822,,,,,
000513.SZ,20230630,20230824,16.6302,5.5478,64.0882,17.5499,,,11.5007,7.7938,1.22,14.3374,,,,,
000513.SZ,20230331,20230421,16.5308,2.8601,63.0718,17.9857,,,5.1719,2.0447,0.62,15.2689,,,,,
000513.SZ,20230331,20230421,16.5308,2.8601,63.0718,17.9857,,,5.1719,2.0447,0.62,15.2689,,,,,
000514.SZ,20251231,20260418,0.1859,0.836,30.2263,1.0865,,,105.933,106.1832,0.008,4.3113,,,,,
000514.SZ,20250930,20251029,5.7956,2.9797,17.9172,80.3408,,,454.1508,355.6694,0.1912,4.4945,,,,,
000514.SZ,20250930,20251029,5.7956,2.9797,17.9172,80.3408,,,454.1508,355.6694,0.1912,4.4945,,,,,
000514.SZ,20250630,20250823,10.3766,3.4141,19.7241,135.7529,,,687.862,534.9865,0.2292,4.5325,,,,,
000514.SZ,20250331,20250429,19.318,2.999,18.3949,232.5493,,,786.3901,704.6981,0.213,4.5163,,,,,
000514.SZ,20250331,20250429,19.318,2.999,18.3949,232.5493,,,786.3901,704.6981,0.213,4.5163,,,,,
000514.SZ,20241231,20250424,-3.0862,-1.5034,22.9005,-33.2452,,,-207.7108,-219.9765,-0.135,4.3033,,,,,
000514.SZ,20240930,20241029,-1.6323,-0.5491,23.5486,-18.5013,,,-793.6018,-677.8227,-0.054,4.3773,,,,,
000514.SZ,20240630,20240829,-1.7652,-0.4691,25.8361,-22.9203,,,-617.7427,-578.0053,-0.039,4.3923,,,,,
000514.SZ,20240331,20240429,-2.8028,-0.2749,23.4543,-33.9412,,,-30.6333,-24.915,-0.031,4.4123,,,,,
000514.SZ,20231231,20240426,2.8543,2.2114,36.6062,7.0969,,,-35.0321,-31.7662,0.1253,4.4433,,,,,
000514.SZ,20230930,20231027,-0.1863,0.2655,23.312,-3.1035,,,78.5399,81.9106,-0.006,4.3108,,,,,
000514.SZ,20230630,20230805,-0.2512,0.1586,22.2231,-3.524,,,84.4155,85.3335,-0.0054,4.3114,,,,,
000514.SZ,20230331,20230422,-2.1968,-0.252,-21.9784,-43.2607,,,-64.4472,-81.2652,-0.0238,4.3131,,,,,
000514.SZ,20230331,20230422,-2.1968,-0.252,-21.9784,-43.2607,,,-64.4472,-81.2652,-0.0238,4.3131,,,,,
000516.SZ,20251231,20260424,-8.9539,-2.6171,8.2564,-10.3332,,,-23.1957,-17.0252,-0.14,1.4821,,,,,
000516.SZ,20250930,20251030,-11.1669,-2.514,6.5894,-12.4866,,,-38.4461,-27.2033,-0.1302,1.4907,,,,,
000516.SZ,20250630,20250822,-9.24,-1.3603,7.7976,-10.7316,,,4.9791,4.2529,-0.073,1.5482,,,,,
000516.SZ,20250331,20250423,-11.746,-0.8893,5.2092,-13.3348,,,-1.3741,-0.3482,-0.0471,1.5787,,,,,
000516.SZ,20250331,20250423,-11.746,-0.8893,5.2092,-13.3348,,,-1.3741,-0.3482,-0.0471,1.5787,,,,,
000516.SZ,20241231,20250423,-6.7026,-1.6327,9.4508,-7.5826,,,31.011,25.9381,-0.11,1.6258,,,,,
000516.SZ,20240930,20241025,-7.4812,-1.4517,9.189,-8.1601,,,4.5945,-2.4826,-0.0954,1.6159,,,,,
000516.SZ,20240630,20240828,-9.1402,-1.2297,9.4859,-9.4538,,,21.8906,18.1987,-0.0768,1.6319,,,,,
000516.SZ,20240331,20240426,-10.8724,-0.7831,7.8364,-11.2435,,,-40.3686,-34.9069,-0.0464,1.6859,,,,,
000516.SZ,20231231,20240426,-9.0299,-2.0966,9.5463,-10.22,,,68.695,59.207,-0.16,1.7286,,,,,
000516.SZ,20230930,20231027,-7.1443,-0.9882,8.8341,-8.4707,,,73.1198,67.2654,-0.0983,1.7904,,,,,
000516.SZ,20230630,20230824,-10.7248,-1.2238,7.7599,-12.2918,,,62.691,55.6649,-0.0977,1.7865,,,,,
000516.SZ,20230331,20230419,-7.088,-0.3637,8.1869,-9.0398,,,82.5544,77.982,-0.0328,1.8393,,,,,
000516.SZ,20230331,20230419,-7.088,-0.3637,8.1869,-9.0398,,,82.5544,77.982,-0.0328,1.8393,,,,,
000517.SZ,20251231,20260429,-21.8424,-7.2402,8.704,-22.4755,,,33.8101,22.9296,-0.3598,1.4675,,,,,
000517.SZ,20250930,20251028,-1.4803,-0.0819,10.1644,-1.9632,,,-120.1971,-116.4668,-0.0202,1.8072,,,,,
000517.SZ,20250630,20250830,1.249,0.2731,11.8838,0.0555,,,-92.1448,-99.2884,0.0114,1.8388,,,,,
000517.SZ,20250331,20250429,1.326,0.3085,7.9626,0.2756,,,-95.2698,-94.558,0.0061,1.8334,,,,,
000517.SZ,20250331,20250429,1.326,0.3085,7.9626,0.2756,,,-95.2698,-94.558,0.0061,1.8334,,,,,
000517.SZ,20241231,20250429,-24.0639,-4.2417,3.9095,-7.7083,,,-584.1886,-268.1496,-0.5436,1.8274,,,,,
000517.SZ,20240930,20241031,5.1605,1.3529,6.6187,1.4609,,,-68.8643,-63.8803,0.0999,2.4709,,,,,
000517.SZ,20240630,20240828,11.1942,1.3982,6.8165,3.0335,,,-45.5276,-47.9928,0.1457,2.5167,,,,,
000517.SZ,20240331,20240429,18.6224,1.212,8.7366,5.2934,,,-37.0049,-28.3352,0.1283,2.8193,,,,,
000517.SZ,20231231,20240429,4.028,1.601,10.329,1.5522,,,-43.3366,-27.9171,0.1123,2.691,,,,,
000517.SZ,20230930,20231031,14.8305,1.9182,9.7827,7.561,,,9.9568,-20.5385,0.3208,2.8849,,,,,
000517.SZ,20230630,20230829,18.7244,1.503,9.3369,8.0949,,,23.9027,15.2637,0.2676,2.8316,,,,,
000517.SZ,20230331,20230429,27.2776,1.022,7.1339,12.5301,,,31.27,3.9826,0.2036,3.0876,,,,,
000517.SZ,20230331,20230429,27.2776,1.022,7.1339,12.5301,,,31.27,3.9826,0.2036,3.0876,,,,,
000518.SZ,20251231,20260418,-10.5028,-7.3997,37.302,-11.502,,,66.2778,48.6097,-0.036,0.325,,,,,
000518.SZ,20250930,20251025,-4.6337,-2.3603,33.8097,-4.5845,,,13.1339,15.8576,-0.0123,0.3487,,,,,
000518.SZ,20250630,20250827,-5.5086,-1.828,34.6865,-5.7137,,,8.6737,-3.1491,-0.0098,0.3512,,,,,
000518.SZ,20250331,20250430,-17.5004,-2.9937,64.3837,-39.136,,,-436.3533,-259.1338,-0.0155,0.3456,,,,,
000518.SZ,20241231,20250429,-25.7771,-18.1767,62.6818,-55.92,,,-46.1324,-3.0115,-0.1068,0.361,,,,,
000518.SZ,20240930,20241030,-4.1083,-2.1989,68.8538,-9.957,,,66.2558,66.3149,-0.0142,0.4537,,,,,
000518.SZ,20240630,20240831,-4.6446,-1.7201,66.8124,-11.0039,,,70.7267,74.6624,-0.0107,0.4571,,,,,
000518.SZ,20240331,20240430,-2.4716,-0.5325,71.5449,-5.7275,,,84.3494,81.5056,-0.0029,0.465,,,,,
000518.SZ,20231231,20240430,-14.4896,-11.0086,69.7615,-34.1582,,,-54.2644,-41.3505,-0.0731,0.4679,,,,,
000518.SZ,20230930,20231027,-10.7839,-6.1662,70.9897,-25.5963,,,-22.5193,-18.9327,-0.0421,0.4992,,,,,
000518.SZ,20230630,20230823,-14.0336,-5.4471,71.1862,-33.0448,,,-14.724,-12.2596,-0.0367,0.5046,,,,,
000518.SZ,20230331,20230429,-13.8448,-2.9377,68.3018,-37.0477,,,18.5459,15.5174,-0.0184,0.5228,,,,,
000518.SZ,20230331,20230429,-13.8448,-2.9377,68.3018,-37.0477,,,18.5459,15.5174,-0.0184,0.5228,,,,,
000519.SZ,20251231,20260424,0.4051,0.0836,14.3459,0.6526,,,112.7384,124.107,0.0299,7.4264,,,,,
000519.SZ,20250930,20251028,-0.7665,-0.588,18.2849,-2.1373,,,2.2973,-6.252,-0.0422,7.3355,,,,,
000519.SZ,20250930,20251028,-0.7665,-0.588,18.2849,-2.1373,,,2.2973,-6.252,-0.0422,7.3355,,,,,
000519.SZ,20250630,20250822,-0.7952,-0.4089,18.1384,-2.3206,,,-191.3182,-124.6106,-0.0292,7.3485,,,,,
000519.SZ,20250331,20250429,-5.066,-0.8574,14.4344,-22.4753,,,-843.6678,-5672.8813,-0.0926,7.2668,,,,,
000519.SZ,20250331,20250429,-5.066,-0.8574,14.4344,-22.4753,,,-843.6678,-5672.8813,-0.0926,7.2668,,,,,
000519.SZ,20241231,20250424,-3.1511,-2.7896,15.2413,-8.0505,,,-139.5164,-142.6877,-0.2351,7.3579,,,,,
000519.SZ,20240930,20241028,-0.7696,-0.5846,22.5462,-2.4063,,,-129.3095,-111.744,-0.0432,7.4195,,,,,
000519.SZ,20240630,20240826,0.8506,0.3024,24.574,2.4946,,,-57.6642,-47.7732,0.032,7.4937,,,,,
000519.SZ,20240331,20240426,-0.5212,-0.1152,19.6032,-1.5427,,,60.1374,114.0574,-0.0098,7.5023,,,,,
000519.SZ,20240331,20240426,-0.5212,-0.1152,19.6032,-1.5427,,,60.1374,114.0574,-0.0098,7.5023,,,,,
000519.SZ,20231231,20240420,8.1686,5.3413,32.2542,13.5438,,,1.0783,-7.334,0.5948,7.561,,,,,
000519.SZ,20231231,20240420,8.1686,5.3413,32.2542,13.5438,,,1.0783,-7.334,0.5948,7.561,,,,,
000519.SZ,20230930,20231027,2.7849,1.6239,30.0796,6.8297,,,-76.6861,-74.3663,0.1475,7.1208,,,,,
000519.SZ,20230630,20230822,2.1554,0.9053,29.6246,5.5022,,,-84.9893,-81.1669,0.0756,7.0317,,,,,
000519.SZ,20230331,20230425,-1.4084,-0.1902,24.8521,-4.4169,,,-112.1787,-105.0578,-0.0246,6.9819,,,,,
000519.SZ,20230331,20230425,-1.4084,-0.1902,24.8521,-4.4169,,,-112.1787,-105.0578,-0.0246,6.9819,,,,,
000520.SZ,20251231,20260429,-10.0254,-6.2106,6.178,-5.8244,,,46.8628,81.7372,-0.0434,0.4129,,,,,
000520.SZ,20250930,20251027,-17.2151,-8.5154,5.8999,-10.1397,,,-151.8563,-104.1364,-0.0554,0.3979,,,,,
000520.SZ,20250630,20250830,0.5356,0.2315,4.769,0.3579,,,108.2497,108.9417,0.0012,0.4545,,,,,
000520.SZ,20250331,20250429,-2.1892,-0.3309,2.3913,-1.5201,,,66.9919,61.8512,-0.0025,0.4509,,,,,
000520.SZ,20241231,20250429,-16.4895,-11.4603,-0.6906,-9.3162,,,-850.3612,-526.5487,-0.0817,0.4533,,,,,
000520.SZ,20240930,20241028,-5.5209,-2.9475,-0.3559,-2.923,,,-33.0709,-64.7355,-0.0218,0.5161,,,,,
000520.SZ,20240630,20240829,-5.553,-2.0008,0.6819,-2.9997,,,-78.3754,-84.9501,-0.0147,0.5235,,,,,
000520.SZ,20240331,20240426,-5.6124,-0.9376,0.4914,-3.5351,,,10.3697,10.4659,-0.0075,0.5307,,,,,
000520.SZ,20231231,20240426,-1.5851,-0.8679,2.0362,-0.8602,,,-124.0178,-135.5451,-0.0086,0.5378,,,,,
000520.SZ,20230930,20231028,-4.0577,-2.0928,1.4018,-2.2369,,,-149.6696,-139.3839,-0.0164,0.5305,,,,,
000520.SZ,20230630,20230828,-3.043,-1.001,2.0029,-1.7303,,,-134.9994,-124.8236,-0.0083,0.5387,,,,,
000520.SZ,20230331,20230428,-6.1644,-1.0717,1.2596,-3.6792,,,-179.6901,-158.8965,-0.0084,0.5382,,,,,
000520.SZ,20230331,20230428,-6.1644,-1.0717,1.2596,-3.6792,,,-179.6901,-158.8965,-0.0084,0.5382,,,,,
000521.SZ,20251231,20260403,6.745,1.9561,10.5016,1.4136,,,-41.3088,-32.3842,0.3996,5.9068,,,,,
000521.SZ,20250930,20251023,10.5909,2.2118,10.1535,1.9825,,,-8.2017,-1.4121,0.4743,6.0312,,,,,
000521.SZ,20250630,20250821,13.612,1.7644,10.4434,2.3764,,,0.264,6.3135,0.4051,5.9942,,,,,
000521.SZ,20250331,20250422,11.76,0.7123,11.8316,2.5291,,,16.9153,15.1165,0.1764,6.0903,,,,,
000521.SZ,20241231,20250403,11.742,3.0242,11.1526,2.5337,,,-4.9684,2.1132,0.679,5.909,,,,,
000521.SZ,20240930,20241023,11.9148,2.3527,10.8336,2.3872,,,6.3488,19.9819,0.515,5.8713,,,,,
000521.SZ,20240630,20240817,14.1196,1.8134,11.2784,2.8421,,,15.9134,32.1332,0.403,5.7605,,,,,
000521.SZ,20240331,20240420,10.54,0.6689,13.3908,2.6707,,,26.9265,38.7071,0.151,5.807,,,,,
000521.SZ,20231231,20240330,13.4819,3.6392,13.9441,3.1888,,,203.0351,180.6632,0.7195,5.6555,,,,,
000521.SZ,20230930,20231024,12.3671,2.2781,13.4474,2.7076,,,207.5086,197.7078,0.4843,5.4243,,,,,
000521.SZ,20230630,20230818,13.494,1.6709,12.8601,2.8836,,,493.0495,485.737,0.3477,5.2873,,,,,
000521.SZ,20230331,20230420,9.368,0.6102,14.6575,2.5489,,,2280.5114,1041.9092,0.119,5.1424,,,,,
000521.SZ,20230331,20230420,9.368,0.6102,14.6575,2.5489,,,2280.5114,1041.9092,0.119,5.1424,,,,,
000523.SZ,20251231,20260331,4.133,4.8756,14.4801,5.3974,,,-84.7283,-0.6494,0.0436,1.0454,,,,,
000523.SZ,20250930,20251031,4.5665,3.8421,16.4456,5.5981,,,0.7796,9.575,0.0356,1.0304,,,,,
000523.SZ,20250630,20250829,3.3972,2.1638,14.4897,4.954,,,-13.3644,10.2418,0.0177,1.0375,,,,,
000523.SZ,20250331,20250429,2.456,0.8999,12.6579,4.0602,,,-46.0985,4.7143,0.0064,1.0319,,,,,
000523.SZ,20250331,20250429,2.456,0.8999,12.6579,4.0602,,,-46.0985,4.7143,0.0064,1.0319,,,,,
000523.SZ,20241231,20250401,30.8811,4.8979,12.9166,26.5272,,,585.5752,-2.7849,0.28,1.0469,,,,,
000523.SZ,20240930,20241030,5.7203,3.4034,13.7881,5.2917,,,201.7967,47.2553,0.0336,0.801,,,,,
000523.SZ,20240630,20240827,5.2698,2.2018,12.6688,4.8737,,,170.3108,157.5108,0.0204,0.7876,,,,,
000523.SZ,20240331,20240425,6.1516,1.213,11.3128,5.4972,,,126.3572,123.2387,0.0118,0.7763,,,,,
000523.SZ,20231231,20240402,6.3183,2.8735,12.3549,3.7772,,,255.3958,1841.704,0.04,0.7634,,,,,
000523.SZ,20230930,20231031,2.3869,1.8708,13.3348,1.662,,,630.7424,139.2077,0.0114,0.7151,,,,,
000523.SZ,20230630,20230831,0.1106,0.2006,11.2785,0.0138,,,102.0625,118.8618,0.0004,0.8442,,,,,
000523.SZ,20230630,20230831,0.1106,0.2006,11.2785,0.0138,,,102.0625,118.8618,0.0004,0.8442,,,,,
000523.SZ,20230331,20230429,1.2,0.2756,10.5887,0.5526,,,129.556,147.8545,0.0023,0.8517,,,,,
000523.SZ,20230331,20230429,1.2,0.2756,10.5887,0.5526,,,129.556,147.8545,0.0023,0.8517,,,,,
000524.SZ,20251231,20260328,3.0765,2.3813,18.3063,1.6608,,,-53.3384,-42.1075,0.1,3.4125,,,,,
000524.SZ,20250930,20251031,3.8481,1.7184,17.696,2.0528,,,-51.5192,-50.4636,0.1,3.3954,,,,,
000524.SZ,20250630,20250827,4.3748,1.2991,18.6091,2.4423,,,24.3903,15.7039,0.07,3.3734,,,,,
000524.SZ,20250331,20250429,4.6628,0.6695,20.054,2.8545,,,8.8784,2.4231,0.04,3.4218,,,,,
000524.SZ,20250331,20250429,4.6628,0.6695,20.054,2.8545,,,8.8784,2.4231,0.04,3.4218,,,,,
000524.SZ,20241231,20250329,6.875,5.0918,19.1001,3.7588,,,116.0802,68.9564,0.22,3.3832,,,,,
000524.SZ,20240930,20241031,8.2925,4.5507,18.8473,4.4406,,,133.9571,76.2517,0.2,3.3544,,,,,
000524.SZ,20240630,20240828,3.7672,1.228,19.6637,2.2364,,,33.7274,21.9836,0.06,3.1737,,,,,
000524.SZ,20240331,20240427,4.5724,0.7774,20.8445,2.7329,,,176.8876,158.5,0.036,3.1606,,,,,
000524.SZ,20231231,20240323,3.3203,2.461,20.8684,2.3943,,,138.6681,155.1711,0.1,3.134,,,,,
000524.SZ,20230930,20231027,3.6923,2.0891,21.4042,2.8377,,,159.8776,190.6586,0.09,3.1198,,,,,
000524.SZ,20230630,20230824,2.6624,0.7969,22.978,2.5499,,,127.3499,138.4203,0.04,3.0737,,,,,
000524.SZ,20230331,20230426,1.7028,0.1271,26.5141,2.2615,,,111.4687,114.089,0.013,3.0521,,,,,
000524.SZ,20230331,20230426,1.7028,0.1271,26.5141,2.2615,,,111.4687,114.089,0.013,3.0521,,,,,
000525.SZ,20251231,20260428,-14.2021,-4.228,10.7818,-12.5624,,,-197.6084,-123.5351,-0.29,1.8959,,,,,
000525.SZ,20250930,20251029,-13.2232,-3.6887,7.4134,-12.1969,,,-1115.0521,-1213.1567,-0.2092,2.0121,,,,,
000525.SZ,20250630,20250829,-15.0682,-2.8689,6.0206,-14.6697,,,-1081.7276,-997.1115,-0.1606,2.0568,,,,,
000525.SZ,20250630,20250829,-15.0682,-2.8689,6.0206,-14.6697,,,-1081.7276,-997.1115,nan,2.0568,,,,,
000525.SZ,20250331,20250426,4.0676,0.6518,22.8232,2.8172,,,45.7391,-6.0577,0.0173,2.2274,,,,,
000525.SZ,20241231,20250426,20.7389,6.7182,2.5084,11.9276,,,199.7281,359.2496,0.3,2.206,,,,,
000525.SZ,20240930,20241031,3.9751,2.3135,25.4737,0.7832,,,14.0401,171.9054,0.0461,1.5764,,,,,
000525.SZ,20240630,20240831,4.7642,1.5334,25.8303,1.2123,,,17.8138,185.3726,0.0366,1.5563,,,,,
000525.SZ,20240331,20240430,8.9832,0.7493,27.2284,2.2508,,,77.4052,314.1283,0.0346,1.5653,,,,,
000525.SZ,20231231,20240430,-36.1951,-1.9486,5.7615,-11.964,,,-153.1297,-174.3113,-0.67,1.5132,,,,,
000525.SZ,20230930,20231031,2.4581,2.2984,23.4797,0.596,,,-97.5199,-103.5797,0.0404,2.1922,,,,,
000525.SZ,20230630,20230830,2.8012,1.2703,28.4653,0.7925,,,-97.08,-98.7287,0.031,2.242,,,,,
000525.SZ,20230630,20230830,2.8012,1.2703,28.4653,0.7925,,,-97.08,-98.7287,0.031,2.242,,,,,
000525.SZ,20230331,20230429,3.538,0.5915,32.5411,1.0299,,,-96.2967,-97.7367,0.0195,2.217,,,,,
000525.SZ,20230331,20230429,3.538,0.5915,32.5411,1.0299,,,-96.2967,-97.7367,0.0195,2.217,,,,,
000526.SZ,20251231,20260428,22.0088,7.2018,33.4583,5.863,,,8.5777,8.8462,1.6417,7.7746,,,,,
000526.SZ,20250930,20251028,33.812,7.8338,33.8617,8.6731,,,31.5179,28.0399,1.9477,8.1835,,,,,
000526.SZ,20250630,20250828,51.1844,7.6753,36.2976,11.9832,,,42.1801,33.739,1.9396,7.9553,,,,,
000526.SZ,20250630,20250828,51.1844,7.6753,36.2976,11.9832,,,42.1801,33.739,1.9396,7.9553,,,,,
000526.SZ,20250331,20250426,35.158,2.4968,32.0174,8.506,,,47.0039,41.4707,0.6199,7.0012,,,,,
000526.SZ,20241231,20250426,25.1373,7.3529,34.5561,6.3265,,,16.8434,11.2556,1.5191,6.6991,,,,,
000526.SZ,20240930,20241029,33.2099,7.2666,34.9779,7.6969,,,50.1573,34.7433,1.4922,6.5483,,,,,
000526.SZ,20240630,20240829,46.7038,6.8506,36.0387,9.9727,,,81.8234,61.2472,1.3718,6.3251,,,,,
000526.SZ,20240630,20240829,46.7038,6.8506,36.0387,9.9727,,,81.8234,61.2472,1.3718,6.3251,,,,,
000526.SZ,20240331,20240427,31.7684,2.2039,32.4221,7.1948,,,886.4422,259.8172,0.4262,5.4013,,,,,
000526.SZ,20231231,20240427,29.5785,7.9718,36.5022,6.8832,,,1035.243,260.9495,1.3059,4.9469,,,,,
000526.SZ,20230930,20231028,31.25,6.2204,34.4321,6.3742,,,1365.0799,425.3009,0.9857,4.6097,,,,,
000526.SZ,20230630,20230830,36.8182,4.7585,35.084,6.9818,,,90.8468,88.3509,0.7544,4.4967,,,,,
000526.SZ,20230331,20230427,4.6492,0.996,30.4746,0.8878,,,334.459,137.3645,0.0432,3.7341,,,,,
000526.SZ,20230331,20230427,4.6492,0.996,30.4746,0.8878,,,334.459,137.3645,0.0432,3.7341,,,,,
000528.SZ,20251231,20260425,8.9035,3.6803,22.4101,4.2514,,,21.2643,2.7661,0.7978,9.1252,,,,,
000528.SZ,20250930,20251025,10.8311,3.2771,22.2517,4.9271,,,10.3714,-1.9839,0.7244,8.9721,,,,,
000528.SZ,20250630,20250827,13.8082,2.9124,22.3225,6.3376,,,25.0535,15.2812,0.613,8.9021,,,,,
000528.SZ,20250331,20250426,14.7928,1.6917,22.0071,7.0321,,,31.9954,23.4657,0.3255,8.8584,,,,,
000528.SZ,20250331,20250426,14.7928,1.6917,22.0071,7.0321,,,31.9954,23.4657,0.3255,8.8584,,,,,
000528.SZ,20241231,20250329,7.7829,3.6434,22.5002,4.6131,,,52.9179,37.6613,0.6824,8.6592,,,,,
000528.SZ,20240930,20241023,10.3452,3.4893,23.483,5.9401,,,59.8234,43.5056,0.6789,8.7774,,,,,
000528.SZ,20240930,20241023,10.3452,3.4893,23.483,5.9401,,,59.8234,43.5056,0.6789,8.7774,,,,,
000528.SZ,20240630,20240829,11.62,2.6663,23.4041,6.3304,,,60.1972,49.049,0.5041,8.7077,,,,,
000528.SZ,20240331,20240427,11.8692,1.4455,22.7861,6.4928,,,58.0303,52.2096,0.2552,8.6737,,,,,
000528.SZ,20231231,20240330,5.3769,2.9412,20.8193,3.4217,,,44.7979,53.1691,0.4448,8.4205,,,,,
000528.SZ,20230930,20231030,6.8504,2.6746,20.6479,3.9373,,,40.9959,47.1391,0.4235,8.3622,,,,,
000528.SZ,20230630,20230831,7.6676,1.9632,20.135,4.1167,,,28.0547,36.3255,0.3146,8.2914,,,,,
000528.SZ,20230331,20230428,7.9008,1.0099,18.7997,4.1564,,,23.7254,34.9578,0.16,8.227,,,,,
000528.SZ,20230331,20230428,7.9008,1.0099,18.7997,4.1564,,,23.7254,34.9578,0.16,8.227,,,,,
000529.SZ,20251231,20260427,3.8435,4.0199,3.9231,8.8955,,,0.9042,192.9534,0.21,5.5185,,,,,
000529.SZ,20250930,20251029,2.8236,1.1895,4.8115,4.0381,,,-21.0886,-14.1012,0.115,5.4291,,,,,
000529.SZ,20250630,20250827,4.6326,1.2935,5.2322,6.5689,,,3.9417,12.6018,0.1259,5.44,,,,,
000529.SZ,20250331,20250428,1.7512,0.2871,6.4467,2.9946,,,1.6982,47.2399,0.0238,5.4579,,,,,
000529.SZ,20241231,20250428,3.8595,1.8569,4.6611,5.2909,,,-42.7885,-47.0433,0.2086,5.4341,,,,,
000529.SZ,20240930,20241029,3.6169,1.2621,4.2719,4.5554,,,-46.0504,-36.2229,0.1458,5.3712,,,,,
000529.SZ,20240930,20241029,3.6169,1.2621,4.2719,4.5554,,,-46.0504,-36.2229,0.1458,5.3712,,,,,
000529.SZ,20240630,20240829,4.5202,0.9809,3.9641,5.8365,,,-44.4671,-29.3738,0.1212,5.3466,,,,,
000529.SZ,20240331,20240425,1.7408,0.0907,3.6947,2.479,,,-32.8555,-52.3359,0.0234,5.3989,,,,,
000529.SZ,20231231,20240425,6.9209,3.2979,4.045,7.6729,,,-76.7819,-83.4704,0.3646,5.3755,,,,,
000529.SZ,20230930,20231028,6.8999,2.4002,4.6866,7.6926,,,-78.6231,-87.2824,0.2702,5.281,,,,,
000529.SZ,20230930,20231028,6.8999,2.4002,4.6866,7.6926,,,-78.6231,-87.2824,0.2702,5.281,,,,,
000529.SZ,20230630,20230826,8.3998,2.1144,4.986,9.4508,,,8.0233,-43.8351,0.2182,5.229,,,,,
000529.SZ,20230331,20230428,2.6972,0.2718,5.629,3.6027,,,-59.3377,-59.6517,0.0349,5.1958,,,,,
000529.SZ,20230331,20230428,2.6972,0.2718,5.629,3.6027,,,-59.3377,-59.6517,0.0349,5.1958,,,,,
000530.SZ,20251231,20260424,1.9738,1.1543,16.8561,1.4839,,,-43.7724,-44.2096,0.07,3.7404,,,,,
000530.SZ,20250930,20251023,3.8132,1.5796,16.4329,2.5869,,,-4.5272,-15.4212,0.11,3.774,,,,,
000530.SZ,20250930,20251023,3.8132,1.5796,16.4329,2.5869,,,-4.5272,-15.4212,0.11,3.774,,,,,
000530.SZ,20250630,20250814,4.9694,1.3489,16.4161,3.415,,,2.7507,0.1809,0.09,3.7592,,,,,
000530.SZ,20250630,20250814,5.0478,1.3672,16.3252,3.4373,,,1.2875,-1.0167,0.09,3.7606,,,,,
000530.SZ,20250331,20250424,3.7312,0.5491,14.8876,2.6846,,,8.6865,6.824,0.03,3.7502,,,,,
000530.SZ,20241231,20250424,3.5709,1.892,16.9348,2.5089,,,123.4595,114.546,0.13,3.7145,,,,,
000530.SZ,20240930,20241024,3.9371,1.6975,17.2435,2.5831,,,31.05,52.74,0.11,3.6936,,,,,
000530.SZ,20240630,20240815,4.9584,1.2642,16.8153,3.2134,,,36.5975,26.9476,0.09,3.6754,,,,,
000530.SZ,20240331,20240426,3.5292,0.4674,16.9962,2.3663,,,10.3111,30.7907,0.03,3.6478,,,,,
000530.SZ,20231231,20240426,1.6313,1.1743,16.8263,1.1249,,,163.5916,302.8829,0.06,3.6142,,,,,
000530.SZ,20230930,20231027,3.048,1.3475,17.0829,2.0631,,,793.3629,476.3173,0.08,3.6375,,,,,
000530.SZ,20230930,20231027,3.1549,1.3807,16.9278,2.1039,,,795.3852,483.5991,0.09,3.6404,,,,,
000530.SZ,20230630,20230826,3.677,1.0766,16.8346,2.5346,,,80.5397,113.6758,0.07,3.6313,,,,,
000530.SZ,20230331,20230426,3.2448,0.4604,16.9101,2.342,,,289.8673,244.8699,0.03,3.5942,,,,,
000530.SZ,20230331,20230426,3.3644,0.4728,16.7193,2.3883,,,299.0269,250.9851,0.03,3.5953,,,,,
000531.SZ,20251231,20260410,4.5269,3.0547,15.8344,6.1295,,,81.538,100.9604,0.2925,6.4777,,,,,
000531.SZ,20250930,20251031,8.6207,3.5289,19.2174,14.3155,,,139.0828,168.6229,0.4247,6.689,,,,,
000531.SZ,20250630,20250830,6.4852,1.9496,17.4816,11.3114,,,135.9877,195.2612,0.2081,6.4807,,,,,
000531.SZ,20250331,20250430,5.8472,0.8752,14.6903,10.048,,,210.3608,268.3947,0.0936,6.4486,,,,,
000531.SZ,20241231,20250409,2.5296,2.4486,14.2686,4.571,,,-43.1511,-39.9951,0.16,6.3553,,,,,
000531.SZ,20240930,20241031,3.7141,2.151,13.704,6.0157,,,-37.0135,-49.6667,0.1764,6.3683,,,,,
000531.SZ,20240630,20240830,2.7816,1.2266,12.2479,4.4878,,,-34.282,-56.4461,0.0882,6.3864,,,,,
000531.SZ,20240331,20240430,1.9108,0.5189,11.3005,3.3027,,,-56.183,-55.223,0.0302,6.3284,,,,,
000531.SZ,20231231,20240410,5.0867,3.4907,14.8597,7.1948,,,611.4491,372.6134,0.3504,6.2954,,,,,
000531.SZ,20230930,20231031,7.6356,3.1182,14.9434,9.3904,,,953.4676,1473.1702,0.3547,6.3447,,,,,
000531.SZ,20230630,20230831,5.5704,1.5629,12.9241,7.9322,,,11.809,62.9138,0.17,6.1626,,,,,
000531.SZ,20230630,20230831,5.5704,1.5629,12.9241,7.9322,,,11.809,62.9138,0.17,6.1626,,,,,
000531.SZ,20230331,20230429,5.7252,0.8222,10.3209,8.0486,,,241.0213,165.9107,0.0872,6.137,,,,,
000531.SZ,20230331,20230429,5.7252,0.8222,10.3209,8.0486,,,241.0213,165.9107,0.0872,6.137,,,,,
000532.SZ,20251231,20260417,10.4988,10.4971,45.3421,34.772,,,4.4117,-12.7239,0.4741,4.7228,,,,,
000532.SZ,20250930,20251029,9.0421,6.7013,44.4091,31.7388,,,185.6246,267.2639,0.3004,4.5495,,,,,
000532.SZ,20250630,20250828,4.86,2.5084,44.7167,16.3561,,,20.9962,-22.3072,0.1053,4.3543,,,,,
000532.SZ,20250630,20250828,4.86,2.5084,44.7167,16.3561,,,20.9962,-22.3072,0.1053,4.3543,,,,,
000532.SZ,20250331,20250425,9.8324,2.1277,44.4704,33.9007,,,-65.9709,-66.9194,0.1073,4.4167,,,,,
000532.SZ,20241231,20250327,11.0366,12.1348,51.1442,48.9371,,,111.5277,208.0726,0.4541,4.3096,,,,,
000532.SZ,20240930,20241025,3.5595,2.4091,41.8563,15.2079,,,-19.4164,-22.642,0.1052,3.9595,,,,,
000532.SZ,20240630,20240828,4.4266,3.3622,42.1671,19.5394,,,35.1775,195.5573,0.087,3.9419,,,,,
000532.SZ,20240331,20240426,30.9212,6.4353,42.3574,111.7603,,,640.6139,543.0685,0.3152,4.2348,,,,,
000532.SZ,20231231,20240327,5.5884,4.8064,42.4714,20.1106,,,-48.4075,-59.2813,0.2147,3.9196,,,,,
000532.SZ,20230930,20231031,4.5799,3.0978,42.8864,18.877,,,-63.6496,-70.6801,0.1305,3.8355,,,,,
000532.SZ,20230630,20230825,3.4174,1.5459,44.2856,16.3323,,,-34.9425,-50.1208,0.0644,3.7694,,,,,
000532.SZ,20230331,20230426,4.498,1.2361,33.7126,23.3744,,,4.7688,26.67,0.0426,3.8052,,,,,
000532.SZ,20230331,20230426,4.498,1.2361,33.7126,23.3744,,,4.7688,26.67,0.0426,3.8052,,,,,
000533.SZ,20251231,20260416,11.0981,5.7995,20.9931,6.3193,,,8.3964,4.3045,0.1476,1.4025,,,,,
000533.SZ,20250930,20251030,11.8208,4.6862,22.1226,6.9413,,,12.9398,5.634,0.1166,1.3722,,,,,
000533.SZ,20250630,20250820,9.112,2.5954,21.2769,5.5374,,,30.6446,19.2778,0.0586,1.316,,,,,
000533.SZ,20250331,20250430,8.8832,1.3118,21.7865,6.2198,,,39.108,34.9314,0.0282,1.2856,,,,,
000533.SZ,20241231,20250416,11.4433,5.8459,21.0143,5.4887,,,46.1031,21.9857,0.1361,1.2571,,,,,
000533.SZ,20240930,20241026,11.7195,4.6947,21.8377,6.0832,,,47.8065,36.0594,0.1032,1.2257,,,,,
000533.SZ,20240930,20241026,11.7195,4.6947,21.8377,6.0832,,,47.8065,36.0594,0.1032,1.2257,,,,,
000533.SZ,20240630,20240820,7.8382,2.3704,21.0593,4.4575,,,48.4995,40.4227,0.0449,1.1672,,,,,
000533.SZ,20240331,20240430,7.168,1.0785,22.6154,4.8388,,,35.8708,49.2641,0.0203,1.1427,,,,,
000533.SZ,20231231,20240416,8.651,4.7433,21.4893,4.3353,,,104.3058,235.9243,0.0932,1.1224,,,,,
000533.SZ,20230930,20231028,8.7241,3.9459,21.1631,4.8033,,,153.9204,164.1289,0.0698,1.1022,,,,,
000533.SZ,20230630,20230829,5.7698,2.0163,20.2835,3.6216,,,48.2646,67.5574,0.0302,1.0627,,,,,
000533.SZ,20230331,20230429,5.7484,0.8889,20.0899,3.7965,,,131.3606,76.3446,0.0149,1.0469,,,,,
000533.SZ,20230331,20230429,5.7484,0.8889,20.0899,3.7965,,,131.3606,76.3446,0.0149,1.0469,,,,,
000534.SZ,20251231,20260421,13.2927,5.5323,71.7472,13.1367,,,2.2195,-10.9016,0.3975,3.1466,,,,,
000534.SZ,20250930,20251027,15.474,5.1051,73.6089,15.9798,,,22.4486,6.5973,0.3402,3.0746,,,,,
000534.SZ,20250630,20250823,16.7138,3.5114,73.0746,17.1515,,,21.8433,2.7592,0.2397,2.9688,,,,,
000534.SZ,20250331,20250428,20.3836,2.3372,75.4891,20.9302,,,10.5228,13.395,0.1457,2.9594,,,,,
000534.SZ,20250331,20250428,20.3836,2.3372,75.4891,20.9302,,,10.5228,13.395,0.1457,2.9594,,,,,
000534.SZ,20241231,20250307,14.9838,7.3597,75.0371,17.2968,,,9.1675,-8.399,0.3932,2.668,,,,,
000534.SZ,20241231,20250307,14.9838,7.3597,75.0371,17.2968,,,9.1675,-8.399,0.3932,2.668,,,,,
000534.SZ,20240930,20241031,15.122,6.0112,76.8744,17.3065,,,13.3605,5.337,0.2806,2.4213,,,,,
000534.SZ,20240630,20240831,16.6078,4.3027,76.8605,19.075,,,12.488,1.0663,0.1975,2.2508,,,,,
000534.SZ,20240331,20240429,22.1384,2.6068,78.6822,21.5883,,,12.4122,8.3421,0.1317,2.2813,,,,,
000534.SZ,20231231,20240330,14.6889,9.5759,74.234,19.2389,,,73.5391,81.0181,0.3574,2.3803,,,,,
000534.SZ,20231231,20240330,14.6889,9.5759,74.234,19.2389,,,73.5391,81.0181,0.3574,2.3803,,,,,
000534.SZ,20230930,20231018,13.5579,6.9054,74.0096,17.0708,,,28.0811,30.7363,0.2421,2.3882,,,,,
000534.SZ,20230630,20230819,13.9654,5.1139,75.8251,18.3101,,,16.8735,26.4364,0.1726,2.5599,,,,,
000534.SZ,20230331,20230428,18.8708,3.0128,80.1321,20.3296,,,79.1593,74.2064,0.1169,2.5634,,,,,
000534.SZ,20230331,20230428,18.8708,3.0128,80.1321,20.3296,,,79.1593,74.2064,0.1169,2.5634,,,,,
000536.SZ,20251231,20260428,-85.8558,-15.2853,-30.1152,-74.955,,,8.6703,8.4797,-0.373,0.4,,,,,
000536.SZ,20250930,20251021,-102.9737,-10.7839,-27.3859,-69.5189,,,14.9432,15.0929,-0.2609,0.2068,,,,,
000536.SZ,20250630,20250815,-90.09,-7.2663,-24.893,-66.1496,,,15.4971,16.1064,-0.1723,0.2959,,,,,
000536.SZ,20250331,20250422,-78.9676,-3.3778,-18.5499,-68.2089,,,9.22,11.7724,-0.0842,0.3844,,,,,
000536.SZ,20241231,20250415,-60.6078,-14.3132,-25.815,-65.0446,,,29.5746,29.862,-0.4084,0.4689,,,,,
000536.SZ,20240930,20241024,-56.4643,-10.2565,-27.5418,-64.5172,,,22.586,22.4942,-0.3068,0.5698,,,,,
000536.SZ,20240630,20240823,-52.5236,-6.6211,-26.2996,-65.278,,,22.3922,21.9451,-0.2039,0.6736,,,,,
000536.SZ,20240331,20240422,-44.6096,-2.8168,-21.8023,-60.7307,,,27.9187,25.9246,-0.0928,0.785,,,,,
000536.SZ,20231231,20240412,-49.6,-17.2781,-54.6355,-110.4129,,,-31.1653,-31.9644,-0.58,0.8789,,,,,
000536.SZ,20230930,20231020,-41.8884,-11.302,-63.98,-135.7091,,,-42.842,-45.0557,-0.3963,1.0629,,,,,
000536.SZ,20230630,20230815,-39.5362,-7.569,-63.7861,-142.3259,,,-98.662,-105.6446,-0.2627,1.1978,,,,,
000536.SZ,20230630,20230815,-39.5362,-7.569,-63.7861,-142.3259,,,-98.662,-105.6446,-0.2627,1.1978,,,,,
000536.SZ,20230331,20230428,-36.898,-3.5023,-64.2493,-145.4413,,,-151.691,-162.8731,-0.1287,1.3312,,,,,
000536.SZ,20230331,20230428,-36.898,-3.5023,-64.2493,-145.4413,,,-151.691,-162.8731,-0.1287,1.3312,,,,,
000537.SZ,20251231,20260428,4.0612,2.1376,47.1033,24.9363,,,-20.6097,7.6928,0.39,9.5997,,,,,
000537.SZ,20250930,20251027,5.4239,1.946,52.1451,32.4272,,,-12.0177,9.4565,0.39,9.6825,,,,,
000537.SZ,20250630,20250829,6.277,1.3243,57.0324,36.6843,,,33.056,46.5354,0.3,9.5885,,,,,
000537.SZ,20250630,20250829,6.277,1.3243,57.0324,36.6843,,,33.056,46.5354,nan,9.5885,,,,,
000537.SZ,20250331,20250429,5.1552,0.5685,52.7816,33.9917,,,52.1782,49.4655,0.12,9.6089,,,,,
000537.SZ,20250331,20250429,5.1552,0.5685,52.7816,33.9917,,,52.1782,49.4655,0.12,9.6089,,,,,
000537.SZ,20241231,20250429,5.4885,2.244,54.7082,30.8182,,,9.678,13.6494,0.5,9.4808,,,,,
000537.SZ,20241231,20250429,5.4885,2.244,54.7082,30.8182,,,9.678,13.6494,0.5,9.4808,,,,,
000537.SZ,20240930,20241030,6.6581,1.9709,59.2258,36.7883,,,13.3069,19.4382,0.46,9.4401,,,,,
000537.SZ,20240930,20241030,6.6581,1.9709,59.2258,36.7883,,,13.3069,19.4382,0.46,9.4401,,,,,
000537.SZ,20240630,20240830,5.1344,1.1485,57.3548,30.0484,,,-16.2173,-9.3851,0.24,9.2186,,,,,
000537.SZ,20240331,20240430,3.8748,0.5595,54.4869,24.9347,,,-28.7897,-12.4744,0.09,9.3063,,,,,
000537.SZ,20231231,20240430,5.4786,3.0347,53.5399,27.6028,,,45.1408,40.5843,0.49,9.2128,,,,,
000537.SZ,20230930,20231030,6.4384,3.1601,56.5474,31.5526,,,29.7279,33.7352,0.43,9.1573,,,,,
000537.SZ,20230630,20230825,6.6826,2.4812,57.2844,32.1584,,,35.1621,41.195,0.3,9.0175,,,,,
000537.SZ,20230331,20230428,5.6764,1.128,54.507,30.3918,,,73.2476,58.1549,0.13,8.9411,,,,,
000537.SZ,20230331,20230428,5.6764,1.128,54.507,30.3918,,,73.2476,58.1549,0.13,8.9411,,,,,
000538.SZ,20251231,20260401,13.0673,11.1526,29.5095,12.6009,,,8.5078,5.73,2.89,22.4429,,,,,
000538.SZ,20250930,20251031,16.2145,10.4563,30.0599,15.6232,,,10.4095,11.8575,2.68,22.2688,,,,,
000538.SZ,20250630,20250830,18.3392,7.8046,30.8567,17.1453,,,13.9262,14.9213,2.04,22.6461,,,,,
000538.SZ,20250331,20250429,19.4436,4.184,31.5545,17.7794,,,13.6732,17.5851,1.08,22.8487,,,,,
000538.SZ,20250331,20250429,19.4436,4.184,31.5545,17.7794,,,13.6732,17.5851,nan,22.8487,,,,,
000538.SZ,20241231,20250401,12.068,10.3594,27.8981,11.9078,,,16.0153,18.2406,2.66,21.7636,,,,,
000538.SZ,20240930,20241030,14.3504,8.9003,28.4014,14.4733,,,4.9291,2.8217,2.42,22.711,,,,,
000538.SZ,20240630,20240827,16.0954,6.5407,29.2955,15.5948,,,12.7587,10.8352,1.79,22.0647,,,,,
000538.SZ,20240331,20240427,16.7144,3.3413,29.9771,15.7694,,,12.1176,10.8566,0.95,23.1404,,,,,
000538.SZ,20231231,20240330,10.4456,8.4998,26.5058,10.5406,,,36.4082,43.2841,2.29,22.1938,,,,,
000538.SZ,20230930,20231031,14.0272,8.7798,27.3734,13.8859,,,78.9008,92.1033,2.31,22.1977,,,,,
000538.SZ,20230630,20230830,14.6716,6.0948,27.5545,13.916,,,88.472,99.8349,1.58,21.4807,,,,,
000538.SZ,20230331,20230427,15.4636,3.1207,27.4201,14.418,,,66.015,59.6104,0.85,22.2773,,,,,
000538.SZ,20230331,20230427,15.4636,3.1207,27.4201,14.418,,,66.015,59.6104,0.85,22.2773,,,,,
000539.SZ,20251231,20260331,2.5894,2.0323,11.3068,2.0016,,,-37.781,-42.7846,0.1143,4.4654,,,,,
000539.SZ,20250930,20251031,3.3611,1.6226,11.4858,2.3106,,,-60.1973,-54.359,0.1112,4.4635,,,,,
000539.SZ,20250630,20250828,0.2834,0.7948,8.871,0.4204,,,-96.4035,-84.9615,0.0062,4.3664,,,,,
000539.SZ,20250630,20250828,0.2834,0.7948,8.871,0.4204,,,-96.4035,-84.9615,0.0062,4.3664,,,,,
000539.SZ,20250331,20250430,-6.7204,0.0669,4.5085,-4.551,,,-403.2062,-197.477,-0.0729,4.3207,,,,,
000539.SZ,20250331,20250430,-6.7204,0.0669,4.5085,-4.551,,,-403.2062,-197.477,-0.0729,4.3207,,,,,
000539.SZ,20241231,20250329,4.2821,2.8079,13.363,3.0701,,,-1.0688,-7.9529,0.1837,4.3607,,,,,
000539.SZ,20240930,20241031,8.5736,2.6914,13.8168,4.8784,,,-15.0427,-15.3156,0.2794,4.4739,,,,,
000539.SZ,20240630,20240831,8.058,1.7176,13.3104,4.7176,,,5.4172,16.3871,0.172,4.3199,,,,,
000539.SZ,20240331,20240430,2.2904,0.6308,11.1599,2.3185,,,42.8049,260.5746,0.0241,4.184,,,,,
000539.SZ,20231231,20240330,4.5992,3.2025,14.6335,2.7231,,,132.702,165.8434,0.19,4.2172,,,,,
000539.SZ,20230930,20231031,10.9208,3.4642,14.5402,5.392,,,201.1473,225.9681,0.3289,4.1759,,,,,
000539.SZ,20230630,20230831,8.2766,1.9492,11.2309,4.1327,,,162.4416,167.8487,0.1631,4.029,,,,,
000539.SZ,20230331,20230422,1.7464,0.5384,7.5812,0.6494,,,119.7085,116.168,0.0168,3.8608,,,,,
000539.SZ,20230331,20230422,1.7464,0.5384,7.5812,0.6494,,,119.7085,116.168,0.0168,3.8608,,,,,
000541.SZ,20251231,20260417,3.2045,1.4778,17.6813,2.4863,,,-51.8481,-53.7542,0.1399,4.4504,,,,,
000541.SZ,20250930,20251030,2.8305,1.0902,18.1105,2.7967,,,-43.8046,-42.1786,0.0918,4.369,,,,,
000541.SZ,20250630,20250828,3.4604,0.8983,18.7064,3.3728,,,-40.1788,-39.6686,0.0749,4.3743,,,,,
000541.SZ,20250331,20250425,3.9148,0.5412,19.5944,4.0694,,,-22.645,-23.5712,0.0422,4.3361,,,,,
000541.SZ,20241231,20250425,6.9392,3.3503,18.5747,5.7855,,,53.667,45.753,0.2905,4.2448,,,,,
000541.SZ,20240930,20241029,5.2765,1.9791,19.0751,4.8808,,,5.124,-2.5624,0.1634,4.1294,,,,,
000541.SZ,20240630,20240831,6.122,1.5477,19.2889,5.2971,,,13.7887,6.476,0.1252,4.0512,,,,,
000541.SZ,20240331,20240430,5.2968,0.731,18.3034,4.5735,,,26.4154,15.5175,0.0545,4.1055,,,,,
000541.SZ,20240331,20240430,5.2968,0.731,18.3034,4.5735,,,26.4154,15.5175,0.0545,4.1055,,,,,
000541.SZ,20231231,20240419,5.068,2.3724,18.7968,4.2471,,,26.0667,6.0627,0.2128,4.0583,,,,,
000541.SZ,20230930,20231027,6.1437,2.2257,18.6777,4.7205,,,6.1232,-7.1466,0.1769,3.8086,,,,,
000541.SZ,20230630,20230830,6.542,1.619,18.2343,4.93,,,3.3066,-8.8792,0.1252,3.7857,,,,,
000541.SZ,20230331,20230429,5.0888,0.7143,17.3439,4.1625,,,6.2757,14.1419,0.0491,3.8456,,,,,
000541.SZ,20230331,20230429,5.0888,0.7143,17.3439,4.1625,,,6.2757,14.1419,0.0491,3.8456,,,,,
000543.SZ,20251231,20260424,12.9517,6.7231,16.2694,11.7525,,,4.1459,7.6892,0.95,7.6602,,,,,
000543.SZ,20250930,20251025,15.4009,5.839,16.6688,13.1051,,,20.4287,26.5866,0.8408,7.5784,,,,,
000543.SZ,20250630,20250826,13.5458,3.3984,16.246,12.2983,,,1.0457,7.3575,0.48,7.1121,,,,,
000543.SZ,20250331,20250428,11.104,1.5255,15.0157,11.1104,,,-1.9804,7.4784,0.1957,7.1191,,,,,
000543.SZ,20241231,20250425,13.9095,6.7386,12.0533,9.9475,,,44.3559,85.8903,0.91,6.9798,,,,,
000543.SZ,20240930,20241028,14.4211,5.125,12.2733,9.9628,,,21.2933,43.9047,0.6982,6.8007,,,,,
000543.SZ,20240630,20240822,15.2382,3.4536,12.1875,10.6481,,,83.0606,127.3732,0.47,6.2878,,,,,
000543.SZ,20240331,20240430,12.8856,1.592,10.8932,9.5002,,,188.2448,217.9704,0.2,6.2858,,,,,
000543.SZ,20231231,20240416,10.8098,4.9883,6.8712,6.2759,,,186.3655,583.2269,0.63,6.1094,,,,,
000543.SZ,20230930,20231027,13.0583,4.5209,8.0288,8.4753,,,161.0417,243.7166,0.5756,6.1965,,,,,
000543.SZ,20230630,20230824,9.0778,2.2058,6.2759,5.9549,,,74.5829,85.1025,0.26,5.8099,,,,,
000543.SZ,20230331,20230428,3.9592,0.6904,4.5509,2.8522,,,-8.5588,0.3851,0.06,5.6577,,,,,
000543.SZ,20230331,20230428,3.9592,0.6904,4.5509,2.8522,,,-8.5588,0.3851,0.06,5.6577,,,,,
000544.SZ,20251231,20260403,10.2683,4.3955,46.8145,19.7574,,,4.1643,0.7919,1.0593,9.3444,,,,,
000544.SZ,20250930,20251030,13.0951,3.9548,52.2481,27.2421,,,2.8603,-1.0491,1.0206,9.3084,,,,,
000544.SZ,20250630,20250828,13.9948,2.7158,55.5541,29.6694,,,-0.0946,-5.1307,0.6999,8.992,,,,,
000544.SZ,20250630,20250828,13.9948,2.7158,55.5541,29.6694,,,-0.0946,-5.1307,0.6999,8.992,,,,,
000544.SZ,20250331,20250426,14.3504,1.4382,57.8551,32.5008,,,-14.0717,-15.4752,0.3601,8.9052,,,,,
000544.SZ,20241231,20250322,11.9058,4.9057,44.3144,19.6825,,,20.0034,11.3992,1.0251,8.5542,,,,,
000544.SZ,20240930,20241029,15.3487,4.3759,48.0444,25.4405,,,19.3206,14.0461,1.024,8.5559,,,,,
000544.SZ,20240630,20240829,16.5374,3.0904,46.6354,25.1211,,,17.7687,14.6734,0.7221,8.2316,,,,,
000544.SZ,20240331,20240427,20.9868,1.7641,47.1765,28.4437,,,50.3406,45.4472,0.4287,8.1298,,,,,
000544.SZ,20231231,20240330,12.1254,5.5325,28.1738,11.579,,,20.4705,13.7494,0.8825,7.6979,,,,,
000544.SZ,20230930,20231028,15.7419,4.8387,32.7505,16.5926,,,32.5824,29.3198,0.8582,7.6801,,,,,
000544.SZ,20230630,20230826,17.1632,3.4089,32.7136,17.9457,,,63.3471,54.3115,0.6132,7.433,,,,,
000544.SZ,20230331,20230428,9.4028,1.312,37.2047,15.9023,,,23.4638,27.0364,0.16,7.0167,,,,,
000544.SZ,20230331,20230428,9.4028,1.312,37.2047,15.9023,,,23.4638,27.0364,0.16,7.0167,,,,,
000545.SZ,20251231,20260428,-55.0249,-19.2592,-3.7621,-31.6308,,,-102.3075,-79.495,-0.501,0.6591,,,,,
000545.SZ,20250930,20251030,-30.1348,-9.2678,-2.4431,-18.8116,,,-325.094,-315.2618,-0.2358,0.9243,,,,,
000545.SZ,20250630,20250826,-35.3408,-6.7107,-2.0376,-20.2468,,,-829.7083,-699.3044,-0.1884,0.9708,,,,,
000545.SZ,20250331,20250429,-5.408,-0.471,2.8278,-2.8379,,,-13.3438,-8.9393,-0.014,1.1442,,,,,
000545.SZ,20250331,20250429,-5.408,-0.471,2.8278,-2.8379,,,-13.3438,-8.9393,-0.014,1.1442,,,,,
000545.SZ,20241231,20250429,-19.4263,-9.1446,2.5021,-11.8986,,,-39.8139,-43.9275,-0.2477,1.1619,,,,,
000545.SZ,20240930,20241026,-5.3949,-1.7291,5.486,-3.3703,,,46.3709,49.2611,-0.0555,1.3536,,,,,
000545.SZ,20240930,20241026,-5.3949,-1.7291,5.486,-3.3703,,,46.3709,49.2611,-0.0555,1.3536,,,,,
000545.SZ,20240630,20240808,-2.9176,-0.5438,7.1933,-1.7709,,,76.3765,75.9246,-0.0203,1.3909,,,,,
000545.SZ,20240331,20240429,-3.9424,-0.4748,5.5224,-2.4117,,,81.0752,79.7351,-0.0138,1.4032,,,,,
000545.SZ,20231231,20240429,-10.2252,-5.5344,3.6637,-7.1177,,,-10.6383,-11.31,-0.1628,1.3877,,,,,
000545.SZ,20230930,20231027,-7.6429,-3.3054,1.5736,-5.4361,,,-492.405,-765.1693,-0.0933,1.4586,,,,,
000545.SZ,20230630,20230810,-9.7254,-2.7948,-0.5822,-6.9937,,,-286.979,-321.0705,-0.0795,1.4712,,,,,
000545.SZ,20230331,20230429,-17.7608,-2.6293,-3.9387,-12.1433,,,-308.5818,-315.6522,-0.0727,1.4768,,,,,
000545.SZ,20230331,20230429,-17.7608,-2.6293,-3.9387,-12.1433,,,-308.5818,-315.6522,-0.0727,1.4768,,,,,
000546.SZ,20251231,20260428,-6.2483,-5.0163,-1.5299,-3.2213,,,-733.9399,-792.8899,-0.32,5.0111,,,,,
000546.SZ,20250930,20251028,-3.304,-2.33,-3.4764,-1.8999,,,-187.5098,-232.7313,-0.131,5.2189,,,,,
000546.SZ,20250930,20251028,-3.304,-2.33,-3.4764,-1.8999,,,-187.5098,-232.7313,-0.131,5.2189,,,,,
000546.SZ,20250630,20250830,-2.3978,-1.391,-3.1679,-1.6476,,,-128.5325,-140.2174,-0.0638,5.2873,,,,,
000546.SZ,20250331,20250430,1.5512,0.2063,-0.4993,0.5265,,,-29.9158,-5.2462,0.0208,5.3718,,,,,
000546.SZ,20250331,20250430,1.5512,0.2063,-0.4993,0.5265,,,-29.9158,-5.2462,0.0208,5.3718,,,,,
000546.SZ,20241231,20250425,0.9511,-1.0315,-0.2614,-0.338,,,105.8548,95.7382,0.05,5.3441,,,,,
000546.SZ,20240930,20241031,3.6863,1.1174,0.6402,1.7036,,,253.5309,157.5202,0.1494,5.431,,,,,
000546.SZ,20240630,20240822,8.2018,2.3165,2.6087,5.9402,,,657.8289,264.3574,0.23,5.5057,,,,,
000546.SZ,20240331,20240430,2.2128,0.1251,3.8812,1.5222,,,255.1072,128.2055,0.0296,5.33,,,,,
000546.SZ,20231231,20240424,-14.9859,-10.4715,1.6421,-27.4417,,,-221.7421,-73.6283,-0.87,5.3799,,,,,
000546.SZ,20230930,20231027,-2.0935,-2.1105,2.7059,-9.2689,,,-133.7288,-229.1554,-0.0972,6.1545,,,,,
000546.SZ,20230630,20230825,-1.2848,-1.26,-1.2657,-8.6545,,,-228.2993,-177.7615,-0.04,6.1961,,,,,
000546.SZ,20230331,20230429,-1.2252,-0.6861,-5.4063,-5.9376,,,-3.4743,7.175,-0.019,6.2091,,,,,
000546.SZ,20230331,20230429,-1.2252,-0.6861,-5.4063,-5.9376,,,-3.4743,7.175,-0.019,6.2091,,,,,
000547.SZ,20251231,20260429,-28.8543,-13.7159,-2.119,-56.5945,,,21.7666,22.7239,-0.82,2.4284,,,,,
000547.SZ,20250930,20251028,-13.1804,-5.1286,5.0915,-32.2713,,,12.3797,12.1024,-0.31,2.9409,,,,,
000547.SZ,20250930,20251028,-13.1804,-5.1286,5.0915,-32.2713,,,12.3797,12.1024,nan,13.1175,,,,,
000547.SZ,20250630,20250823,-15.1332,-3.9123,4.5373,-61.8045,,,-4.0536,-8.8233,-0.24,3.0103,,,,,
000547.SZ,20250331,20250430,-14.2048,-1.8771,7.9314,-74.7318,,,-3.3391,-12.615,-0.11,3.1329,,,,,
000547.SZ,20241231,20250419,-27.7614,-15.5958,-11.7911,-98.4741,,,13.0682,17.613,-1.05,3.2462,,,,,
000547.SZ,20240930,20241031,-11.2995,-5.3126,10.6715,-55.5966,,,-6.4848,-18.6144,-0.35,3.9441,,,,,
000547.SZ,20240630,20240829,-10.8866,-3.1907,13.3701,-46.0601,,,-11.1665,-13.5523,-0.23,4.0655,,,,,
000547.SZ,20240331,20240430,-10.3452,-1.5536,17.5354,-44.0123,,,-52.021,-45.8814,-0.11,4.1832,,,,,
000547.SZ,20231231,20240430,-24.5016,-16.7871,-17.4901,-121.1798,,,-5973.1432,-4474.1553,-1.2,4.2927,,,,,
000547.SZ,20230930,20231031,-8.1639,-4.0871,17.6752,-35.2291,,,-385.8195,-365.775,-0.32,5.1728,,,,,
000547.SZ,20230630,20230831,-7.7242,-2.5926,18.4742,-30.7465,,,-295.5224,-275.022,-0.21,5.33,,,,,
000547.SZ,20230331,20230429,-5.2248,-0.9598,16.0714,-25.2869,,,-179.8912,-176.9139,-0.07,5.5068,,,,,
000547.SZ,20230331,20230429,-5.2008,-0.9586,16.0714,-25.2869,,,-179.8912,-176.9139,-0.07,5.5068,,,,,
000548.SZ,20251231,20260404,2.057,3.206,43.1897,8.0989,,,-48.3349,-31.9854,0.0843,4.1138,,,,,
000548.SZ,20250930,20251031,3.6624,3.1478,44.9181,14.8941,,,-38.5921,-32.8458,0.11,4.1424,,,,,
000548.SZ,20250630,20250823,3.5228,1.9899,43.6035,13.6963,,,-43.4753,-37.508,0.07,4.1016,,,,,
000548.SZ,20250331,20250426,3.8688,1.0429,48.0444,18.2706,,,-44.8406,-42.7046,0.04,4.1192,,,,,
000548.SZ,20250331,20250426,3.8688,1.0429,48.0444,18.2706,,,-44.8406,-42.7046,0.04,4.1192,,,,,
000548.SZ,20241231,20250403,4.0342,4.2998,41.251,12.8999,,,-45.245,-42.5353,0.16,4.0795,,,,,
000548.SZ,20240930,20241026,6.0488,4.2617,40.2722,17.852,,,35.1145,28.3787,0.184,4.1003,,,,,
000548.SZ,20240630,20240831,6.3336,2.9293,38.0196,16.5403,,,72.556,64.1281,0.13,4.0439,,,,,
000548.SZ,20240331,20240427,7.1128,1.6695,36.7975,15.9659,,,86.3128,86.7193,0.07,4.0783,,,,,
000548.SZ,20231231,20240403,7.7032,6.9664,31.0472,11.8972,,,320.0868,278.9959,0.3,4.0064,,,,,
000548.SZ,20230930,20231028,4.7936,2.7853,49.4705,21.1187,,,187.826,155.4007,0.1361,3.8435,,,,,
000548.SZ,20230630,20230824,3.9352,1.5376,50.0836,17.2794,,,207.6208,164.5215,0.0739,3.7813,,,,,
000548.SZ,20230331,20230427,4.1188,0.7932,48.6719,17.6694,,,134.2662,110.1151,0.039,3.766,,,,,
000548.SZ,20230331,20230427,4.1188,0.7932,48.6719,17.6694,,,134.2662,110.1151,0.039,3.766,,,,,
000550.SZ,20251231,20260328,10.329,3.8676,13.5777,2.0918,,,-22.7483,10.507,1.38,13.5543,,,,,
000550.SZ,20250930,20251022,8.8592,4.0763,14.0427,1.6717,,,-35.7568,30.4302,0.87,13.0406,,,,,
000550.SZ,20250630,20250827,13.0074,2.4284,14.1094,4.0547,,,-18.1748,46.2708,0.85,13.0214,,,,,
000550.SZ,20250331,20250424,10.6944,1.2834,11.8074,3.8831,,,-36.563,102.4225,0.35,13.4352,,,,,
000550.SZ,20250331,20250424,10.6944,1.2834,11.8074,3.8831,,,-36.563,102.4225,0.35,13.4352,,,,,
000550.SZ,20241231,20250329,14.2047,3.5995,14.1304,3.1406,,,4.1706,58.8121,1.78,13.082,,,,,
000550.SZ,20240930,20241024,14.6133,3.4763,13.8605,3.2646,,,15.5171,57.4602,1.35,12.6608,,,,,
000550.SZ,20240630,20240830,17.0518,1.5275,13.5613,3.4089,,,22.7715,60.0577,1.04,12.3445,,,,,
000550.SZ,20240331,20240424,18.2168,0.817,12.2868,2.9978,,,163.9524,9.835,0.56,12.55,,,,,
000550.SZ,20231231,20240330,15.0618,2.0807,15.382,3.2095,,,61.2588,-11.658,1.71,11.9902,,,,,
000550.SZ,20230930,20231025,14.0639,2.7206,15.3674,2.86,,,40.7521,-26.3264,1.17,11.4648,,,,,
000550.SZ,20230630,20230830,15.4692,0.9254,14.7312,2.8946,,,61.233,-17.0731,0.84,11.1405,,,,,
000550.SZ,20230630,20230830,15.4692,0.9254,14.7312,2.8946,,,61.233,-17.0731,nan,11.1405,,,,,
000550.SZ,20230331,20230427,7.8304,0.7681,13.3814,2.0707,,,-5.7898,-16.7685,0.21,10.9203,,,,,
000550.SZ,20230331,20230427,7.8304,0.7681,13.3814,2.0707,,,-5.7898,-16.7685,0.21,10.9203,,,,,
000551.SZ,20251231,20260408,10.677,7.6288,26.4883,10.2015,,,17.6896,18.1378,0.6105,5.9928,,,,,
000551.SZ,20250930,20251030,10.7227,5.9946,25.7848,10.3274,,,3.2466,3.6561,0.4524,5.8048,,,,,
000551.SZ,20250630,20250819,11.8556,4.2646,25.5795,11.2934,,,11.1456,11.7069,0.401,6.9793,,,,,
000551.SZ,20250331,20250429,11.9696,2.1618,24.2347,9.7675,,,27.1527,22.3068,0.198,6.6604,,,,,
000551.SZ,20250331,20250429,11.9696,2.1618,24.2347,9.7675,,,27.1527,22.3068,0.198,6.6604,,,,,
000551.SZ,20241231,20250408,10.1098,6.7637,23.828,9.0663,,,61.3887,41.8914,0.6249,6.4869,,,,,
000551.SZ,20240930,20241030,11.6007,5.882,23.2465,9.7111,,,54.4801,46.3281,0.5278,6.2554,,,,,
000551.SZ,20240630,20240820,12.159,3.9786,22.4536,9.6527,,,61.6502,46.3004,0.3618,6.0254,,,,,
000551.SZ,20240331,20240430,10.5352,1.791,21.8063,8.1735,,,62.5699,46.5607,0.156,5.9597,,,,,
000551.SZ,20240331,20240430,10.5352,1.791,21.8063,8.1735,,,62.5699,46.5607,0.156,5.9597,,,,,
000551.SZ,20231231,20240409,6.7008,4.7485,21.5268,6.2501,,,-5.2659,1.6519,0.3844,5.7869,,,,,
000551.SZ,20230930,20231028,7.9547,4.0036,21.5066,7.0681,,,14.4577,13.5317,0.3424,5.6818,,,,,
000551.SZ,20230930,20231028,7.9547,4.0036,21.5066,7.0681,,,14.4577,13.5317,nan,5.6818,,,,,
000551.SZ,20230630,20230822,7.8332,2.6411,21.3351,6.8308,,,2.7216,13.9106,0.2243,5.6559,,,,,
000551.SZ,20230331,20230429,6.6712,1.23,21.9164,6.0007,,,1.2807,9.9625,0.0961,5.7236,,,,,
000551.SZ,20230331,20230429,6.6712,1.23,21.9164,6.0007,,,1.2807,9.9625,0.0961,5.7236,,,,,
000552.SZ,20251231,20260428,-1.2691,-0.1609,15.7989,-2.7739,,,-117.4918,-117.1241,-0.04,3.0065,,,,,
000552.SZ,20250930,20251031,-2.1889,-0.4808,14.4171,-4.5731,,,-126.6903,-118.1368,-0.0515,3.0542,,,,,
000552.SZ,20250630,20250822,-2.1448,-0.341,16.3758,-4.9725,,,-120.3035,-113.9951,-0.034,3.1341,,,,,
000552.SZ,20250331,20250429,1.2,0.2683,21.0759,2.5568,,,-90.4822,-89.9544,0.0095,3.1477,,,,,
000552.SZ,20250331,20250429,1.2,0.2683,21.0759,2.5568,,,-90.4822,-89.9544,0.0095,3.1477,,,,,
000552.SZ,20241231,20250429,7.3837,4.8966,32.8798,12.6558,,,-30.1278,-33.5656,0.23,3.0946,,,,,
000552.SZ,20240930,20241031,8.3307,4.2855,32.6516,13.2355,,,-33.8493,-34.423,0.1928,3.1194,,,,,
000552.SZ,20240930,20241031,8.3307,4.2855,32.6516,13.2355,,,-33.8493,-34.423,0.1928,3.1194,,,,,
000552.SZ,20240630,20240823,10.937,3.6736,33.7525,15.9785,,,-29.9055,-33.6026,0.1677,3.0802,,,,,
000552.SZ,20240331,20240430,13.0848,1.958,36.595,19.0344,,,-44.0122,-44.4924,0.1002,3.0776,,,,,
000552.SZ,20240331,20240430,13.0848,1.958,36.595,19.0344,,,-44.0122,-44.4924,0.1002,3.0776,,,,,
000552.SZ,20231231,20240416,12.0249,7.6594,35.8913,15.4817,,,-45.1582,-42.3544,0.37,2.932,,,,,
000552.SZ,20230930,20231025,15.3163,7.1138,35.8432,18.1904,,,-42.8334,-39.5344,0.3382,3.0232,,,,,
000552.SZ,20230630,20230817,19.1706,6.0855,40.253,22.3178,,,-37.9599,-31.3873,0.2776,2.9267,,,,,
000552.SZ,20230331,20230428,28.4772,4.3118,47.9838,30.4358,,,-25.9491,-24.2369,0.2078,2.9724,,,,,
000552.SZ,20230331,20230428,28.4772,4.3118,47.9838,30.4358,,,-25.9491,-24.2369,0.2078,2.9724,,,,,
000553.SZ,20251231,20260328,-5.7195,0.2628,26.3356,-3.6128,,,63.9805,58.8758,-0.4488,7.5437,,,,,
000553.SZ,20250930,20251030,-3.0111,0.0167,26.171,-1.9504,,,76.9978,70.7441,-0.1815,7.9205,,,,,
000553.SZ,20250630,20250827,-0.8482,0.5959,26.584,-0.5348,,,91.0208,78.0402,-0.0345,8.1144,,,,,
000553.SZ,20250331,20250429,3.1712,0.6553,27.1738,2.107,,,166.4006,169.253,0.065,8.213,,,,,
000553.SZ,20250331,20250429,3.1712,0.6553,27.1738,2.107,,,166.4006,169.253,0.065,8.213,,,,,
000553.SZ,20241231,20250314,-14.1912,-2.4886,22.8537,-9.8454,,,-80.7851,-49.3543,-1.2461,8.1513,,,,,
000553.SZ,20240930,20241031,-11.7536,-1.5564,22.1859,-8.5401,,,-76.3223,-31.6261,-0.789,8.4895,,,,,
000553.SZ,20240630,20240829,-8.3424,-0.3132,23.0459,-6.0017,,,-269.5411,-75.2397,-0.38,9.0061,,,,,
000553.SZ,20240331,20240426,-4.1776,0.1469,24.2452,-3.0311,,,-373.3239,-406.7338,-0.098,9.2981,,,,,
000553.SZ,20231231,20240327,-7.1295,-1.1102,20.7305,-4.8991,,,-363.5233,-300.0933,-0.69,9.4104,,,,,
000553.SZ,20230930,20231031,-6.0741,-0.8024,21.1855,-4.2274,,,-235.7132,-227.9639,-0.4474,9.7185,,,,,
000553.SZ,20230630,20230831,-2.071,0.1916,22.5725,-1.4035,,,-133.077,-141.9012,-0.1,10.1487,,,,,
000553.SZ,20230331,20230425,1.446,0.5046,24.5947,0.9671,,,-80.5279,-86.7905,0.036,9.8477,,,,,
000553.SZ,20230331,20230425,1.446,0.5046,24.5947,0.9671,,,-80.5279,-86.7905,0.036,9.8477,,,,,
000554.SZ,20251231,20260424,14.3954,12.6272,16.8438,4.9088,,,55.6969,60.7704,0.3217,2.3192,,,,,
000554.SZ,20250930,20251023,13.7705,9.2354,16.4111,4.7457,,,112.3173,131.7719,0.2354,2.4093,,,,,
000554.SZ,20250930,20251023,13.7705,9.2354,16.4111,4.7457,,,112.3173,131.7719,0.2354,2.4093,,,,,
000554.SZ,20250630,20250828,17.214,7.1186,17.3512,5.7784,,,154.6073,164.7211,0.1902,2.2708,,,,,
000554.SZ,20250630,20250828,17.214,7.1186,17.3512,5.7784,,,154.6073,164.7211,0.1902,2.2708,,,,,
000554.SZ,20250331,20250425,19.9312,4.0076,17.6804,6.6255,,,185.736,184.4019,0.1102,2.272,,,,,
000554.SZ,20241231,20250425,9.9894,7.2378,15.6031,3.0303,,,184.7213,125.2991,0.2066,2.1497,,,,,
000554.SZ,20240930,20241031,7.2844,4.1842,11.1348,2.126,,,127.9071,95.0673,0.1109,2.0727,,,,,
000554.SZ,20240930,20241031,7.2844,4.1842,11.1348,2.126,,,127.9071,95.0673,0.1109,2.0727,,,,,
000554.SZ,20240630,20240823,7.3964,3.0668,10.749,2.1594,,,170.2616,114.1861,0.0747,2.0542,,,,,
000554.SZ,20240331,20240425,7.7428,1.5257,10.2406,2.2344,,,144.2768,155.4814,0.0386,1.9969,,,,,
000554.SZ,20231231,20240425,3.6929,3.3343,10.5466,0.9687,,,199.7201,98.4203,0.07,1.9865,,,,,
000554.SZ,20230930,20231027,3.3115,2.4085,8.5112,0.8882,,,211.1499,119.9078,0.0487,1.9749,,,,,
000554.SZ,20230630,20230825,2.8254,1.2436,8.3433,0.8005,,,216.7217,115.0273,0.028,1.9708,,,,,
000554.SZ,20230331,20230428,3.236,0.5513,7.6949,0.9333,,,167.1271,90.4466,0.016,1.9588,,,,,
000554.SZ,20230331,20230428,3.236,0.5513,7.6949,0.9333,,,167.1271,90.4466,0.016,1.9588,,,,,
000555.SZ,20251231,20260331,0.9959,0.4891,12.3974,0.3563,,,110.7675,101.64,0.0587,5.8293,,,,,
000555.SZ,20250930,20251031,-2.5461,-1.3973,11.5119,-1.9544,,,9.4519,-3.8607,-0.1111,5.6791,,,,,
000555.SZ,20250630,20250828,-3.4414,-1.0254,13.226,-3.0045,,,-25.9303,-30.201,-0.1003,5.6964,,,,,
000555.SZ,20250331,20250426,-6.642,-1.0294,12.7601,-5.2764,,,-64.6257,-73.3252,-0.0967,5.6886,,,,,
000555.SZ,20250331,20250426,-6.642,-1.0294,12.7601,-5.2764,,,-64.6257,-73.3252,-0.0967,5.6886,,,,,
000555.SZ,20241231,20250329,-8.8254,-3.9132,14.939,-5.3631,,,-353.0135,-320.8316,-0.5445,5.784,,,,,
000555.SZ,20240930,20241031,-2.5637,-1.4997,13.6054,-2.696,,,-235.9592,-652.7445,-0.1225,6.1858,,,,,
000555.SZ,20240630,20240831,-2.4858,-0.8489,13.4852,-2.5517,,,-194.6387,-323.3669,-0.0794,6.2341,,,,,
000555.SZ,20240331,20240427,-3.6468,-0.6948,15.5277,-3.9754,,,-594.3065,-2211.1866,-0.0585,6.3057,,,,,
000555.SZ,20231231,20240329,3.3806,1.8712,15.3461,1.6881,,,0.2979,26.4614,0.2144,6.3359,,,,,
000555.SZ,20230930,20231031,1.8995,0.3422,16.6908,0.9236,,,-27.9156,166.2839,0.0898,6.2598,,,,,
000555.SZ,20230630,20230831,2.6602,0.4098,16.7709,1.513,,,-30.2075,13.8679,0.0837,6.2404,,,,,
000555.SZ,20230331,20230429,0.7544,-0.016,15.3896,0.2149,,,-63.3324,-122.7929,0.0118,6.1909,,,,,
000555.SZ,20230331,20230429,0.7544,-0.016,15.3896,0.2149,,,-63.3324,-122.7929,0.0118,6.1909,,,,,
000557.SZ,20251231,20260429,4.7016,4.0987,16.9267,22.0104,,,11.2353,0.2367,0.2006,4.3435,,,,,
000557.SZ,20250930,20251030,6.2979,4.1418,18.5957,29.9292,,,31.4631,18.9564,0.2021,4.3655,,,,,
000557.SZ,20250930,20251030,6.2979,4.1418,18.5957,29.9292,,,31.4631,18.9564,0.2021,4.3655,,,,,
000557.SZ,20250630,20250827,9.463,4.2823,26.5912,45.9523,,,88.7008,64.1057,0.202,4.3472,,,,,
000557.SZ,20250331,20250425,4.2804,0.9569,27.1306,20.6678,,,-22.0059,-23.8124,0.0451,4.2377,,,,,
000557.SZ,20241231,20250425,4.4009,4.1794,26.9839,19.5498,,,8.5012,12.8546,0.1803,4.1899,,,,,
000557.SZ,20240930,20241029,5.0153,3.5227,27.6838,22.5344,,,13.8993,9.1367,0.1537,4.166,,,,,
000557.SZ,20240630,20240828,5.2708,2.5285,31.5816,24.0587,,,23.1023,21.743,0.107,4.1165,,,,,
000557.SZ,20240331,20240426,5.7304,1.3908,32.6331,25.6952,,,6.2664,4.53,0.0578,4.0655,,,,,
000557.SZ,20231231,20240426,4.236,3.9595,20.5997,14.5562,,,1.8595,-5.1138,0.1662,4.0059,,,,,
000557.SZ,20230930,20231026,4.5993,3.1837,22.6032,16.4136,,,-13.4904,-12.5679,0.1349,3.9819,,,,,
000557.SZ,20230630,20230823,4.4736,2.0812,24.5181,17.9876,,,-16.1744,-14.4511,0.0869,3.9322,,,,,
000557.SZ,20230331,20230425,5.6236,1.3769,28.5306,21.0073,,,11.8363,11.1619,0.0544,3.8979,,,,,
000557.SZ,20230331,20230425,5.6236,1.3769,28.5306,21.0073,,,11.8363,11.1619,0.0544,3.8979,,,,,
000558.SZ,20251231,20260423,-1.9699,0.3644,18.1208,-3.7895,,,15.2777,-18.5045,-0.0161,0.8117,,,,,
000558.SZ,20250930,20251029,-2.3293,0.2378,27.2063,-5.5384,,,-108.6354,-93.5778,-0.0143,0.8135,,,,,
000558.SZ,20250630,20250828,1.394,1.3946,34.1428,9.2621,,,-1.6498,36.6798,0.0058,0.8305,,,,,
000558.SZ,20250630,20250828,1.394,1.3946,34.1428,9.2621,,,-1.6498,36.6798,0.0058,0.8305,,,,,
000558.SZ,20250331,20250429,10.3196,2.442,42.1361,25.2618,,,4.9842,22.8767,0.0216,0.8463,,,,,
000558.SZ,20250331,20250429,10.3196,2.442,42.1361,25.2618,,,4.9842,22.8767,0.0216,0.8463,,,,,
000558.SZ,20241231,20250425,-2.2852,-0.5963,18.7486,-5.2931,,,-143.6446,-125.6764,-0.019,0.8247,,,,,
000558.SZ,20240930,20241030,-1.0901,-0.011,31.1176,-4.0601,,,6.5858,-171.3152,-0.0069,0.8376,,,,,
000558.SZ,20240630,20240828,1.3914,1.0792,43.7273,13.9858,,,-37.1493,-52.0943,0.0059,0.846,,,,,
000558.SZ,20240331,20240426,9.6568,2.4264,62.1998,43.1615,,,-29.2391,-36.7329,0.0205,0.8607,,,,,
000558.SZ,20231231,20240426,5.1807,3.8586,36.1628,24.545,,,433.0392,1145.1919,0.0436,0.8402,,,,,
000558.SZ,20230930,20231026,-2.5024,-0.2884,37.4454,-13.3122,,,-12.9149,60.4642,-0.0159,0.8469,,,,,
000558.SZ,20230630,20230825,-1.417,0.289,40.723,-3.5926,,,56.2178,101.5363,-0.0059,0.8365,,,,,
000558.SZ,20230331,20230429,2.3512,0.9616,47.8403,14.2456,,,176.2671,289.6361,0.005,0.8474,,,,,
000558.SZ,20230331,20230429,2.3512,0.9616,47.8403,14.2456,,,176.2671,289.6361,0.005,0.8474,,,,,
000559.SZ,20251231,20260407,11.5856,5.4559,17.7535,7.8047,,,8.8933,13.3922,0.31,2.6322,,,,,
000559.SZ,20250930,20251028,11.1167,3.8443,17.3257,7.4968,,,7.9187,8.6329,0.234,2.8352,,,,,
000559.SZ,20250930,20251028,11.1167,3.8443,17.3257,7.4968,,,7.9187,8.6329,0.234,2.8352,,,,,
000559.SZ,20250630,20250827,11.7176,2.6515,18.2599,7.8028,,,9.3043,9.728,0.162,2.7562,,,,,
000559.SZ,20250331,20250426,12.6112,1.4823,17.9343,8.4494,,,5.2853,7.7631,0.089,2.861,,,,,
000559.SZ,20241231,20250426,10.5611,5.076,17.8789,7.4401,,,15.7613,11.4217,0.29,2.7696,,,,,
000559.SZ,20240930,20241026,10.6349,3.7744,18.6585,7.6994,,,18.2162,20.751,0.217,2.7569,,,,,
000559.SZ,20240630,20240827,11.0466,2.6263,18.3132,7.7616,,,12.2344,15.3991,0.148,2.6811,,,,,
000559.SZ,20240630,20240827,11.0466,2.6263,15.6496,6.6327,,,12.2344,15.3991,0.148,2.6811,,,,,
000559.SZ,20240331,20240430,12.3844,1.4875,19.0726,10.2418,,,7.0686,9.3601,0.084,2.7644,,,,,
000559.SZ,20231231,20240430,9.3588,4.9301,16.029,5.9576,,,1.5392,9.8903,0.25,2.6815,,,,,
000559.SZ,20230930,20231027,9.4488,3.5775,14.4584,5.5129,,,-1.4223,-3.8827,0.183,2.5456,,,,,
000559.SZ,20230630,20230824,10.2946,2.586,15.0454,6.0446,,,-1.8803,-5.7135,0.132,2.4947,,,,,
000559.SZ,20230630,20230824,10.2946,2.586,15.0454,6.0446,,,-1.8803,-5.7135,0.132,2.4947,,,,,
000559.SZ,20230331,20230426,11.7888,1.4941,14.9987,7.4609,,,0.0122,-9.2815,0.079,2.7111,,,,,
000559.SZ,20230331,20230426,11.7888,1.4941,14.9987,7.4609,,,0.0122,-9.2815,0.079,2.7111,,,,,
000560.SZ,20251231,20260421,-1.0355,1.2534,9.2337,-0.8586,,,-231.6279,-160.7354,-0.041,3.9385,,,,,
000560.SZ,20250930,20251030,0.6003,1.4146,9.0826,0.6366,,,398.75,1206.8923,0.018,3.9973,,,,,
000560.SZ,20250630,20250827,0.8172,1.0304,9.874,0.8269,,,30.802,-9.0486,0.0163,3.9957,,,,,
000560.SZ,20250331,20250430,0.2672,0.5443,10.2821,0.5116,,,-75.2915,-116.793,0.0027,3.9887,,,,,
000560.SZ,20241231,20250410,0.7786,2.2856,9.7744,0.5587,,,108.6541,116.6131,0.0312,3.9847,,,,,
000560.SZ,20240930,20241031,0.1193,1.4967,7.3645,0.1078,,,112.4931,86.8181,0.0036,4.0278,,,,,
000560.SZ,20240630,20240831,0.6188,1.1254,8.6463,0.4884,,,160.1458,192.6469,0.0125,4.0368,,,,,
000560.SZ,20240331,20240426,1.07,0.6015,8.5324,1.0599,,,-50.9713,-59.0123,0.0108,4.0337,,,,,
000560.SZ,20231231,20240426,-8.5822,-0.7516,9.4665,-7.0293,,,-173.9123,-194.6353,-0.3601,4.0208,,,,,
000560.SZ,20230930,20231031,-0.8813,1.2571,10.4559,-0.6412,,,68.9834,88.5513,-0.0288,4.3538,,,,,
000560.SZ,20230630,20230825,-0.9492,0.7791,10.8652,-0.773,,,87.2773,91.8638,-0.0207,4.3604,,,,,
000560.SZ,20230331,20230428,2.0052,0.6219,14.4793,1.7532,,,121.4544,125.4053,0.022,4.3958,,,,,
000560.SZ,20230331,20230428,2.0052,0.6219,14.4793,1.7532,,,121.4544,125.4053,0.022,4.3958,,,,,
000561.SZ,20251231,20260429,-12.5108,-5.4581,33.4111,-18.2963,,,-153.55,-137.4973,-0.3949,3.419,,,,,
000561.SZ,20250930,20251031,-4.7483,-1.4163,35.5905,-8.9802,,,-257.8554,-147.1516,-0.1015,3.6507,,,,,
000561.SZ,20250630,20250830,-7.281,-1.5629,36.9734,-16.9888,,,-212.7029,-215.6902,-0.1037,4.2041,,,,,
000561.SZ,20250331,20250430,-10.6608,-1.1133,32.6812,-25.6308,,,5.7185,4.5187,-0.073,3.843,,,,,
000561.SZ,20241231,20250426,-8.2955,-3.6805,29.7424,-13.4609,,,-390.4165,-348.7541,-0.25,2.9304,,,,,
000561.SZ,20240930,20241031,-4.198,-1.4664,35.355,-9.6823,,,-194.0973,-228.217,-0.0971,3.0307,,,,,
000561.SZ,20240630,20240829,-5.3118,-1.166,33.3983,-11.5179,,,-1244.6773,-1011.481,-0.0821,3.0469,,,,,
000561.SZ,20240331,20240430,-12.5932,-1.5552,25.8893,-48.3336,,,-210.9755,-244.1978,-0.1,3.0373,,,,,
000561.SZ,20231231,20240412,2.8311,1.8358,35.7802,4.2744,,,-46.4126,-30.09,0.09,3.1345,,,,,
000561.SZ,20230930,20231031,-1.4676,-0.3735,39.0233,-3.3903,,,-711.6997,-1164.184,-0.033,3.0098,,,,,
000561.SZ,20230630,20230823,0.4742,0.2675,41.8596,0.905,,,-29.6825,-45.1015,0.0072,3.0634,,,,,
000561.SZ,20230331,20230418,-4.2092,-0.4232,40.9446,-9.933,,,46.2369,49.8059,-0.03,2.9511,,,,,
000561.SZ,20230331,20230418,-4.2092,-0.4232,40.9446,-9.933,,,46.2369,49.8059,-0.03,2.9511,,,,,
000563.SZ,20251231,20260210,7.7791,None,None,48.5211,,,5.2543,4.036,0.2801,3.7043,,,,,
000563.SZ,20250930,20251028,7.2843,None,None,46.0909,,,6.6001,7.1837,0.1948,3.6325,,,,,
000563.SZ,20250630,20250827,8.0078,None,None,53.0881,,,5.7447,5.8096,0.1419,3.5897,,,,,
000563.SZ,20250331,20250425,8.5612,None,None,54.7828,,,5.2741,5.3153,0.0757,3.5734,,,,,
000563.SZ,20241231,20250318,7.7827,None,None,46.4898,,,25.7342,27.0127,0.2661,3.4978,,,,,
000563.SZ,20240930,20241029,7.18,None,None,46.3418,,,12.282,12.4293,0.1827,3.4443,,,,,
000563.SZ,20240630,20240827,7.9544,None,None,48.7245,,,14.4945,14.4898,0.1342,3.4058,,,,,
000563.SZ,20240331,20240426,8.5128,None,None,51.4377,,,10.0338,10.1579,0.0719,3.4135,,,,,
000563.SZ,20231231,20240318,6.5001,None,None,38.4842,,,29.1776,29.2781,0.2117,3.3416,,,,,
000563.SZ,20230930,20231030,6.7015,None,None,43.4001,,,35.587,33.8313,0.1627,3.304,,,,,
000563.SZ,20230630,20230828,7.2908,None,None,47.7272,,,28.7196,28.4893,0.1172,3.2585,,,,,
000563.SZ,20230331,20230428,8.1556,None,None,55.3274,,,89.8315,89.0386,0.0653,3.2366,,,,,
000563.SZ,20230331,20230428,8.1556,None,None,55.3274,,,89.8315,89.0386,0.0653,3.2366,,,,,
000564.SZ,20251231,20260429,-11.2747,-5.0716,32.5564,-87.8199,,,-53.6442,-31.8601,-0.0926,0.7881,,,,,
000564.SZ,20250930,20251031,0.6193,1.3201,30.9974,7.9209,,,-37.7386,-59.6424,0.004,0.8716,,,,,
000564.SZ,20250630,20250829,0.0692,0.7506,31.47,1.9976,,,-95.0978,-83.2977,0.0003,0.8522,,,,,
000564.SZ,20250331,20250429,-0.1636,0.2517,27.4095,-2.5666,,,95.1846,96.2241,-0.0003,0.8526,,,,,
000564.SZ,20250331,20250429,-0.1636,0.2517,27.4095,-2.5666,,,95.1846,96.2241,-0.0003,0.8526,,,,,
000564.SZ,20241231,20250429,-9.9429,-4.6133,26.4088,-97.1856,,,47.476,29.1561,-0.0694,0.8538,,,,,
000564.SZ,20240930,20241030,-1.0683,0.418,26.5986,-14.3003,,,70.6917,62.216,-0.0058,0.8609,,,,,
000564.SZ,20240630,20240827,-0.6518,0.4148,27.9813,-12.2037,,,78.1541,70.1085,-0.0023,0.8329,,,,,
000564.SZ,20240331,20240426,-4.4312,-0.1687,28.2398,-34.936,,,-45.212,-44.1874,-0.0068,0.6464,,,,,
000564.SZ,20231231,20240426,-22.3757,-8.345,30.3806,-182.3364,,,-170.8279,-216.2375,-0.1315,0.5849,,,,,
000564.SZ,20230930,20231028,-4.1967,-0.4349,40.1508,-38.2621,,,-242.4004,-189.4369,-0.0198,0.6652,,,,,
000564.SZ,20230630,20230831,-3.3464,-0.1205,41.4906,-31.7058,,,-251.1017,-193.2112,-0.0106,0.6736,,,,,
000564.SZ,20230331,20230429,-3.1908,-0.0448,42.1676,-25.679,,,-846.0287,-383.0293,-0.0047,0.5871,,,,,
000564.SZ,20230331,20230429,-3.1908,-0.0448,42.1676,-25.679,,,-846.0287,-383.0293,-0.0047,0.5871,,,,,
000565.SZ,20251231,20260425,0.6469,0.7692,25.7649,2.4095,,,85.4956,220.2276,0.02,2.9143,,,,,
000565.SZ,20250930,20251029,1.7679,1.1605,25.6415,5.5125,,,9.6926,4.0953,0.04,2.8754,,,,,
000565.SZ,20250630,20250827,3.0834,1.3189,25.4478,10.8384,,,-4.2962,-6.5746,0.04,2.8855,,,,,
000565.SZ,20250331,20250425,1.6892,0.3865,24.4181,7.1232,,,-53.1619,-53.1575,0.01,2.8721,,,,,
000565.SZ,20241231,20250425,0.352,0.3745,22.633,1.2461,,,112.5437,114.0166,0.01,2.8619,,,,,
000565.SZ,20240930,20241030,1.6104,1.1385,23.8224,5.61,,,193.2558,207.9408,0.03,2.8818,,,,,
000565.SZ,20240630,20240828,3.2188,1.4109,23.88,11.4338,,,206.4847,213.7479,0.05,2.8928,,,,,
000565.SZ,20240630,20240828,3.2188,1.4109,23.88,11.4338,,,206.4847,213.7479,0.05,2.8928,,,,,
000565.SZ,20240331,20240423,3.5988,0.7597,24.5489,16.3258,,,164.6826,164.6457,0.03,2.8866,,,,,
000565.SZ,20231231,20240423,-2.742,-2.2156,25.7419,-6.9598,,,-166.38,-153.1484,-0.08,2.86,,,,,
000565.SZ,20230930,20231027,-1.6683,-0.8402,26.9575,-4.2768,,,-118.6965,-116.8596,-0.04,2.9468,,,,,
000565.SZ,20230630,20230828,-2.9294,-1.0775,27.4207,-7.3507,,,-123.265,-122.1819,-0.04,2.94,,,,,
000565.SZ,20230331,20230427,-5.3704,-1.0649,25.7104,-15.3186,,,-134.2946,-134.291,-0.04,2.9571,,,,,
000565.SZ,20230331,20230427,-5.3704,-1.0649,25.7104,-15.3186,,,-134.2946,-134.291,-0.04,2.9571,,,,,
000566.SZ,20251231,20260411,-141.663,-3.6767,24.8036,-54.8838,,,71.8076,73.7738,-0.3314,0.063,,,,,
000566.SZ,20250930,20251030,-80.4014,-2.2624,25.6968,-41.0586,,,17.9145,15.3748,-0.1868,0.2146,,,,,
000566.SZ,20250630,20250827,-71.0166,-1.4577,28.2993,-38.2037,,,20.9687,18.6477,-0.122,0.2824,,,,,
000566.SZ,20250331,20250430,-55.6912,-0.664,29.9726,-36.9244,,,-331.5369,-284.6089,-0.0527,0.3521,,,,,
000566.SZ,20250331,20250430,-55.6912,-0.664,29.9726,-36.9244,,,-331.5369,-284.6089,-0.0527,0.3521,,,,,
000566.SZ,20241231,20250412,-117.8792,-20.5544,35.2285,-161.0173,,,-1332.2665,-1184.6592,-1.1756,0.4049,,,,,
000566.SZ,20240930,20241031,-20.5561,-2.5514,34.7673,-38.9795,,,-1102.5806,-714.223,-0.2275,1.3619,,,,,
000566.SZ,20240630,20240830,-20.4136,-1.777,33.7005,-35.87,,,-2198.342,-3702.6758,-0.1544,1.4357,,,,,
000566.SZ,20240331,20240430,-3.0844,0.1582,38.964,-6.7355,,,-439.2563,-517.6095,-0.0122,1.5775,,,,,
000566.SZ,20231231,20240430,-5.0382,0.505,38.5589,-9.1543,,,-1113.5237,-96.2283,-0.0821,1.5897,,,,,
000566.SZ,20230930,20231028,-1.5199,0.8564,36.6254,-3.1444,,,63.5994,15.3096,-0.0189,1.651,,,,,
000566.SZ,20230630,20230829,0.8796,0.9738,38.1507,0.1874,,,150.2714,510.0124,0.0074,1.6775,,,,,
000566.SZ,20230331,20230427,0.862,0.5262,39.2441,0.1057,,,126.437,147.4657,0.0036,1.6713,,,,,
000566.SZ,20230331,20230427,0.862,0.5262,39.2441,0.1057,,,126.437,147.4657,0.0036,1.6713,,,,,
000567.SZ,20251231,20260429,7.1119,6.7145,96.1377,54.0293,,,16.6226,21.8459,0.197,2.8676,,,,,
000567.SZ,20250930,20251030,4.2936,4.1181,99.3303,37.3465,,,-66.9606,-64.5656,0.0874,2.7588,,,,,
000567.SZ,20250630,20250826,5.5538,3.2299,99.1445,42.8596,,,-61.1065,-60.2842,0.0752,2.7466,,,,,
000567.SZ,20250331,20250429,7.3656,1.8392,98.9119,43.7365,,,-58.4009,-55.5182,0.0496,2.7211,,,,,
000567.SZ,20241231,20250429,6.1786,6.4821,98.1421,36.1109,,,-62.4835,-64.1507,0.1689,2.6714,,,,,
000567.SZ,20240930,20241030,12.6857,7.7501,98.9292,58.8923,,,-32.7359,-34.9939,0.2646,2.7672,,,,,
000567.SZ,20240930,20241030,12.6857,7.7501,98.9292,58.8923,,,-32.7359,-34.9939,0.2646,2.7672,,,,,
000567.SZ,20240630,20240828,14.0882,5.5201,99.311,62.6381,,,-26.6288,-29.3792,0.1934,2.6959,,,,,
000567.SZ,20240630,20240828,14.0882,5.5201,99.311,62.6381,,,-26.6288,-29.3792,0.1934,2.6959,,,,,
000567.SZ,20240331,20240425,16.72,3.2106,99.5785,66.4486,,,21.4874,19.2813,0.1731,4.2267,,,,,
000567.SZ,20231231,20240425,16.5722,13.3926,94.6343,71.3125,,,25.6784,25.2313,0.6528,4.0537,,,,,
000567.SZ,20230930,20231018,19.5145,11.5176,93.8544,81.0033,,,41.5563,42.8109,0.5705,3.9711,,,,,
000567.SZ,20230630,20230816,20.0988,8.1195,93.1279,93.8938,,,59.4492,59.973,0.3822,3.7829,,,,,
000567.SZ,20230331,20230426,14.6276,3.169,92.8211,63.1791,,,50.837,50.0896,0.2066,5.7516,,,,,
000567.SZ,20230331,20230426,14.6276,3.169,92.8211,63.1791,,,50.837,50.0896,0.2066,5.7516,,,,,
000568.SZ,20251231,20260429,22.2926,21.2319,86.6241,42.2055,,,-19.6116,-19.3461,7.36,33.8195,,,,,
000568.SZ,20250930,20251031,29.5665,21.2136,87.1134,46.6748,,,-7.165,-6.8068,7.31,33.751,,,,,
000568.SZ,20250630,20250830,32.6328,14.646,87.0903,46.6986,,,-4.5422,-4.3396,5.21,31.6183,,,,,
000568.SZ,20250331,20250428,37.6636,8.8848,86.5095,49.3127,,,0.4117,0.711,3.13,34.0808,,,,,
000568.SZ,20250331,20250428,37.6636,8.8848,86.5095,49.3127,,,0.4117,0.711,3.13,34.0808,,,,,
000568.SZ,20241231,20250428,30.3514,26.9132,87.5366,43.2673,,,1.7106,2.0458,9.18,32.1943,,,,,
000568.SZ,20240930,20241031,35.6083,23.7757,88.4345,47.7602,,,9.719,10.9208,7.89,30.8618,,,,,
000568.SZ,20240630,20240831,38.6012,16.1637,88.5709,47.5972,,,13.2166,14.9107,5.46,28.3922,,,,,
000568.SZ,20240331,20240427,41.7608,9.1732,88.3724,49.8277,,,23.2001,24.0905,3.12,31.4069,,,,,
000568.SZ,20231231,20240427,35.0437,30.3976,88.3005,43.9537,,,27.7945,28.8509,9.02,28.1194,,,,,
000568.SZ,20230930,20231031,38.6684,24.6749,88.449,48.3138,,,28.5838,28.987,7.19,26.2629,,,,,
000568.SZ,20230630,20230829,40.9294,16.6228,88.3488,48.8015,,,28.1728,28.9727,4.82,23.8361,,,,,
000568.SZ,20230331,20230429,41.1812,8.9164,88.0884,48.9068,,,29.105,27.0541,2.53,25.7575,,,,,
000568.SZ,20230331,20230429,41.1812,8.9164,88.0884,48.9068,,,29.105,27.0541,2.53,25.7575,,,,,
000570.SZ,20251231,20260414,1.4934,0.9908,11.9665,2.3411,,,174.8582,402.8212,0.072,4.8792,,,,,
000570.SZ,20250930,20251030,1.7448,1.067,11.1191,2.4489,,,-4.0309,8.7045,0.063,4.8702,,,,,
000570.SZ,20250630,20250822,4.2806,1.5468,12.7924,4.9324,,,46.5594,57.2897,0.104,4.9573,,,,,
000570.SZ,20250630,20250822,4.2806,1.5468,12.7924,4.9324,,,46.5594,57.2897,0.104,4.9573,,,,,
000570.SZ,20250331,20250430,5.1764,0.9114,13.5202,5.0816,,,35.012,33.5469,0.062,4.8094,,,,,
000570.SZ,20241231,20250411,0.5469,-0.0426,12.2759,1.019,,,-82.9579,-91.2152,0.0262,4.7651,,,,,
000570.SZ,20241231,20250411,0.5469,-0.0426,12.2759,1.019,,,-82.9579,-91.2152,0.0262,4.7651,,,,,
000570.SZ,20240930,20241030,1.8055,0.9917,16.2289,2.681,,,-70.4483,-67.2228,0.0657,4.8861,,,,,
000570.SZ,20240630,20240823,2.9594,0.989,16.6324,3.6082,,,-62.0292,-60.1039,0.071,4.7787,,,,,
000570.SZ,20240331,20240430,3.7792,0.7036,17.563,4.0705,,,35.297,17.5842,0.0459,4.8973,,,,,
000570.SZ,20231231,20240412,3.2466,2.7971,14.7026,5.3207,,,41.4826,95.4504,0.1537,4.8165,,,,,
000570.SZ,20230930,20231028,6.1536,3.1937,14.311,9.0057,,,15.5059,13.7852,0.2223,4.9783,,,,,
000570.SZ,20230930,20231028,6.1536,3.1937,14.311,9.0057,,,15.5059,13.7852,nan,4.9783,,,,,
000570.SZ,20230630,20230824,7.7952,2.6417,13.4481,10.0776,,,1003.9732,733.0689,0.187,4.939,,,,,
000570.SZ,20230331,20230428,2.87,0.6184,13.235,3.6736,,,176.9916,185.9732,0.0339,4.7993,,,,,
000570.SZ,20230331,20230428,2.87,0.6184,13.235,3.6736,,,176.9916,185.9732,0.0339,4.7993,,,,,
000571.SZ,20251231,20260429,-113.8985,-5.2498,25.5296,-35.8949,,,-37.8893,-79.1476,-0.1827,0.0504,,,,,
000571.SZ,20250930,20251028,-73.8284,-3.9027,28.6339,-30.8288,,,-30.8175,-49.7494,-0.1217,0.1691,,,,,
000571.SZ,20250930,20251028,-73.8284,-3.9027,28.6339,-30.8288,,,-30.8175,-49.7494,-0.1217,0.1691,,,,,
000571.SZ,20250630,20250827,-78.4116,-2.9218,30.7701,-37.9755,,,-191.621,-767.5959,-0.093,0.2042,,,,,
000571.SZ,20250331,20250430,-63.0808,-1.4367,23.3952,-49.7897,,,-99.5346,-566.8669,-0.0398,0.2344,,,,,
000571.SZ,20241231,20250429,-37.5548,-2.5014,36.0803,-14.0655,,,-1.6235,-219.7941,-0.133,0.2704,,,,,
000571.SZ,20240930,20241028,-31.3713,-1.7946,33.1894,-14.8178,,,-27.3466,-268.6724,-0.0935,0.3555,,,,,
000571.SZ,20240630,20240830,-14.893,0.3311,40.646,-4.0021,,,-10.3309,-116.386,-0.0321,0.4244,,,,,
000571.SZ,20240331,20240430,-18.5924,0.038,34.0341,-6.3416,,,14.6963,-128.7373,-0.0201,0.4259,,,,,
000571.SZ,20231231,20240430,-29.7764,3.0294,45.4413,-0.4805,,,-190.8403,-44.1824,-0.1341,0.4381,,,,,
000571.SZ,20230930,20231031,-23.7617,2.3769,41.8529,-0.088,,,-180.7538,-84.0777,-0.0753,0.3909,,,,,
000571.SZ,20230930,20231031,-23.7617,2.3769,41.8529,-0.088,,,-180.7538,-84.0777,-0.0753,0.3909,,,,,
000571.SZ,20230630,20230830,-13.3306,2.5932,42.2718,4.4961,,,-131.8696,-73.9495,-0.0298,0.4403,,,,,
000571.SZ,20230331,20230429,-21.3996,1.0721,36.6025,1.7403,,,-155.7019,-78.8524,-0.0241,0.4471,,,,,
000571.SZ,20230331,20230429,-21.3996,1.0721,36.6025,1.7403,,,-155.7019,-78.8524,-0.0241,0.4471,,,,,
000572.SZ,20251231,20260421,-8.8259,-4.5883,7.8031,-13.8682,,,-6.1793,-23.5428,-0.0902,0.9769,,,,,
000572.SZ,20250930,20251028,-5.7737,-2.7833,6.4722,-12.7074,,,-232.6758,-1610.6103,-0.0453,1.0224,,,,,
000572.SZ,20250930,20251028,-5.7737,-2.7833,6.4722,-12.7074,,,-232.6758,-1610.6103,-0.0453,1.0224,,,,,
000572.SZ,20250630,20250826,-8.6694,-2.6846,3.7351,-22.6226,,,50.8506,21.98,-0.0453,1.0225,,,,,
000572.SZ,20250331,20250428,-6.8916,-0.8017,12.1723,-18.1647,,,65.076,59.8167,-0.0182,1.0497,,,,,
000572.SZ,20250331,20250428,-6.8916,-0.8017,12.1723,-18.1647,,,65.076,59.8167,-0.0182,1.0497,,,,,
000572.SZ,20241231,20250422,-7.6511,-3.419,9.4981,-15.5731,,,30.8168,13.1015,-0.085,1.0681,,,,,
000572.SZ,20240930,20241029,3.8868,0.2402,8.1745,-0.256,,,137.5283,94.12,0.0341,1.1868,,,,,
000572.SZ,20240630,20240827,-16.6512,-2.6192,9.4905,-33.7524,,,-138.2247,-221.1871,-0.0922,1.061,,,,,
000572.SZ,20240331,20240426,-18.534,-1.5577,14.8491,-27.3687,,,-64.8946,-235.7699,-0.0522,1.1012,,,,,
000572.SZ,20231231,20240423,-10.1072,-2.6911,9.8022,-7.8235,,,87.1637,77.0661,-0.1229,1.1536,,,,,
000572.SZ,20230930,20231031,-9.8413,-2.3486,10.3394,-8.6498,,,23.3256,18.3588,-0.0909,1.1858,,,,,
000572.SZ,20230930,20231031,-9.8413,-2.3486,10.3394,-8.6498,,,23.3256,18.3588,-0.0909,1.1858,,,,,
000572.SZ,20230630,20230829,-6.1534,-0.7496,10.9413,-3.4675,,,34.9106,35.6559,-0.0387,1.2382,,,,,
000572.SZ,20230630,20230829,-6.1534,-0.7496,10.9413,-3.4675,,,34.9106,35.6559,-0.0387,1.2382,,,,,
000572.SZ,20230331,20230429,-10.046,-0.4494,7.8043,-3.2785,,,14.4839,47.6709,-0.0317,1.2454,,,,,
000572.SZ,20230331,20230429,-10.046,-0.4494,7.8043,-3.2785,,,14.4839,47.6709,-0.0317,1.2454,,,,,
000573.SZ,20251231,20260411,4.3134,4.6987,5.8866,12.3832,,,243.8468,267.3795,0.11,2.5031,,,,,
000573.SZ,20250930,20251030,6.1273,4.4725,6.3311,20.2863,,,291.4018,349.6632,0.1162,2.5774,,,,,
000573.SZ,20250630,20250829,12.4888,4.7893,6.0281,41.8733,,,1612.177,1635.3858,0.1586,2.5991,,,,,
000573.SZ,20250331,20250430,27.5212,4.9558,5.3494,89.6753,,,721.812,661.335,0.1769,2.6612,,,,,
000573.SZ,20241231,20250419,-2.9315,-1.6117,8.7616,-9.6261,,,-172.1765,-186.8515,-0.0747,2.4811,,,,,
000573.SZ,20240930,20241031,-3.1665,-1.3898,7.425,-9.608,,,43.259,4.9908,-0.0607,2.4969,,,,,
000573.SZ,20240630,20240831,-0.8122,-0.1906,9.0708,-2.7714,,,-313.0436,-281.7884,-0.0105,2.5485,,,,,
000573.SZ,20240331,20240430,-4.3716,-0.7793,8.5785,-16.8108,,,-315.947,-403.7977,-0.0284,2.5888,,,,,
000573.SZ,20231231,20240413,3.9745,2.9971,14.155,17.4638,,,59.0433,84.7467,0.1035,2.6173,,,,,
000573.SZ,20230930,20231031,-5.7096,-1.1406,15.317,-26.4514,,,-246.83,-181.767,-0.107,2.4059,,,,,
000573.SZ,20230630,20230831,0.3854,0.0048,15.931,0.5279,,,-80.647,-111.979,0.0049,2.5178,,,,,
000573.SZ,20230331,20230429,2.0272,0.357,15.3842,8.013,,,233.4765,187.1119,0.0132,2.6061,,,,,
000573.SZ,20230331,20230429,2.0272,0.357,15.3842,8.013,,,233.4765,187.1119,0.0132,2.6061,,,,,
000576.SZ,20251231,20260420,4.6458,5.2986,45.2284,16.3338,,,269.2877,519.9483,0.17,3.7785,,,,,
000576.SZ,20250930,20251025,6.3348,5.102,45.5258,22.0148,,,287.1074,384.5784,0.18,3.7839,,,,,
000576.SZ,20250930,20251025,6.3348,5.102,45.5258,22.0148,,,287.1074,384.5784,0.18,3.7839,,,,,
000576.SZ,20250630,20250830,4.1838,2.5762,43.0714,14.6407,,,28.2559,-29.3532,0.08,3.7095,,,,,
000576.SZ,20250331,20250426,1.8044,0.5474,39.6327,9.4881,,,-47.2499,-25.2678,0.02,3.7122,,,,,
000576.SZ,20250331,20250426,1.8044,0.5474,39.6327,9.4881,,,-47.2499,-25.2678,0.02,3.7122,,,,,
000576.SZ,20241231,20250419,1.2734,0.9734,52.6692,4.329,,,108.8019,106.8441,0.05,3.6945,,,,,
000576.SZ,20241231,20250419,1.2734,0.9734,52.6692,4.329,,,108.8019,106.8441,0.05,3.6945,,,,,
000576.SZ,20240930,20241030,1.6589,0.9461,54.591,6.3724,,,-57.299,-64.0381,0.05,3.6888,,,,,
000576.SZ,20240930,20241030,1.6589,0.9461,54.591,6.3724,,,-57.299,-64.0381,0.05,3.6888,,,,,
000576.SZ,20240630,20240831,3.2566,1.4759,55.9868,12.1588,,,-27.8084,-34.7126,0.06,3.7137,,,,,
000576.SZ,20240331,20240430,3.4208,0.927,59.1345,17.5633,,,-35.5722,-45.1827,0.03,3.7032,,,,,
000576.SZ,20231231,20240420,-13.8552,-12.6735,51.7898,-75.0361,,,-295.593,-331.3392,-0.53,3.6364,,,,,
000576.SZ,20230930,20231030,3.506,2.1232,56.8335,15.8176,,,-35.2457,-48.6775,0.1077,4.0955,,,,,
000576.SZ,20230630,20230824,4.106,1.8666,61.0676,17.8095,,,9.2258,-2.4474,0.0839,4.0696,,,,,
000576.SZ,20230630,20230824,4.106,1.8666,61.0676,17.8095,,,9.2258,-2.4474,nan,4.0696,,,,,
000576.SZ,20230331,20230422,4.8572,1.2596,67.9974,25.179,,,-14.9365,-12.6651,0.0493,4.0151,,,,,
000576.SZ,20230331,20230422,4.8572,1.2596,67.9974,25.179,,,-14.9365,-12.6651,0.0493,4.0151,,,,,
000581.SZ,20251231,20260417,5.3733,3.907,17.3325,9.1541,,,-35.6345,-33.8493,1.1,20.6018,,,,,
000581.SZ,20250930,20251028,7.6993,4.1308,17.8096,13.6992,,,-9.8079,-10.9188,1.19,20.7525,,,,,
000581.SZ,20250930,20251028,7.6993,4.1308,17.8096,13.6992,,,-9.8079,-10.9188,1.19,20.7525,,,,,
000581.SZ,20250630,20250826,7.0984,2.5976,17.2764,12.3801,,,-26.455,-26.4474,0.72,20.2785,,,,,
000581.SZ,20250331,20250425,7.0756,1.3638,17.6718,12.9247,,,-35.4586,-34.4172,0.36,20.2927,,,,,
000581.SZ,20241231,20250418,8.4583,5.9516,18.179,15.3768,,,-9.675,-8.494,1.71,19.9005,,,,,
000581.SZ,20240930,20241025,8.7593,4.8477,17.7639,16.2252,,,-3.3793,-2.8531,1.31,19.5477,,,,,
000581.SZ,20240630,20240822,9.848,3.6498,18.8556,17.5895,,,0.5882,1.808,0.98,19.4217,,,,,
000581.SZ,20240331,20240425,11.1708,2.1077,18.531,19.8276,,,32.3915,31.2485,0.56,19.8829,,,,,
000581.SZ,20240331,20240425,11.1708,2.1077,18.531,19.8276,,,32.3915,31.2485,0.56,19.8829,,,,,
000581.SZ,20231231,20240416,9.9055,7.0275,17.5138,17.2462,,,1446.2833,958.0206,1.88,19.358,,,,,
000581.SZ,20230930,20231025,9.6388,5.2079,16.2124,16.4219,,,4.373,2.5073,1.36,18.8314,,,,,
000581.SZ,20230630,20230822,10.4716,3.7325,15.7558,16.0256,,,-13.0476,-14.8948,0.98,18.4967,,,,,
000581.SZ,20230630,20230822,10.4716,3.7325,15.7558,16.0256,,,-13.0476,-14.8948,0.98,18.4967,,,,,
000581.SZ,20230331,20230428,9.282,1.6693,14.3824,13.5275,,,-42.4514,-42.2365,0.43,17.9058,,,,,
000581.SZ,20230331,20230428,9.282,1.6693,14.3824,13.5275,,,-42.4514,-42.2365,0.43,17.9058,,,,,
000582.SZ,20251231,20260331,5.6594,4.5813,30.2647,15.6874,,,-14.8518,-10.7945,0.445,8.0142,,,,,
000582.SZ,20250930,20251028,5.7516,3.5538,31.3103,16.2966,,,-13.8905,-9.8473,0.34,7.9545,,,,,
000582.SZ,20250630,20250823,5.8486,2.3822,31.5762,16.8041,,,-15.6958,-12.9027,0.231,7.845,,,,,
000582.SZ,20250331,20250429,4.4256,0.9616,29.7369,13.3994,,,-49.8682,-43.8859,0.086,7.759,,,,,
000582.SZ,20250331,20250429,4.4256,0.9616,29.7369,13.3994,,,-49.8682,-43.8859,0.086,7.759,,,,,
000582.SZ,20241231,20250425,7.8089,5.5162,32.0663,19.2202,,,8.1835,5.9619,0.579,7.6676,,,,,
000582.SZ,20240930,20241025,7.8125,4.1377,31.0909,20.625,,,8.0597,6.0383,0.447,7.6856,,,,,
000582.SZ,20240630,20240824,8.1326,2.8521,31.3256,21.7247,,,4.0906,2.6201,0.325,7.5578,,,,,
000582.SZ,20240331,20240430,11.3372,1.6685,31.7992,27.4882,,,64.4375,46.1226,0.221,7.8144,,,,,
000582.SZ,20231231,20240430,8.5035,5.8047,33.8034,17.9111,,,10.4738,9.5742,0.637,7.5863,,,,,
000582.SZ,20230930,20231027,8.578,4.4008,34.521,19.0371,,,9.2487,9.507,0.479,7.4999,,,,,
000582.SZ,20230630,20230829,9.2676,3.1017,35.8071,20.736,,,9.2248,8.057,0.342,7.365,,,,,
000582.SZ,20230331,20230427,7.3076,1.3208,35.1698,17.355,,,1.781,2.602,0.135,7.3275,,,,,
000582.SZ,20230331,20230427,7.3076,1.3208,35.1698,17.355,,,1.781,2.602,0.135,7.3275,,,,,
000586.SZ,20251231,20260422,-0.5739,0.6746,31.8303,-0.2838,,,80.1019,187.9372,-0.0096,1.675,,,,,
000586.SZ,20250930,20251024,5.9424,3.4039,33.8791,4.2586,,,665.3101,5276.461,0.0763,1.7506,,,,,
000586.SZ,20250630,20250821,5.225,1.9732,32.9283,3.7528,,,244.6585,380.5297,0.044,1.7186,,,,,
000586.SZ,20250331,20250430,3.1632,0.6248,34.0114,3.2885,,,228.5792,251.9408,0.013,1.6876,,,,,
000586.SZ,20250331,20250430,3.1632,0.6248,34.0114,3.2885,,,228.5792,251.9408,0.013,1.6876,,,,,
000586.SZ,20241231,20250327,-2.8436,-1.1127,30.0811,-2.0319,,,-146.8558,-130.6438,-0.0483,1.6743,,,,,
000586.SZ,20240930,20241029,-1.0491,0.1924,30.8673,-0.6141,,,-113.4762,-98.352,-0.0135,1.7091,,,,,
000586.SZ,20240630,20240827,-3.589,-0.5834,30.9642,-3.3618,,,-140.3189,-123.4091,-0.031,1.692,,,,,
000586.SZ,20240331,20240426,-2.4076,-0.2936,29.4577,-2.7894,,,-139.3897,-134.8976,-0.01,1.7123,,,,,
000586.SZ,20240331,20240426,-2.4076,-0.2936,29.4577,-2.7894,,,-139.3897,-134.8976,-0.01,1.7123,,,,,
000586.SZ,20231231,20240403,6.1683,3.9867,29.4155,4.1643,,,9.5286,-13.3802,0.1031,1.7226,,,,,
000586.SZ,20231231,20240403,6.1683,3.9867,29.4155,4.1643,,,9.5286,-13.3802,0.1031,1.7226,,,,,
000586.SZ,20230930,20231026,8.0004,3.9146,31.8997,5.7338,,,2.2748,-2.7998,0.1002,1.7197,,,,,
000586.SZ,20230630,20230815,9.1688,3.0074,31.2861,6.5185,,,52.9093,49.3171,0.076,1.6955,,,,,
000586.SZ,20230331,20230427,6.43,1.0697,33.1732,5.171,,,32.6338,25.9696,0.026,1.6458,,,,,
000586.SZ,20230331,20230427,6.43,1.0697,33.1732,5.171,,,32.6338,25.9696,0.026,1.6458,,,,,
000589.SZ,20251231,20260425,6.946,4.3848,18.3068,5.6915,,,0.7365,5.2029,0.4,5.8287,,,,,
000589.SZ,20250930,20251028,6.7792,3.0589,17.4044,5.7006,,,-19.7181,-16.1103,0.29,5.7305,,,,,
000589.SZ,20250630,20250829,5.6712,1.6875,15.8415,4.8439,,,-41.7513,-42.3088,0.16,5.6214,,,,,
000589.SZ,20250331,20250429,3.0004,0.5607,14.1852,2.6533,,,-68.1264,-64.6111,0.04,5.6825,,,,,
000589.SZ,20250331,20250429,3.0004,0.5607,14.1852,2.6533,,,-68.1264,-64.6111,0.04,5.6825,,,,,
000589.SZ,20241231,20250426,7.7519,4.1141,17.9395,5.8065,,,-26.0812,-27.3613,0.44,5.6526,,,,,
000589.SZ,20240930,20241030,9.4604,3.4415,18.5836,7.2043,,,-10.7566,-16.6152,0.41,5.6007,,,,,
000589.SZ,20240630,20240831,10.9012,2.6383,19.6479,8.2919,,,25.667,17.6532,0.33,5.5094,,,,,
000589.SZ,20240331,20240430,11.3132,1.3423,20.1566,8.5615,,,123.6606,103.0196,0.17,5.7782,,,,,
000589.SZ,20231231,20240416,12.3004,5.8812,22.2102,8.7439,,,94.187,111.9414,0.73,5.7358,,,,,
000589.SZ,20230930,20231028,12.4928,4.5027,21.9,9.0254,,,145.8808,115.4389,0.54,5.6494,,,,,
000589.SZ,20230930,20231028,12.4928,4.5027,21.9,9.0254,,,145.8808,115.4389,0.54,5.6494,,,,,
000589.SZ,20230630,20230822,10.4802,2.5638,20.8123,7.7166,,,112.0223,108.6258,0.3,5.488,,,,,
000589.SZ,20230331,20230429,5.7732,0.7699,17.6643,4.7297,,,64.836,74.2237,0.0808,5.392,,,,,
000589.SZ,20230331,20230429,5.7732,0.7699,17.6643,4.7297,,,64.836,74.2237,0.0808,5.392,,,,,
000590.SZ,20251231,20260331,-8.8173,-4.9226,44.751,-14.8293,,,59.7385,69.6601,-0.211,2.2868,,,,,
000590.SZ,20250930,20251030,-3.3445,-1.0779,46.6678,-6.7001,,,47.9147,50.3989,-0.0619,2.4363,,,,,
000590.SZ,20250630,20250827,-5.8238,-1.3247,44.9342,-12.1201,,,26.6068,24.7748,-0.0717,2.4265,,,,,
000590.SZ,20250331,20250428,-11.0188,-1.4224,47.4482,-24.9328,,,-96.2276,-115.298,-0.0679,2.4303,,,,,
000590.SZ,20250331,20250428,-11.0188,-1.4224,47.4482,-24.9328,,,-96.2276,-115.298,-0.0679,2.4303,,,,,
000590.SZ,20241231,20250328,-18.9826,-11.0646,46.8145,-37.0708,,,-596.9803,-936.72,-0.524,2.4982,,,,,
000590.SZ,20240930,20241030,-5.3473,-2.1221,46.2087,-13.0571,,,-542.5164,-363.039,-0.1188,2.9033,,,,,
000590.SZ,20240930,20241030,-5.3473,-2.1221,46.2087,-13.0571,,,-542.5164,-363.039,-0.1188,2.9033,,,,,
000590.SZ,20240630,20240829,-6.5714,-1.7106,47.309,-15.8717,,,-466.541,-322.7797,-0.0977,2.9245,,,,,
000590.SZ,20240331,20240426,-4.6052,-0.5646,50.7721,-10.7227,,,-225.81,-184.8405,-0.0346,2.9876,,,,,
000590.SZ,20231231,20240328,3.5504,2.7527,52.4206,6.1511,,,39.4091,-11.0846,0.1054,3.0221,,,,,
000590.SZ,20230930,20231028,1.2219,0.9747,52.5862,2.395,,,-59.0414,-52.867,0.0269,2.9436,,,,,
000590.SZ,20230630,20230823,1.8192,0.8793,53.5651,3.3975,,,-44.7599,-36.5634,0.0267,2.9434,,,,,
000590.SZ,20230331,20230426,3.7532,0.7423,53.2806,6.5302,,,-47.3297,-44.1778,0.0275,2.9442,,,,,
000590.SZ,20230331,20230426,3.7532,0.7423,53.2806,6.5302,,,-47.3297,-44.1778,0.0275,2.9442,,,,,
000591.SZ,20251231,20260424,3.4798,3.4017,46.5842,16.6615,,,-32.8662,-27.713,0.2099,6.069,,,,,
000591.SZ,20250930,20251030,6.2764,3.6763,51.6952,27.5189,,,-12.8224,-11.5704,0.2872,6.2094,,,,,
000591.SZ,20250630,20250828,5.711,2.2514,49.0141,25.1798,,,-16.8923,-15.4262,0.1727,6.1085,,,,,
000591.SZ,20250331,20250430,4.896,1.0016,44.7856,22.3995,,,-17.6231,-16.0548,0.0737,6.0633,,,,,
000591.SZ,20241231,20250424,5.2808,4.4138,45.8557,20.3252,,,-22.3777,-19.2391,0.3132,5.987,,,,,
000591.SZ,20240930,20241030,7.3739,4.1651,48.4438,27.0821,,,-10.9475,-9.4234,0.33,6.062,,,,,
000591.SZ,20240930,20241030,7.3739,4.1651,48.4438,27.0821,,,-10.9475,-9.4234,0.33,6.062,,,,,
000591.SZ,20240630,20240828,7.0508,2.6809,45.2898,25.1296,,,-9.3728,-6.8995,0.2082,5.9385,,,,,
000591.SZ,20240331,20240427,6.0608,1.1954,43.9418,24.8712,,,-9.833,-8.0242,0.0897,5.9653,,,,,
000591.SZ,20231231,20240413,7.0503,5.4038,34.4204,16.5553,,,13.7531,14.1457,0.4038,5.8726,,,,,
000591.SZ,20230930,20231028,8.6595,4.7238,40.7311,22.5103,,,24.4444,24.1682,0.3708,5.8356,,,,,
000591.SZ,20230630,20230826,8.1538,3.033,40.5506,22.2964,,,15.4618,17.2086,0.2299,5.693,,,,,
000591.SZ,20230630,20230826,8.1538,3.033,40.5506,22.2964,,,15.4618,17.2086,0.2299,5.693,,,,,
000591.SZ,20230331,20230427,7.0604,1.3385,40.4711,22.7957,,,48.3932,45.7786,0.0995,5.6904,,,,,
000591.SZ,20230331,20230427,7.0604,1.3385,40.4711,22.7957,,,48.3932,45.7786,0.0995,5.6904,,,,,
000592.SZ,20251231,20260425,-6.1727,-5.7435,6.9049,-15.5679,,,3.286,-849.5326,-0.0597,0.9182,,,,,
000592.SZ,20251231,20260425,-6.1727,-5.7435,6.9049,-15.5679,,,3.286,-849.5326,-0.0597,0.9182,,,,,
000592.SZ,20250930,20251031,2.1888,0.5362,8.2568,1.2923,,,38.3929,-66.953,0.0165,0.9929,,,,,
000592.SZ,20250630,20250830,1.5928,0.0947,7.5277,-0.1218,,,-30.7582,-90.5913,0.008,0.9845,,,,,
000592.SZ,20250331,20250430,0.916,0.2461,9.5991,2.6719,,,639.1782,744.1862,0.0023,0.979,,,,,
000592.SZ,20241231,20250425,-5.9199,-2.9656,11.1599,-8.1284,,,62.0526,-47.3653,-0.0609,0.9767,,,,,
000592.SZ,20240930,20241031,1.4727,1.3446,9.9927,3.5852,,,11.4881,158.5395,0.0117,1.049,,,,,
000592.SZ,20240630,20240831,2.1042,1.3761,10.9052,4.7824,,,108.2182,353.0062,0.0113,1.0776,,,,,
000592.SZ,20240331,20240430,-0.156,-0.0741,2.5953,-0.5363,,,73.8793,67.2869,-0.0004,1.0659,,,,,
000592.SZ,20231231,20240425,-13.906,-3.4572,6.6942,-11.365,,,-34.1175,65.7929,-0.1594,1.0663,,,,,
000592.SZ,20230930,20231031,1.1351,0.5096,7.2013,2.3168,,,82.0337,54.3603,0.0105,1.2361,,,,,
000592.SZ,20230630,20230831,0.882,0.2214,6.7061,1.7536,,,873.2278,828.1347,0.0054,1.2311,,,,,
000592.SZ,20230331,20230429,-0.5192,-0.1591,4.4759,-1.7339,,,-106.4904,-503.8977,-0.0016,1.224,,,,,
000592.SZ,20230331,20230429,-0.5192,-0.1591,4.4759,-1.7339,,,-106.4904,-503.8977,-0.0016,1.224,,,,,
000593.SZ,20251231,20260425,2.3688,2.7999,14.1665,1.3335,,,6.7697,29.8168,0.057,2.4209,,,,,
000593.SZ,20250930,20251031,3.8344,2.5518,11.921,2.0228,,,-41.4736,-35.4623,0.07,2.4381,,,,,
000593.SZ,20250630,20250816,5.7352,2.1605,11.2719,2.8451,,,-20.2478,-17.5941,0.07,2.4381,,,,,
000593.SZ,20250331,20250426,1.574,0.5197,8.9999,0.72,,,-76.1981,-72.785,0.009,2.3759,,,,,
000593.SZ,20241231,20250426,2.2455,2.8011,13.0227,1.1814,,,107.8927,113.9791,0.053,2.3668,,,,,
000593.SZ,20240930,20241026,6.5721,3.6529,12.9719,3.5209,,,-24.7675,-14.9632,0.119,2.4262,,,,,
000593.SZ,20240630,20240829,7.2492,2.6041,13.2747,3.9244,,,-10.4401,6.5351,0.087,2.4029,,,,,
000593.SZ,20240331,20240427,6.58,1.2732,13.3201,3.661,,,273.2623,288.5004,0.039,2.403,,,,,
000593.SZ,20231231,20240427,-24.7625,-8.5981,15.5071,-14.3085,,,-600.2489,-409.1365,-0.673,2.3637,,,,,
000593.SZ,20230930,20231031,6.6787,3.8576,15.3569,4.7002,,,66.3793,40.8709,0.157,3.194,,,,,
000593.SZ,20230630,20230818,6.2182,2.2881,14.7312,4.0707,,,86.7305,41.9775,0.096,3.1333,,,,,
000593.SZ,20230630,20230818,6.2182,2.2881,14.7312,4.0707,,,86.7305,41.9775,0.096,3.1333,,,,,
000593.SZ,20230331,20230428,1.3732,0.472,11.7072,0.5435,,,59.7893,-3.6314,0.011,3.0487,,,,,
000593.SZ,20230331,20230428,1.3732,0.472,11.7072,0.5435,,,59.7893,-3.6314,0.011,3.0487,,,,,
000596.SZ,20251231,20260429,14.28,11.577,79.256,19.3316,,,-35.6725,-34.9651,6.71,47.3897,,,,,
000596.SZ,20250930,20251031,21.0711,12.7745,79.8669,24.862,,,-16.5657,-18.482,7.49,48.1679,,,,,
000596.SZ,20250630,20250830,29.3984,12.0201,79.8735,27.216,,,2.4853,1.1207,6.93,47.6032,,,,,
000596.SZ,20250331,20250428,36.462,7.1923,79.684,26.1216,,,12.7797,12.5942,4.41,50.0592,,,,,
000596.SZ,20250331,20250428,36.462,7.1923,79.684,26.1216,,,12.7797,12.5942,4.41,50.0592,,,,,
000596.SZ,20241231,20250428,23.8933,19.5771,79.9047,24.2032,,,20.2234,23.353,10.44,46.6459,,,,,
000596.SZ,20240930,20241031,27.8673,17.3911,79.7082,25.6802,,,24.4938,27.6549,8.98,45.2035,,,,,
000596.SZ,20240930,20241031,27.8673,17.3911,79.7082,25.6802,,,24.4938,27.6549,8.98,45.2035,,,,,
000596.SZ,20240630,20240831,32.2998,13.0936,80.4091,26.6478,,,28.542,31.6419,6.76,42.9818,,,,,
000596.SZ,20240331,20240427,36.6448,7.2608,80.3496,25.6528,,,31.6067,33.0399,3.91,44.5978,,,,,
000596.SZ,20231231,20240427,22.9194,18.9114,79.0661,23.3355,,,46.0055,41.1029,8.68,40.7214,,,,,
000596.SZ,20230930,20231028,25.8963,15.7123,79.0389,24.5148,,,45.3712,43.7071,7.21,39.2355,,,,,
000596.SZ,20230630,20230831,29.0774,11.4893,78.8806,25.1474,,,44.8532,42.1694,5.26,37.296,,,,,
000596.SZ,20230630,20230831,29.0774,11.4893,78.8806,25.1474,,,44.8532,42.1694,5.26,37.296,,,,,
000596.SZ,20230331,20230429,32.5392,6.1912,79.6727,24.2559,,,42.8659,41.3895,2.97,37.9712,,,,,
000596.SZ,20230331,20230429,32.5392,6.1912,79.6727,24.2559,,,42.8659,41.3895,2.97,37.9712,,,,,
000597.SZ,20251231,20260403,4.7933,1.9298,37.2749,3.0789,,,-36.5447,-45.6329,0.18,3.8749,,,,,
000597.SZ,20250930,20251028,4.31,1.5075,35.0298,2.9398,,,-16.9571,-19.3749,0.1209,3.7585,,,,,
000597.SZ,20250630,20250827,4.8554,1.1022,34.7152,3.2254,,,-17.6207,-30.2465,0.09,3.7283,,,,,
000597.SZ,20250331,20250429,2.7208,0.3797,34.1131,1.8165,,,-36.9788,-35.6035,0.025,3.7491,,,,,
000597.SZ,20250331,20250429,2.7208,0.3797,34.1131,1.8165,,,-36.9788,-35.6035,0.025,3.7491,,,,,
000597.SZ,20241231,20250403,7.9506,3.5654,38.7347,5.6418,,,14.3364,15.9638,0.29,3.7237,,,,,
000597.SZ,20240930,20241024,5.4591,2.021,34.533,3.5877,,,-5.3742,7.2122,0.1455,3.6182,,,,,
000597.SZ,20240630,20240828,6.2618,1.5867,35.4432,4.0037,,,16.2532,46.0458,0.11,3.5187,,,,,
000597.SZ,20240331,20240426,4.5888,0.7037,38.1875,3.0811,,,-17.7248,10.0557,0.04,3.54,,,,,
000597.SZ,20231231,20240330,7.5089,2.8227,40.6758,4.5611,,,2.3428,-28.4525,0.25,3.4905,,,,,
000597.SZ,20230930,20231027,6.2388,1.6707,40.9359,3.6614,,,71.5169,37.8039,0.1532,3.3708,,,,,
000597.SZ,20230930,20231027,6.2388,1.6707,40.9359,3.6614,,,71.5169,37.8039,0.1532,3.3708,,,,,
000597.SZ,20230630,20230823,5.8674,0.9595,42.9606,3.2139,,,19.8015,31.7735,0.094,3.2325,,,,,
000597.SZ,20230331,20230428,6.0712,0.6866,43.9505,3.1127,,,2.5134,26.2204,0.049,3.2568,,,,,
000597.SZ,20230331,20230428,6.0712,0.6866,43.9505,3.1127,,,2.5134,26.2204,0.049,3.2568,,,,,
000598.SZ,20251231,20260428,10.5853,5.7381,44.1138,22.7033,,,0.4456,1.2706,0.6727,6.6096,,,,,
000598.SZ,20250930,20251029,12.4979,5.0228,47.8987,27.6783,,,8.4918,11.1253,0.5918,6.5278,,,,,
000598.SZ,20250630,20250828,10.5832,2.8952,45.6181,23.8239,,,5.0337,7.6715,0.327,6.2588,,,,,
000598.SZ,20250630,20250828,10.5832,2.8952,45.6181,23.8239,,,5.0337,7.6715,0.327,6.2588,,,,,
000598.SZ,20250331,20250429,11.0012,1.441,46.025,25.6873,,,11.1925,12.7859,0.1707,6.2897,,,,,
000598.SZ,20250331,20250429,11.0012,1.441,46.025,25.6873,,,11.1925,12.7859,0.1707,6.2897,,,,,
000598.SZ,20241231,20250418,11.4707,6.1011,41.4535,22.7087,,,8.2838,11.0809,0.6704,6.0849,,,,,
000598.SZ,20240930,20241025,12.5931,4.8781,44.7574,26.8684,,,9.1358,10.5934,0.5461,5.9597,,,,,
000598.SZ,20240630,20240828,11.0092,2.9416,43.0759,23.8417,,,9.5619,12.1693,0.3117,5.7196,,,,,
000598.SZ,20240331,20240426,10.8268,1.3899,43.8492,25.38,,,20.5541,21.2175,0.1539,5.7302,,,,,
000598.SZ,20231231,20240419,11.7335,5.9865,40.3492,23.366,,,13.9666,10.1705,0.6204,5.5747,,,,,
000598.SZ,20230930,20231027,12.9316,4.9196,43.1753,26.8106,,,8.3753,7.7717,0.5013,5.3415,,,,,
000598.SZ,20230630,20230824,11.2642,2.8837,41.6305,24.9866,,,1.0358,-0.0623,0.2847,5.1245,,,,,
000598.SZ,20230331,20230428,10.1236,1.3222,42.1757,24.5723,,,7.3697,9.7093,0.1276,5.0783,,,,,
000598.SZ,20230331,20230428,10.1236,1.3222,42.1757,24.5723,,,7.3697,9.7093,0.1276,5.0783,,,,,
000599.SZ,20251231,20260429,-25.7486,-2.325,5.7406,-7.6317,,,-1.0973,9.0235,-0.4404,1.4678,,,,,
000599.SZ,20250930,20251025,-23.8853,-1.6069,4.8793,-7.2757,,,-44.003,-22.0138,-0.32,1.6107,,,,,
000599.SZ,20250630,20250814,-24.874,-1.2095,4.6308,-7.932,,,-226.4003,-136.1683,-0.23,1.7161,,,,,
000599.SZ,20250630,20250814,-24.874,-1.2095,4.6308,-7.932,,,-226.4003,-136.1683,-0.23,1.7161,,,,,
000599.SZ,20250331,20250430,-27.0556,-0.7219,2.0741,-8.8432,,,-382.864,-177.8,-0.13,1.823,,,,,
000599.SZ,20241231,20250328,-19.0805,-2.3627,9.0687,-8.875,,,-102.0089,-76.729,-0.44,1.9532,,,,,
000599.SZ,20240930,20241031,-12.4817,-0.9276,9.6299,-6.2891,,,1.97,0.9657,-0.22,2.1228,,,,,
000599.SZ,20240630,20240815,-5.411,0.0033,11.0957,-3.438,,,56.5389,49.4555,-0.07,2.5545,,,,,
000599.SZ,20240331,20240430,-4.0688,0.0647,8.9518,-3.0899,,,78.5975,68.8369,-0.03,2.5871,,,,,
000599.SZ,20240331,20240430,-4.0688,0.0647,8.9518,-3.0899,,,78.5975,68.8369,-0.03,2.5871,,,,,
000599.SZ,20231231,20240329,-7.7805,-0.4228,8.6349,-5.043,,,70.7367,68.667,-0.22,2.6133,,,,,
000599.SZ,20230930,20231031,-10.8853,-0.7575,7.5501,-6.2522,,,59.766,57.3033,-0.23,2.6093,,,,,
000599.SZ,20230630,20230829,-11.4672,-0.6307,7.378,-6.8513,,,56.125,54.8288,-0.16,2.6803,,,,,
000599.SZ,20230331,20230429,-17.4416,-0.6914,2.9131,-10.7915,,,30.9552,31.2608,-0.12,2.7376,,,,,
000599.SZ,20230331,20230429,-17.4416,-0.6914,2.9131,-10.7915,,,30.9552,31.2608,-0.12,2.7376,,,,,
000600.SZ,20251231,20260429,16.1239,8.062,26.6476,12.7023,,,253.6646,315.3822,1.039,6.5756,,,,,
000600.SZ,20250930,20251031,18.1393,6.5323,27.3348,14.0677,,,231.7949,299.2056,0.877,6.534,,,,,
000600.SZ,20250630,20250816,15.8864,3.8743,23.4039,11.8249,,,157.9643,250.8924,0.497,6.1556,,,,,
000600.SZ,20250331,20250429,16.6204,1.8734,19.2373,9.5474,,,75.9367,94.3125,0.248,6.0343,,,,,
000600.SZ,20250331,20250429,16.6204,1.8734,19.2373,9.5474,,,75.9367,94.3125,0.248,6.0343,,,,,
000600.SZ,20241231,20250424,5.2252,3.6462,15.3501,2.9592,,,181.5939,276.1268,0.296,5.7723,,,,,
000600.SZ,20240930,20241026,5.7829,2.8163,15.2733,3.178,,,92.5193,205.974,0.242,5.6559,,,,,
000600.SZ,20240630,20240824,6.664,1.9401,13.8208,3.4142,,,295.5889,10819.4389,0.185,5.5962,,,,,
000600.SZ,20240331,20240426,10.0096,1.399,12.4535,4.639,,,278.3488,307.2373,0.14,5.6472,,,,,
000600.SZ,20231231,20240426,1.7007,2.3441,11.7962,0.9036,,,56.8204,32.571,0.093,5.5183,,,,,
000600.SZ,20230930,20231021,3.062,1.8778,11.1077,1.5299,,,-20.5696,-59.0497,0.126,5.5733,,,,,
000600.SZ,20230630,20230825,1.7202,0.9232,9.4619,0.2843,,,242.6547,92.8105,0.047,5.4959,,,,,
000600.SZ,20230331,20230427,-5.8192,-0.0676,6.2,-3.9587,,,-302.5734,-233.8903,-0.079,5.3794,,,,,
000600.SZ,20230331,20230427,-5.8192,-0.0676,6.2,-3.9587,,,-302.5734,-233.8903,-0.079,5.3794,,,,,
000601.SZ,20251231,20260424,2.5456,3.3421,14.7475,2.4319,,,39.7191,-5.5491,0.1,3.8625,,,,,
000601.SZ,20250930,20251030,5.4155,3.4428,16.9998,5.0578,,,-12.3371,-14.5283,0.1636,3.8756,,,,,
000601.SZ,20250630,20250805,4.5652,2.1333,16.022,4.5472,,,-42.4327,-38.9729,0.0907,3.7892,,,,,
000601.SZ,20250630,20250805,4.5652,2.1333,16.022,4.5472,,,-42.4327,-38.9729,0.0907,3.7892,,,,,
000601.SZ,20250331,20250428,1.7388,0.6755,11.6668,2.0779,,,-24.5918,-56.9301,0.0171,3.747,,,,,
000601.SZ,20241231,20250428,1.7856,3.5894,16.8573,2.0078,,,128.8304,166.1426,0.07,3.9873,,,,,
000601.SZ,20240930,20241031,5.9884,3.9908,20.5713,6.2391,,,201.3426,260.5896,0.1822,4.1484,,,,,
000601.SZ,20240630,20240810,7.631,2.975,22.1695,7.9657,,,297.6162,348.5147,0.1542,4.1185,,,,,
000601.SZ,20240331,20240429,2.2436,0.8618,15.0553,2.8423,,,174.4613,224.8658,0.0223,3.9858,,,,,
000601.SZ,20231231,20240427,-6.0273,-0.2732,7.891,-6.8625,,,-258.2476,-251.9767,-0.25,3.9629,,,,,
000601.SZ,20230930,20231020,1.9019,2.3465,16.1131,1.9498,,,-48.3931,-49.2068,0.0604,4.2687,,,,,
000601.SZ,20230630,20230805,1.8348,1.5362,16.7627,2.0099,,,-68.9831,-70.2846,0.0388,4.2461,,,,,
000601.SZ,20230331,20230429,-2.8568,0.2571,12.4636,-3.5624,,,-201.4812,-173.1318,-0.0299,4.1763,,,,,
000601.SZ,20230331,20230429,-2.8568,0.2571,12.4636,-3.5624,,,-201.4812,-173.1318,-0.0299,4.1763,,,,,
000603.SZ,20251231,20260429,16.2886,13.1321,57.6083,25.3708,,,36.5146,90.9469,0.77,5.0649,,,,,
000603.SZ,20250930,20251028,13.5844,8.5023,55.8872,23.83,,,61.967,71.1407,0.4676,4.7687,,,,,
000603.SZ,20250930,20251028,13.5844,8.5023,55.8872,23.83,,,61.967,71.1407,0.4676,4.7687,,,,,
000603.SZ,20250630,20250823,4.6158,2.9408,44.0189,11.3885,,,-15.0292,23.0432,0.1016,4.3935,,,,,
000603.SZ,20250331,20250430,1.0904,0.5786,28.9102,3.1536,,,194.3698,182.4481,0.012,4.3984,,,,,
000603.SZ,20241231,20250429,12.6449,9.8201,48.4912,23.5651,,,163.5606,75.4911,0.57,4.4106,,,,,
000603.SZ,20240930,20241031,8.3069,5.6084,43.4731,18.5291,,,48.7332,43.6768,0.2904,4.7375,,,,,
000603.SZ,20240630,20240831,5.2436,2.6286,35.284,12.5263,,,34.8993,31.5437,0.1201,4.5902,,,,,
000603.SZ,20240331,20240430,-1.1292,-0.1121,15.8246,-7.5875,,,-153.9834,-344.6388,-0.0128,4.4835,,,,,
000603.SZ,20240331,20240430,-1.1292,-0.1121,15.8246,-7.5875,,,-153.9834,-344.6388,nan,24.0411,,,,,
000603.SZ,20231231,20240427,4.8498,5.4288,31.9641,9.0353,,,-59.4117,-59.7895,0.21,4.5305,,,,,
000603.SZ,20230930,20231031,5.8584,4.6812,30.4911,12.2655,,,-39.1629,-37.3645,0.1941,4.5211,,,,,
000603.SZ,20230630,20230830,4.06,2.3009,30.5745,10.2274,,,-40.9737,-40.6543,0.0886,4.4175,,,,,
000603.SZ,20230331,20230429,2.1788,0.4088,26.5969,3.1349,,,-53.7389,-79.8449,0.0236,4.3386,,,,,
000603.SZ,20230331,20230429,2.1788,0.4088,26.5969,3.1349,,,-53.7389,-79.8449,0.0236,4.3386,,,,,
000605.SZ,20251231,20260429,0.4012,1.7356,20.8546,1.9493,,,-47.0131,-49.2318,0.0242,6.0276,,,,,
000605.SZ,20250930,20251028,0.8273,1.2868,22.3639,1.4621,,,9.1735,3.2267,0.0374,6.0412,,,,,
000605.SZ,20250630,20250830,1.3248,1.0274,22.1032,2.397,,,-13.7207,-25.5137,0.04,6.0437,,,,,
000605.SZ,20250331,20250425,3.3808,0.8336,19.1593,4.8049,,,1.2568,11.1437,0.0511,6.0749,,,,,
000605.SZ,20241231,20250425,0.7591,2.061,26.9304,1.8348,,,-20.031,26.8542,0.0456,6.0238,,,,,
000605.SZ,20240930,20241031,0.7613,1.4116,25.0948,1.4992,,,20.5165,-16.8309,0.0343,6.0124,,,,,
000605.SZ,20240630,20240830,1.5386,1.1323,24.9735,2.6214,,,35.972,-0.201,0.0463,6.0445,,,,,
000605.SZ,20240331,20240430,3.3336,0.8058,19.4288,4.3114,,,30.2732,13.7052,0.0505,6.12,,,,,
000605.SZ,20231231,20240430,0.9541,1.9806,24.8038,2.1595,,,22.9458,-6.6907,0.0571,5.9982,,,,,
000605.SZ,20231231,20240430,0.9541,1.9806,24.8038,2.1595,,,22.9458,-6.6907,0.0571,5.9982,,,,,
000605.SZ,20230930,20231031,0.6359,1.2556,22.4009,1.6045,,,-7.5893,30.598,0.0285,5.9695,,,,,
000605.SZ,20230630,20230831,1.1394,0.9977,21.614,2.7283,,,-24.97,4.1314,0.0341,5.9983,,,,,
000605.SZ,20230331,20230429,2.5916,0.6187,18.8278,4.2318,,,41.6761,1.9655,0.0388,6.0029,,,,,
000605.SZ,20230331,20230429,2.5916,0.6187,18.8278,4.2318,,,41.6761,1.9655,0.0388,6.0029,,,,,
000607.SZ,20251231,20260424,-25.3084,-10.6088,17.0599,-31.5003,,,-4201.4003,-17827.2176,-0.35,1.1989,,,,,
000607.SZ,20250930,20251031,-4.9045,-1.3487,14.9217,-8.501,,,-619.6302,-501.4284,-0.06,1.5232,,,,,
000607.SZ,20250630,20250823,-6.7288,-1.3294,12.1705,-12.0267,,,-343.4941,-282.5721,-0.05,1.5285,,,,,
000607.SZ,20250331,20250430,-9.5528,-1.0849,4.9746,-21.1606,,,-263.9677,-452.08,-0.0373,1.542,,,,,
000607.SZ,20250331,20250430,-9.5528,-1.0849,4.9746,-21.1606,,,-263.9677,-452.08,-0.0373,1.542,,,,,
000607.SZ,20241231,20250419,-0.5107,0.8826,22.0121,-0.5588,,,-109.4057,-101.8261,-0.01,1.5792,,,,,
000607.SZ,20240930,20241031,0.9091,1.2536,20.0614,1.5688,,,-75.063,-66.2701,0.01,1.5994,,,,,
000607.SZ,20240630,20240831,2.6586,1.2972,23.6693,3.8985,,,-61.3163,-48.596,0.0215,1.6084,,,,,
000607.SZ,20240331,20240424,-2.5368,-0.0878,18.5318,-2.9937,,,-386.2466,-1635.7095,-0.0102,1.6075,,,,,
000607.SZ,20231231,20240403,5.5012,2.961,20.7901,5.3948,,,4.3109,-1.6668,0.09,1.6216,,,,,
000607.SZ,20230930,20231031,4.0536,1.9713,18.7759,4.2775,,,-12.7156,-14.2033,0.05,1.5871,,,,,
000607.SZ,20230630,20230823,7.0756,2.0288,18.0555,7.7025,,,35.2124,32.1974,0.06,1.597,,,,,
000607.SZ,20230331,20230429,0.93,0.1304,15.8252,-0.3201,,,195.5653,-116.5565,0.0036,1.5408,,,,,
000607.SZ,20230331,20230429,0.93,0.1304,15.8252,-0.3201,,,195.5653,-116.5565,0.0036,1.5408,,,,,
000608.SZ,20251231,20260212,-9.9474,-3.045,29.642,-63.2445,,,-69.0131,-40.7363,-0.291,2.7701,,,,,
000608.SZ,20250930,20251031,-4.2348,0.3314,32.8934,-26.3583,,,-258.4256,-543.1745,-0.096,2.9706,,,,,
000608.SZ,20250630,20250830,-3.4238,0.4434,53.9061,-24.1345,,,-94.1977,-24.1223,-0.05,3.0254,,,,,
000608.SZ,20250331,20250429,-2.8196,0.3353,58.313,-16.1043,,,-23.345,-30.2069,-0.02,3.0586,,,,,
000608.SZ,20250331,20250429,-2.8196,0.3353,58.313,-16.1043,,,-23.345,-30.2069,-0.02,3.0586,,,,,
000608.SZ,20241231,20250419,-5.4491,-1.2626,44.107,-36.3236,,,43.1927,33.3885,-0.1638,3.0803,,,,,
000608.SZ,20240930,20241031,-1.1048,1.4348,60.3928,-1.854,,,37.7587,-408.5078,-0.027,3.232,,,,,
000608.SZ,20240630,20240824,-1.1816,0.5862,71.7982,-5.0449,,,35.175,-2662.6781,-0.02,3.2197,,,,,
000608.SZ,20240331,20240427,-2.4888,0.1563,70.992,-30.0536,,,-27.5286,-7825.8047,-0.02,3.2187,,,,,
000608.SZ,20231231,20240323,-9.1744,-4.3908,61.7709,-75.8164,,,38.8294,45.3759,-0.3131,3.2388,,,,,
000608.SZ,20231231,20240323,-9.1744,-4.3908,58.7424,-72.0994,,,38.8294,45.3759,-0.3131,3.2388,,,,,
000608.SZ,20230930,20231027,-2.0839,0.6922,60.551,-12.1592,,,-8091.2712,-103.8195,-0.06,3.4955,,,,,
000608.SZ,20230630,20230826,-1.653,0.4579,56.6139,-10.7505,,,33.6498,97.4274,-0.03,3.5341,,,,,
000608.SZ,20230331,20230427,-1.7612,0.2378,76.7328,-15.3204,,,-148.8721,-99.287,-0.02,3.5675,,,,,
000608.SZ,20230331,20230427,-1.7612,0.2378,72.9384,-14.5628,,,-148.8721,-99.287,-0.02,3.5675,,,,,
000612.SZ,20251231,20260314,15.9566,16.2822,22.4321,16.4916,,,81.9479,84.9899,0.898,6.0314,,,,,
000612.SZ,20250930,20251031,18.2609,13.806,20.9041,18.1855,,,71.5816,70.3202,0.76,5.8669,,,,,
000612.SZ,20250630,20250830,16.6664,8.1446,17.9878,16.1957,,,49.0562,46.3075,0.449,5.5575,,,,,
000612.SZ,20250331,20250429,10.2188,2.3937,11.4676,10.8857,,,14.6249,13.4942,0.135,5.3681,,,,,
000612.SZ,20250331,20250429,10.2188,2.3937,11.4676,10.8857,,,14.6249,13.4942,0.135,5.3681,,,,,
000612.SZ,20241231,20250329,9.782,8.7601,10.7065,9.1057,,,-0.7333,9.0829,0.494,5.2296,,,,,
000612.SZ,20240930,20241030,11.7549,8.0962,12.5818,11.0258,,,49.4133,61.7134,0.443,5.1803,,,,,
000612.SZ,20240630,20240830,12.1844,5.5306,13.1324,11.4454,,,172.5112,232.1257,0.302,5.0326,,,,,
000612.SZ,20240331,20240430,9.5852,2.0619,12.4607,10.6312,,,496.8674,5424.5408,0.118,4.9904,,,,,
000612.SZ,20231231,20240330,10.6885,9.1475,9.7473,9.5861,,,95.6729,242.5016,0.497,4.8663,,,,,
000612.SZ,20230930,20231027,8.6552,5.3984,8.3126,7.5795,,,0.3346,36.4628,0.296,4.6905,,,,,
000612.SZ,20230630,20230823,4.958,1.9248,3.7209,4.2792,,,-65.5556,-62.5322,0.111,4.4852,,,,,
000612.SZ,20230331,20230429,1.7776,0.1536,-4.557,2.1303,,,-88.3658,-98.6769,0.02,4.4624,,,,,
000612.SZ,20230331,20230429,1.7776,0.1536,-4.557,2.1303,,,-88.3658,-98.6769,0.02,4.4624,,,,,
000617.SZ,20251231,20260427,4.1689,0.9882,34.5016,993.5394,,,-7.5681,-18.2206,0.34,8.273,,,,,
000617.SZ,20250930,20251031,5.1597,0.8747,25.2951,1187.1044,,,-7.9473,-14.5245,0.32,8.2951,,,,,
000617.SZ,20250630,20250829,5.066,0.6114,22.4439,1246.7697,,,-14.7413,-18.2865,0.21,8.1692,,,,,
000617.SZ,20250331,20250430,4.9732,0.3114,0.5859,1215.8643,,,-26.5728,-23.5331,0.1,8.1004,,,,,
000617.SZ,20250331,20250430,4.9732,0.3114,0.5859,1215.8643,,,-26.5728,-23.5331,0.1,8.1004,,,,,
000617.SZ,20241231,20250403,4.6098,1.2559,22.048,1230.6264,,,-8.1381,-0.5803,0.37,8.0444,,,,,
000617.SZ,20240930,20241030,5.7281,1.0295,23.9717,1470.6976,,,-17.5505,-2.1266,0.34,8.0683,,,,,
000617.SZ,20240630,20240829,6.0104,0.7515,13.4583,1628.3309,,,-22.0656,-0.891,0.24,8.1084,,,,,
000617.SZ,20240331,20240430,6.8516,0.4135,-19.213,1886.2484,,,-21.0726,-2.1051,0.14,8.0394,,,,,
000617.SZ,20231231,20240329,5.0341,1.2869,23.9692,1438.5732,,,0.1643,3.24,0.39,7.9205,,,,,
000617.SZ,20230930,20231031,7.1715,1.0883,24.0914,1785.0228,,,5.9517,-5.2198,0.42,7.9282,,,,,
000617.SZ,20230630,20230831,8.0372,0.7958,13.5443,1893.5451,,,11.106,3.5705,0.31,7.8194,,,,,
000617.SZ,20230331,20230429,9.0512,0.4374,8.1167,2032.6963,,,27.1308,19.1379,0.17,7.7459,,,,,
000617.SZ,20230331,20230429,9.0512,0.4374,8.1167,2032.6963,,,27.1308,19.1379,0.17,7.7459,,,,,
000619.SZ,20251231,20260328,-3.3573,-1.0531,7.9734,-1.8967,,,19.1702,9.2403,-0.194,5.6867,,,,,
000619.SZ,20250930,20251029,-1.99,-0.2633,8.814,-1.005,,,-45.1895,-88.5099,-0.0869,5.7806,,,,,
000619.SZ,20250630,20250828,-2.253,-0.2453,7.996,-1.1927,,,-140.7497,-552.7842,-0.0657,5.8018,,,,,
000619.SZ,20250331,20250425,-3.8124,-0.3595,7.03,-2.5932,,,-58.9953,-115.8025,-0.0557,5.8119,,,,,
000619.SZ,20241231,20250329,-4.4216,-1.2605,7.9519,-2.1179,,,-469.4574,-1844.0925,-0.2437,5.8675,,,,,
000619.SZ,20240930,20241026,-1.4459,0.2184,8.2905,-0.588,,,-907.4639,-222.7687,-0.0611,6.0557,,,,,
000619.SZ,20240630,20240824,-0.9862,0.2569,8.4339,-0.3591,,,-334.5171,-150.9936,-0.0282,6.0883,,,,,
000619.SZ,20240331,20240427,-2.5304,-0.0831,8.3908,-1.3567,,,20.178,34.0152,-0.0373,6.0806,,,,,
000619.SZ,20231231,20240323,-0.8423,1.1068,8.8892,-0.0558,,,79.8379,106.4029,-0.0516,6.1104,,,,,
000619.SZ,20230930,20231031,-0.158,1.0047,9.1441,0.1403,,,76.5926,5091.1075,-0.0073,6.144,,,,,
000619.SZ,20230630,20230826,-0.2506,0.6216,8.6715,0.0845,,,65.3906,7756.7221,-0.0077,6.1435,,,,,
000619.SZ,20230331,20230429,-3.51,-0.139,8.2353,-1.7977,,,26.149,30.2065,-0.0537,6.0975,,,,,
000619.SZ,20230331,20230429,-3.51,-0.139,8.2353,-1.7977,,,26.149,30.2065,-0.0537,6.0975,,,,,
000620.SZ,20251231,20260429,-27.0472,-9.2507,9.7664,-72.8598,,,-120.0339,-166.7632,-0.2,0.645,,,,,
000620.SZ,20250930,20251031,-13.8471,-3.486,6.7438,-42.3496,,,-682.0021,-457.6286,-0.0828,0.7616,,,,,
000620.SZ,20250630,20250830,-6.6624,-0.8583,9.4611,-20.1657,,,-432.5068,-237.2074,-0.0275,0.8169,,,,,
000620.SZ,20250331,20250429,-8.4204,-0.7729,2.1275,-36.676,,,-595.0023,-287.7782,-0.0174,0.8244,,,,,
000620.SZ,20241231,20250429,-10.3881,-2.7185,25.3937,-21.997,,,-251.5033,-136.4325,-0.09,0.8323,,,,,
000620.SZ,20240930,20241031,2.0469,1.14,23.4644,1.994,,,104.751,109.3289,0.0142,0.9368,,,,,
000620.SZ,20240630,20240727,1.7956,0.6958,24.4309,0.4711,,,103.9703,110.1444,0.01,0.9246,,,,,
000620.SZ,20240331,20240418,1.5372,0.425,25.7288,1.0227,,,102.1363,106.3582,0.0035,0.9178,,,,,
000620.SZ,20231231,20240330,15.1834,9.7758,8.9939,3.5427,,,110.3009,139.0888,0.19,0.9158,,,,,
000620.SZ,20230930,20231031,nan,-0.1764,8.1693,-66.0036,,,-18.7567,-5.6229,-0.9267,-1.1539,,,,,
000620.SZ,20230630,20230831,nan,0.0685,6.6823,-71.2086,,,-23.0413,-0.9258,-0.64,-0.8674,,,,,
000620.SZ,20230331,20230429,nan,-1.0077,-3.5152,-200.2336,,,-116.0524,-83.8597,-0.51,-0.8489,,,,,
000620.SZ,20230331,20230429,nan,-1.0077,-3.5152,-200.2336,,,-116.0524,-83.8597,-0.51,-0.8489,,,,,
000623.SZ,20251231,20260418,8.025,7.3124,48.1862,101.1168,,,54.3929,60.8932,2.0416,25.6433,,,,,
000623.SZ,20250930,20251031,10.1148,7.0237,47.0158,137.4937,,,81.695,90.9921,1.9262,25.561,,,,,
000623.SZ,20250630,20250830,8.6902,3.9771,48.423,113.5061,,,138.4432,200.0823,1.0915,25.0523,,,,,
000623.SZ,20250331,20250430,7.0736,1.5991,47.1146,82.9576,,,259.7521,494.671,0.4396,24.606,,,,,
000623.SZ,20241231,20250423,5.5171,4.8763,40.2627,58.1937,,,6.2686,8.4248,1.3179,24.2727,,,,,
000623.SZ,20240930,20241031,5.9023,4.0273,39.1236,63.8146,,,-2.3667,-7.7223,1.0614,24.2484,,,,,
000623.SZ,20240630,20240831,3.869,1.5131,37.7432,36.7008,,,-49.4479,-60.2221,0.4632,23.7103,,,,,
000623.SZ,20240331,20240430,2.062,0.4184,38.563,15.4008,,,-70.4257,-83.1398,0.1277,22.9817,,,,,
000623.SZ,20240331,20240430,2.062,0.4184,38.563,15.4008,,,-70.4257,-83.1398,nan,22.9817,,,,,
000623.SZ,20231231,20240417,5.4833,5.0808,49.2281,41.8757,,,-18.0212,22.8036,1.2971,22.8251,,,,,
000623.SZ,20230930,20231031,6.4024,4.4566,50.4218,53.9558,,,44.7233,221.7091,1.1307,22.7647,,,,,
000623.SZ,20230630,20230831,8.032,3.6287,49.9868,66.5744,,,114.9395,168.4316,0.9434,22.656,,,,,
000623.SZ,20230630,20230831,8.032,3.6287,49.9868,66.5744,,,114.9395,168.4316,0.9434,22.656,,,,,
000623.SZ,20230331,20230429,7.3912,1.7333,47.5355,62.2671,,,719.2316,11168.1018,0.4311,22.3384,,,,,
000623.SZ,20230331,20230429,7.3912,1.7333,47.5355,62.2671,,,719.2316,11168.1018,0.4311,22.3384,,,,,
000625.SZ,20251231,20260411,5.2955,1.3931,15.5401,1.9314,,,-44.3379,-44.0114,0.41,7.8006,,,,,
000625.SZ,20250930,20251025,5.3003,0.2206,14.9924,1.8661,,,-14.6551,-14.6269,0.31,7.7805,,,,,
000625.SZ,20250630,20250823,6.005,0.798,14.579,2.4661,,,-19.0883,-7.854,0.23,7.6701,,,,,
000625.SZ,20250331,20250426,6.994,0.0904,13.8646,3.558,,,16.8073,55.7112,0.14,7.8831,,,,,
000625.SZ,20250331,20250426,6.994,0.0904,13.8646,3.558,,,16.8073,55.7112,0.14,7.8831,,,,,
000625.SZ,20241231,20250411,9.8651,2.8696,14.9399,3.8215,,,-35.3663,-36.5957,0.74,7.724,,,,,
000625.SZ,20240930,20241029,6.6067,1.1488,14.3839,2.4431,,,-63.7755,-68.7277,0.36,7.3248,,,,,
000625.SZ,20240630,20240831,7.8882,0.9703,13.8008,2.9284,,,-62.9982,-67.6493,0.29,7.2339,,,,,
000625.SZ,20240331,20240430,6.386,0.2993,14.4123,2.3107,,,-83.3856,-88.3461,0.12,7.3832,,,,,
000625.SZ,20240331,20240430,6.386,0.2993,14.4123,2.3107,,,-83.3856,-88.3461,0.12,7.3832,,,,,
000625.SZ,20231231,20240418,16.8174,5.6407,18.3579,6.2803,,,45.2465,36.8593,1.15,7.2452,,,,,
000625.SZ,20230930,20231031,19.7924,5.1207,17.8814,8.0794,,,43.225,35.7407,1.01,7.0861,,,,,
000625.SZ,20230630,20230831,23.402,4.1414,17.5443,10.6379,,,30.6498,24.2267,0.78,6.8504,,,,,
000625.SZ,20230331,20230428,42.1568,4.1824,18.5581,19.365,,,53.6521,51.5409,0.71,6.9961,,,,,
000625.SZ,20230331,20230428,42.1568,4.1824,18.5581,19.365,,,53.6521,51.5409,0.71,6.9961,,,,,
000626.SZ,20251231,20260424,-5.9446,-0.62,0.7108,-0.1609,,,55.7165,49.6507,-0.26,4.2361,,,,,
000626.SZ,20250930,20251027,1.816,1.1203,0.3749,0.0736,,,142.3024,1187.8704,0.0633,4.6898,,,,,
000626.SZ,20250630,20250827,2.4596,0.9744,0.3883,0.0956,,,172.0194,751.9739,0.0571,4.6714,,,,,
000626.SZ,20250331,20250429,2.1908,0.544,0.6342,0.1203,,,364.8961,116.3648,0.0254,4.6406,,,,,
000626.SZ,20250331,20250429,2.1908,0.544,0.6342,0.1203,,,364.8961,116.3648,0.0254,4.6406,,,,,
000626.SZ,20241231,20250425,-12.0941,-1.4339,0.6821,-0.2978,,,20.0239,37.2634,-0.59,4.6168,,,,,
000626.SZ,20240930,20241031,-3.9009,0.2745,0.6578,-0.0849,,,-131.4198,-511.302,-0.1495,5.0299,,,,,
000626.SZ,20240630,20240830,-3.0782,0.3267,0.7903,-0.0622,,,-5516.338,-152.5536,-0.0793,5.1167,,,,,
000626.SZ,20240331,20240430,-0.7384,0.4605,0.9572,0.0308,,,-131.1139,-43.7484,-0.01,5.1793,,,,,
000626.SZ,20231231,20240426,-13.339,-2.1576,0.5465,-0.3972,,,-429.2592,-196.6665,-0.74,5.1882,,,,,
000626.SZ,20230930,20231031,-1.4581,0.6585,0.5217,-0.014,,,-127.1464,-99.2743,-0.0646,5.8845,,,,,
000626.SZ,20230630,20230825,0.0492,0.7079,0.3721,0.0228,,,-98.8146,-86.2278,0.0015,5.9668,,,,,
000626.SZ,20230630,20230825,0.0492,0.7079,0.3721,0.0228,,,-98.8146,-86.2278,nan,5.9668,,,,,
000626.SZ,20230331,20230429,2.0736,0.5938,0.644,0.1372,,,40.4067,-14.8601,0.03,5.9397,,,,,
000626.SZ,20230331,20230429,2.0736,0.5938,0.644,0.1372,,,40.4067,-14.8601,0.03,5.9397,,,,,
000628.SZ,20251231,20260428,5.0562,1.6019,12.017,1.3475,,,77.9953,1.4591,0.31,6.2611,,,,,
000628.SZ,20250930,20251031,5.8981,1.3441,11.0135,1.9819,,,-20.9039,-27.7243,0.27,6.2229,,,,,
000628.SZ,20250630,20250822,6.2414,0.9213,10.3141,2.0783,,,14.0551,-4.6535,0.19,6.1706,,,,,
000628.SZ,20250331,20250430,0.5272,0.1905,12.768,-0.4914,,,-91.9181,-83.4415,0.008,6.0037,,,,,
000628.SZ,20250331,20250430,0.5272,0.1905,12.768,-0.4914,,,-91.9181,-83.4415,0.008,6.0037,,,,,
000628.SZ,20241231,20250425,2.9069,1.644,9.0849,0.4339,,,-83.2294,-71.9814,0.174,6.0042,,,,,
000628.SZ,20240930,20241028,7.5083,1.7984,9.8498,2.2155,,,-52.5547,-53.7474,0.342,6.162,,,,,
000628.SZ,20240630,20240828,5.562,1.0286,9.0612,1.5296,,,-37.1192,-28.0361,0.167,5.9969,,,,,
000628.SZ,20240331,20240426,6.5092,0.5547,10.487,2.5693,,,9.6848,22.0104,0.098,6.0542,,,,,
000628.SZ,20231231,20240326,18.969,4.6034,7.8783,4.1378,,,83.8234,112.9151,1.039,5.9814,,,,,
000628.SZ,20231231,20240326,18.969,4.6034,7.8783,4.1378,,,83.8234,112.9151,1.039,5.9814,,,,,
000628.SZ,20230930,20231028,18.0808,3.4564,11.1877,5.4048,,,205.7329,247.1169,0.721,5.6576,,,,,
000628.SZ,20230630,20230830,10.4152,1.1981,12.0129,3.1566,,,36.9942,48.8117,0.265,5.2021,,,,,
000628.SZ,20230331,20230428,7.1428,0.4465,14.8362,2.8787,,,173.3593,124.9208,0.089,5.0289,,,,,
000628.SZ,20230331,20230428,7.1428,0.4465,14.8362,2.8787,,,173.3593,124.9208,0.089,5.0289,,,,,
000629.SZ,20251231,20260331,-0.7539,-0.6618,9.0053,-1.6175,,,-132.719,-121.4369,-0.0101,1.322,,,,,
000629.SZ,20250930,20251027,-1.6016,-1.037,6.9331,-2.7663,,,-181.1269,-161.6637,-0.016,1.3209,,,,,
000629.SZ,20250630,20250826,-3.2164,-1.3204,4.9254,-5.0353,,,-245.1494,-204.6851,-0.0215,1.3247,,,,,
000629.SZ,20250331,20250428,-3.1536,-0.5912,3.7044,-4.5613,,,-243.813,-204.2831,-0.0106,1.333,,,,,
000629.SZ,20250331,20250428,-3.1536,-0.5912,3.7044,-4.5613,,,-243.813,-204.2831,-0.0106,1.333,,,,,
000629.SZ,20241231,20250329,2.3191,2.163,7.5871,2.1881,,,-73.0345,-70.6501,0.0307,1.3417,,,,,
000629.SZ,20240930,20241018,1.9944,1.4191,6.8886,1.8265,,,-78.9181,-76.4126,0.0197,1.3313,,,,,
000629.SZ,20240630,20240820,2.2466,1.1013,7.2264,2.0401,,,-77.2321,-74.0952,0.0154,1.3257,,,,,
000629.SZ,20240331,20240430,2.24,0.6483,8.0775,2.1461,,,-79.3118,-75.2688,0.0073,1.3139,,,,,
000629.SZ,20231231,20240326,10.1116,8.4864,14.4047,7.4558,,,-21.3216,-17.6419,0.1184,1.3045,,,,,
000629.SZ,20230930,20231026,11.1527,6.866,14.1849,7.8503,,,-29.1922,-26.9973,0.0973,1.2896,,,,,
000629.SZ,20230630,20230822,11.7598,4.9617,14.461,7.9297,,,-43.8072,-41.8001,0.0702,1.3623,,,,,
000629.SZ,20230630,20230822,11.7598,4.9617,14.461,7.9297,,,-43.8072,-41.8001,0.0702,1.3623,,,,,
000629.SZ,20230331,20230425,14.6976,3.1621,14.2591,8.3323,,,-29.9462,-30.969,0.0383,1.0619,,,,,
000629.SZ,20230331,20230425,14.6976,3.1621,14.2591,8.3323,,,-29.9462,-30.969,0.0383,1.0619,,,,,
000630.SZ,20251231,20260420,6.8151,8.6102,7.8598,2.0417,,,-14.0247,28.7348,0.19,2.758,,,,,
000630.SZ,20250930,20251028,6.7439,6.7001,7.1507,1.8603,,,-35.1438,4.8416,0.14,2.6937,,,,,
000630.SZ,20250630,20250818,8.507,5.0583,7.9562,2.0184,,,-33.943,6.3503,0.11,2.6304,,,,,
000630.SZ,20250331,20250429,13.1344,2.4077,7.6548,3.8098,,,2.9331,2.9728,0.09,2.7089,,,,,
000630.SZ,20250331,20250429,13.1344,2.4077,7.6548,3.8098,,,2.9331,2.9728,0.09,2.7089,,,,,
000630.SZ,20241231,20250423,8.549,7.7214,7.0873,2.6189,,,4.0538,2.4571,0.22,2.6325,,,,,
000630.SZ,20240930,20241029,11.1245,6.7448,7.5741,3.3475,,,5.9743,4.8975,0.215,2.6117,,,,,
000630.SZ,20240930,20241029,11.1245,6.7448,7.5741,3.3475,,,5.9743,4.8975,0.215,2.6117,,,,,
000630.SZ,20240630,20240828,13.4536,5.0535,8.5309,3.9023,,,6.2428,6.8949,0.17,2.566,,,,,
000630.SZ,20240331,20240429,13.5388,2.419,8.3233,4.1911,,,7.3853,3.257,0.0866,2.5844,,,,,
000630.SZ,20231231,20240429,9.441,8.9119,7.2567,2.7606,,,-35.4923,-26.5185,0.21,2.4921,,,,,
000630.SZ,20230930,20231028,11.8929,7.6042,7.6666,3.2534,,,-9.0025,-3.8982,0.203,2.5276,,,,,
000630.SZ,20230930,20231028,11.8929,7.6042,7.6666,3.2534,,,-9.0025,-3.8982,nan,2.5276,,,,,
000630.SZ,20230630,20230826,11.0548,3.8197,5.0343,2.3916,,,2.5683,8.4392,0.136,2.5017,,,,,
000630.SZ,20230331,20230428,10.1988,1.7695,4.8455,2.1009,,,3.9594,5.2084,0.0621,2.4615,,,,,
000630.SZ,20230331,20230428,10.1988,1.7695,4.8455,2.1009,,,3.9594,5.2084,0.0621,2.4615,,,,,
000631.SZ,20251231,20260331,1.0157,1.1216,27.1799,16.7055,,,-44.9006,-39.7692,0.03,2.4478,,,,,
000631.SZ,20250930,20251030,1.3821,1.244,27.6079,20.8109,,,-6.1704,-12.609,0.03,2.4503,,,,,
000631.SZ,20250630,20250828,1.743,1.0813,30.5024,25.7531,,,14.2818,2.9765,0.02,2.4263,,,,,
000631.SZ,20250630,20250828,1.743,1.0813,30.5024,25.7531,,,14.2818,2.9765,0.02,2.4263,,,,,
000631.SZ,20250331,20250426,1.1152,0.2506,37.3095,30.1464,,,12.127,-2.1318,0.01,2.4085,,,,,
000631.SZ,20250331,20250426,1.1152,0.2506,37.3095,30.1464,,,12.127,-2.1318,0.01,2.4085,,,,,
000631.SZ,20241231,20250419,1.4595,1.2469,32.6824,29.2065,,,-74.3781,-71.6847,0.04,2.4004,,,,,
000631.SZ,20240930,20241030,1.146,0.7629,31.4686,22.7581,,,-81.0987,-78.0416,0.02,2.3831,,,,,
000631.SZ,20240630,20240827,1.15,0.5136,29.2783,20.3128,,,-39.463,-19.0695,0.02,2.3746,,,,,
000631.SZ,20240331,20240425,0.9724,0.2248,30.1536,17.0352,,,-22.0316,-28.203,0.01,2.463,,,,,
000631.SZ,20231231,20240423,5.5066,5.1983,18.5305,15.0816,,,104.6003,91.7715,0.15,2.4561,,,,,
000631.SZ,20230930,20231020,5.8731,3.9456,18.4084,14.9916,,,134.2673,119.695,0.12,2.4279,,,,,
000631.SZ,20230630,20230819,1.8694,0.6067,37.6061,42.8188,,,-35.4742,-46.7422,0.03,2.3046,,,,,
000631.SZ,20230331,20230422,1.1924,0.2273,45.9135,34.5985,,,-55.9078,-50.9017,0.01,2.5371,,,,,
000631.SZ,20230331,20230422,1.1924,0.2273,45.9135,34.5985,,,-55.9078,-50.9017,0.01,2.5371,,,,,
000633.SZ,20251231,20260421,3.9172,3.2529,12.2892,3.0634,,,-35.1621,-47.1215,0.0197,0.513,,,,,
000633.SZ,20250930,20251021,5.0205,2.5087,14.4978,3.872,,,124.8696,51.4302,0.0188,0.5102,,,,,
000633.SZ,20250630,20250815,4.7818,1.6502,15.4325,3.4549,,,44.1213,20.0539,0.0119,0.5031,,,,,
000633.SZ,20250331,20250418,3.5832,0.6607,12.6838,2.7461,,,27.8162,59.3272,0.0044,0.4953,,,,,
000633.SZ,20241231,20250408,6.355,5.2934,11.4321,5.4793,,,100.7805,95.859,0.0303,0.4909,,,,,
000633.SZ,20240930,20241025,2.3896,2.5839,13.0064,2.3044,,,-35.1903,-5.4775,0.0084,0.4718,,,,,
000633.SZ,20240630,20240823,3.5264,2.5782,13.1098,3.3547,,,11.3968,53.7665,0.0082,0.4717,,,,,
000633.SZ,20240331,20240418,2.9712,0.9034,13.8431,2.9698,,,11.1295,29.8987,0.0035,0.4669,,,,,
000633.SZ,20240331,20240418,2.9712,0.9034,13.8431,2.9698,,,11.1295,29.8987,0.0035,0.4669,,,,,
000633.SZ,20231231,20240409,3.3019,3.7087,11.7836,2.4867,,,-1.2985,10.3466,0.0151,0.4635,,,,,
000633.SZ,20230930,20231025,3.7669,2.8293,13.2285,2.7765,,,-25.0394,-4.4284,0.0129,0.4641,,,,,
000633.SZ,20230630,20230812,3.2532,1.5844,11.6723,2.6358,,,-55.4647,-41.1439,0.0074,0.4587,,,,,
000633.SZ,20230331,20230412,2.7464,0.6137,9.0867,2.5633,,,-49.3313,-36.6216,0.0031,0.4544,,,,,
000633.SZ,20230331,20230412,2.7464,0.6137,9.0867,2.5633,,,-49.3313,-36.6216,0.0031,0.4544,,,,,
000635.SZ,20251231,20260421,-47.5877,-22.2964,-17.3607,-32.3786,,,-10.1473,-16.1185,-1.62,3.1115,,,,,
000635.SZ,20250930,20251027,-24.96,-8.2096,-11.338,-19.3296,,,4.0674,2.097,-0.785,3.9157,,,,,
000635.SZ,20250630,20250826,-30.3064,-5.4497,-9.3514,-17.9447,,,-25.9151,-27.4059,-0.51,3.141,,,,,
000635.SZ,20250331,20250425,-31.0068,-2.9698,-9.0301,-20.5527,,,-17.7469,-20.3508,-0.27,3.3663,,,,,
000635.SZ,20241231,20250425,-37.2058,-18.9847,-13.888,-27.2226,,,24.7404,16.385,-1.65,3.6249,,,,,
000635.SZ,20240930,20241031,-23.3151,-8.9676,-9.9872,-18.744,,,45.8884,42.9196,-0.85,4.4434,,,,,
000635.SZ,20240630,20240808,-16.0348,-4.1328,-5.115,-12.827,,,58.5408,59.7841,-0.41,4.8724,,,,,
000635.SZ,20240331,20240425,-17.828,-2.5228,-8.0423,-17.0497,,,54.4315,54.3164,-0.23,5.0427,,,,,
000635.SZ,20231231,20240425,-34.5054,-22.5751,-23.8573,-38.2195,,,-71.7207,-28.2389,-2.19,5.2692,,,,,
000635.SZ,20230930,20231031,-31.2928,-17.2084,-20.2066,-38.5762,,,-236.6049,-187.7493,-1.57,5.8974,,,,,
000635.SZ,20230630,20230825,-28.1098,-11.1042,-19.3348,-38.9846,,,-662.7264,-602.2654,-0.98,6.4727,,,,,
000635.SZ,20230630,20230825,-28.1098,-11.1042,-19.3348,-38.9846,,,-662.7264,-602.2654,-0.98,6.4727,,,,,
000635.SZ,20230331,20230425,-27.9516,-5.695,-32.6707,-39.3019,,,-267.5111,-266.5418,-0.5,6.9515,,,,,
000635.SZ,20230331,20230425,-27.9516,-5.695,-32.6707,-39.3019,,,-267.5111,-266.5418,-0.5,6.9515,,,,,
000636.SZ,20251231,20260421,2.2909,1.4743,17.7478,4.9569,,,-16.0217,-20.7356,0.25,10.8132,,,,,
000636.SZ,20250930,20251029,2.4648,1.1599,18.6031,5.5982,,,-13.9451,-25.2922,0.2,10.8002,,,,,
000636.SZ,20250930,20251029,2.4648,1.1599,18.6031,5.5982,,,-13.9451,-25.2922,0.2,10.8002,,,,,
000636.SZ,20250630,20250822,2.7186,0.8794,17.9465,6.0447,,,-19.5014,-32.014,0.15,10.6515,,,,,
000636.SZ,20250331,20250428,2.1008,0.3173,17.4938,5.0811,,,-11.4389,-13.4377,0.06,10.6877,,,,,
000636.SZ,20250331,20250428,2.1008,0.3173,17.4938,5.0811,,,-11.4389,-13.4377,0.06,10.6877,,,,,
000636.SZ,20241231,20250415,2.793,1.8198,19.1737,6.7004,,,94.4726,88.0011,0.29,10.5642,,,,,
000636.SZ,20240930,20241030,2.9459,1.6096,19.6792,7.3925,,,138.1698,119.8447,0.23,10.4563,,,,,
000636.SZ,20240630,20240827,3.4562,1.31,19.9157,8.6775,,,143.6232,115.589,0.18,10.4153,,,,,
000636.SZ,20240331,20240425,2.4396,0.3651,16.7947,6.9,,,25.0476,26.4261,0.06,10.3505,,,,,
000636.SZ,20231231,20240416,1.4576,0.3271,14.3546,4.2921,,,-46.9868,-36.6856,0.15,10.3152,,,,,
000636.SZ,20230930,20231021,1.2489,0.0633,13.3382,3.6862,,,-64.3649,-53.3187,0.1,10.3137,,,,,
000636.SZ,20230630,20230829,1.4272,0.0808,12.9655,4.4504,,,-76.8887,-67.0749,0.08,10.3478,,,,,
000636.SZ,20230331,20230429,1.958,0.0693,11.0753,6.5468,,,-67.6593,-68.6296,0.05,10.3332,,,,,
000636.SZ,20230331,20230429,1.958,0.0693,11.0753,6.5468,,,-67.6593,-68.6296,0.05,10.3332,,,,,
000637.SZ,20251231,20260429,-24.6457,-5.504,1.6288,-5.1609,,,-69.9179,-200.3384,-0.27,0.9707,,,,,
000637.SZ,20250930,20251025,-20.8296,-3.1863,2.5147,-4.5451,,,18.1453,-22.4653,-0.18,1.0672,,,,,
000637.SZ,20250930,20251025,-20.8296,-3.1863,2.5147,-4.5451,,,18.1453,-22.4653,-0.18,1.0672,,,,,
000637.SZ,20250630,20250830,-27.3098,-2.9646,2.0933,-6.1103,,,12.1537,-8.72,-0.16,1.0879,,,,,
000637.SZ,20250331,20250429,-22.3032,-1.1613,3.5961,-4.9033,,,20.277,-0.5207,-0.07,1.1786,,,,,
000637.SZ,20250331,20250429,-22.3032,-1.1613,3.5961,-4.9033,,,20.277,-0.5207,-0.07,1.1786,,,,,
000637.SZ,20241231,20250429,-12.1422,-0.2616,3.8486,-2.3773,,,34.7722,51.6112,-0.16,1.2409,,,,,
000637.SZ,20240930,20241031,-22.6207,-2.5622,4.975,-3.877,,,-127.617,-6668.8761,-0.2203,1.1957,,,,,
000637.SZ,20240930,20241031,-22.6207,-2.5622,4.975,-3.877,,,-127.617,-6668.8761,-0.2203,1.1957,,,,,
000637.SZ,20240630,20240830,-27.472,-2.4063,4.8135,-4.5298,,,-82.5224,-71.9151,-0.18,1.2344,,,,,
000637.SZ,20240331,20240429,-24.8272,-1.1719,2.7135,-3.389,,,-45.5638,-54.2089,-0.08,1.3255,,,,,
000637.SZ,20231231,20240429,-15.8995,-2.7862,4.8524,-2.4202,,,1.3795,22.8731,-0.25,1.4009,,,,,
000637.SZ,20230930,20231027,-7.9224,1.2945,5.407,-0.5813,,,-1182.7147,-102.8059,-0.1,1.565,,,,,
000637.SZ,20230630,20230823,-12.075,-0.7533,3.4366,-1.9009,,,-505.6857,-198.1086,-0.1,1.5927,,,,,
000637.SZ,20230630,20230823,-12.075,-0.7533,3.4366,-1.9009,,,-505.6857,-198.1086,-0.1,1.5927,,,,,
000637.SZ,20230331,20230429,-13.9628,-0.3702,3.3282,-2.2819,,,-300.8677,-1105.0829,-0.06,1.6382,,,,,
000637.SZ,20230331,20230429,-13.9628,-0.3702,3.3282,-2.2819,,,-300.8677,-1105.0829,-0.06,1.6382,,,,,
000650.SZ,20251231,20260424,6.2968,8.7043,36.9636,13.7896,,,-18.4066,-14.1646,0.28,4.5113,,,,,
000650.SZ,20250930,20251031,8.0717,7.8793,36.4259,16.5561,,,-8.7911,-10.0479,0.2708,4.5372,,,,,
000650.SZ,20250930,20251031,8.0717,7.8793,36.4259,16.5561,,,-8.7911,-10.0479,0.2708,4.5372,,,,,
000650.SZ,20250630,20250826,9.3398,5.9953,36.5927,17.986,,,-13.865,-15.238,0.2075,4.4749,,,,,
000650.SZ,20250331,20250429,10.5024,3.2667,36.8489,19.9601,,,-7.3261,-6.046,0.1174,4.5302,,,,,
000650.SZ,20241231,20250426,7.9218,10.1983,37.9399,13.9043,,,-15.0453,-13.7597,0.35,4.41,,,,,
000650.SZ,20240930,20241029,9.168,8.9095,37.6473,16.3428,,,-23.0762,-20.1788,0.2969,4.3557,,,,,
000650.SZ,20240630,20240828,10.978,6.8544,38.3576,17.4555,,,-5.4335,-3.1282,0.2409,4.4948,,,,,
000650.SZ,20240331,20240430,11.6996,3.3753,36.6619,16.9514,,,-2.7442,-10.5366,0.1266,4.3791,,,,,
000650.SZ,20231231,20240426,9.6688,11.5486,37.1224,12.5078,,,-1.2487,-5.7307,0.41,4.2809,,,,,
000650.SZ,20230930,20231030,12.2723,10.7405,37.9818,17.0895,,,18.3846,14.3016,0.386,4.2867,,,,,
000650.SZ,20230630,20230825,12.3394,7.1733,37.8925,15.9685,,,18.8633,14.2024,0.2547,4.1554,,,,,
000650.SZ,20230331,20230428,12.5036,3.7654,39.4072,16.1745,,,17.0869,14.911,0.1302,4.231,,,,,
000650.SZ,20230331,20230428,12.5036,3.7654,39.4072,16.1745,,,17.0869,14.911,0.1302,4.231,,,,,
000651.SZ,20251231,20260429,20.4718,8.0917,29.8073,16.9336,,,-9.8851,-6.2375,5.2,26.0523,,,,,
000651.SZ,20250930,20251031,20.3059,5.7719,28.4386,15.7289,,,-2.2748,-2.0285,3.86,25.7836,,,,,
000651.SZ,20250630,20250829,21.1316,3.8005,28.4899,14.9118,,,1.9545,1.7226,2.6,24.1717,,,,,
000651.SZ,20250331,20250428,16.8336,1.5665,27.3605,14.3148,,,26.2943,29.918,1.07,25.5626,,,,,
000651.SZ,20250331,20250428,16.8336,1.5665,27.3605,14.3148,,,26.2943,29.918,1.07,25.5626,,,,,
000651.SZ,20241231,20250428,25.3212,9.0411,29.4282,17.1127,,,10.9148,12.5473,5.83,24.5326,,,,,
000651.SZ,20240930,20241031,24.0859,6.2053,30.2139,14.4592,,,9.3011,11.6528,3.98,22.4361,,,,,
000651.SZ,20240630,20240831,24.107,3.857,30.4693,13.9179,,,11.5431,12.5063,2.56,20.9118,,,,,
000651.SZ,20240331,20240430,15.6936,1.1996,29.4542,12.7613,,,13.7715,17.0826,0.85,21.5808,,,,,
000651.SZ,20231231,20240430,27.1759,8.1839,30.5687,13.5891,,,18.4063,20.454,5.22,20.7397,,,,,
000651.SZ,20230930,20231031,25.6204,5.5733,29.2454,12.5947,,,9.7682,12.1789,3.58,19.9537,,,,,
000651.SZ,20230630,20230831,25.0878,3.5043,28.7466,12.4451,,,10.5242,14.3146,2.26,18.6993,,,,,
000651.SZ,20230331,20230429,16.5444,1.0913,27.4166,11.0103,,,2.6462,8.6866,0.73,18.1023,,,,,
000651.SZ,20230331,20230429,16.5444,1.0913,27.4166,11.0103,,,2.6462,8.6866,0.73,18.1023,,,,,
000652.SZ,20251231,20260417,-5.1329,0.8931,5.3416,-2.9058,,,-350.7354,-152.5673,-0.1941,3.6682,,,,,
000652.SZ,20250930,20251025,1.6293,0.9617,3.7339,0.0296,,,-49.0468,-61.8518,0.0475,3.8801,,,,,
000652.SZ,20250630,20250827,2.2776,0.6085,4.0826,0.0368,,,-33.9015,-65.3538,0.0443,3.9009,,,,,
000652.SZ,20250331,20250429,0.5316,0.2302,4.0181,-0.4208,,,0.5681,39.2664,0.0052,3.8837,,,,,
000652.SZ,20250331,20250429,0.5316,0.2302,4.0181,-0.4208,,,0.5681,39.2664,0.0052,3.8837,,,,,
000652.SZ,20241231,20250424,2.0018,0.938,3.3276,-1.0677,,,-37.5897,-130.875,0.0773,3.887,,,,,
000652.SZ,20240930,20241029,3.2116,1.1678,3.5463,0.1757,,,1.0002,11.103,0.0931,3.8943,,,,,
000652.SZ,20240630,20240828,3.4818,0.7898,3.3443,0.217,,,0.7756,48.2805,0.0671,3.8677,,,,,
000652.SZ,20240331,20240429,0.5344,0.2726,2.5555,-0.772,,,17.1453,54.7362,0.0051,3.8455,,,,,
000652.SZ,20231231,20240424,3.2724,2.5486,6.2607,0.1904,,,2.6173,-13.1702,0.1239,3.8394,,,,,
000652.SZ,20230930,20231027,3.2597,0.9332,3.6658,0.1764,,,0.3745,-51.5447,0.0922,3.8104,,,,,
000652.SZ,20230630,20230824,3.5432,0.6415,2.447,0.125,,,4.6316,-23.4599,0.0666,3.7814,,,,,
000652.SZ,20230331,20230421,0.4692,0.1674,2.0345,-1.2103,,,52.4939,-5776.684,0.0044,3.738,,,,,
000652.SZ,20230331,20230421,0.4692,0.1674,2.0345,-1.2103,,,52.4939,-5776.684,0.0044,3.738,,,,,
000655.SZ,20251231,20260328,7.8244,7.0776,21.9634,16.513,,,31.4382,51.0033,0.4503,5.8726,,,,,
000655.SZ,20250930,20251011,8.5625,6.1385,25.768,18.0648,,,47.0923,47.7716,0.3703,5.8954,,,,,
000655.SZ,20250630,20250823,8.8484,4.1542,27.7073,19.9698,,,88.1357,81.2831,0.2525,5.7751,,,,,
000655.SZ,20250331,20250409,5.8064,1.2285,24.0919,14.0428,,,122.5276,125.2004,0.0825,5.725,,,,,
000655.SZ,20250331,20250409,5.8064,1.2285,24.0919,14.0428,,,122.5276,125.2004,nan,5.725,,,,,
000655.SZ,20241231,20250329,6.1589,4.7569,16.7574,13.5497,,,-13.2993,-26.0409,0.343,5.6377,,,,,
000655.SZ,20240930,20241026,6.0592,3.8545,17.407,14.0046,,,-15.2137,-16.2044,0.252,5.5924,,,,,
000655.SZ,20240630,20240824,4.8834,1.9499,17.5863,11.8884,,,-24.9985,-24.3789,0.134,5.5038,,,,,
000655.SZ,20240331,20240420,2.6916,0.4264,17.0227,8.1753,,,34.2869,34.1996,0.037,5.5277,,,,,
000655.SZ,20231231,20240323,7.4272,6.7125,22.1509,16.5135,,,15.8224,20.9974,0.395,5.4876,,,,,
000655.SZ,20231231,20240323,7.4272,6.7125,22.1509,16.5135,,,15.8224,20.9974,0.395,5.4876,,,,,
000655.SZ,20230930,20231021,7.5129,5.1685,22.1759,16.7526,,,-11.3708,-11.262,0.297,5.3866,,,,,
000655.SZ,20230630,20230819,6.858,3.0648,20.6529,16.3847,,,-34.6287,-38.3192,0.179,5.2825,,,,,
000655.SZ,20230331,20230422,2.1368,0.3183,19.9545,6.395,,,-59.7376,-62.3099,0.028,5.1803,,,,,
000655.SZ,20230331,20230422,2.1368,0.3183,19.9545,6.395,,,-59.7376,-62.3099,0.028,5.1803,,,,,
000657.SZ,20251231,20260427,14.8326,8.829,23.6704,7.889,,,29.1975,34.6121,0.58,4.2665,,,,,
000657.SZ,20250930,20251027,12.9477,6.0475,21.8256,7.3045,,,18.2625,25.993,0.3821,4.3324,,,,,
000657.SZ,20250630,20250827,11.9516,3.8894,21.1846,7.1507,,,8.7049,16.9224,0.2358,4.1838,,,,,
000657.SZ,20250331,20250425,10.3252,1.6398,20.6261,7.0486,,,3.2435,11.4185,0.11,4.5821,,,,,
000657.SZ,20241231,20250425,14.1078,8.3573,22.0691,7.0076,,,17.4677,13.1033,0.45,5.4035,,,,,
000657.SZ,20240930,20241026,4.7315,2.6382,14.859,2.5658,,,-34.6557,-30.0437,0.1475,4.1846,,,,,
000657.SZ,20240630,20240823,5.0964,1.8891,14.9122,2.6625,,,-39.2968,-32.2544,0.1052,4.1243,,,,,
000657.SZ,20240331,20240426,4.3968,0.8393,14.1606,2.7053,,,-35.9739,-39.3107,0.05,4.1839,,,,,
000657.SZ,20231231,20240426,8.6851,6.0532,16.8678,4.6072,,,-9.3593,-10.0461,0.35,4.1302,,,,,
000657.SZ,20230930,20231027,7.558,3.8561,16.1692,3.9155,,,-20.8517,-28.5092,0.2257,4.1108,,,,,
000657.SZ,20230630,20230823,8.761,2.8014,16.2503,4.2782,,,4.9545,-14.7354,0.1732,4.0546,,,,,
000657.SZ,20230331,20230428,7.3308,1.2977,17.2348,3.9597,,,-7.4006,-15.5629,0.09,5.1104,,,,,
000657.SZ,20230331,20230428,7.3308,1.2977,17.2348,3.9597,,,-7.4006,-15.5629,0.09,5.1104,,,,,
000659.SZ,20251231,20260424,-69.1621,-0.1771,15.6568,-11.6901,,,6.1867,1.5078,-0.0896,0.0857,,,,,
000659.SZ,20250930,20251029,-36.3884,1.7459,17.4661,-6.5344,,,-85.2599,-174.2482,-0.0417,0.1322,,,,,
000659.SZ,20250630,20250827,-36.3794,1.1097,17.5517,-6.8358,,,-259.7398,-2095555.0846,-0.0289,0.1448,,,,,
000659.SZ,20250331,20250430,-36.3684,0.407,16.5089,-8.1353,,,-100.9833,-237.4517,-0.0151,0.1585,,,,,
000659.SZ,20241231,20250411,-44.692,-1.0424,15.5705,-12.2017,,,-74.7988,-1013.088,-0.0955,0.1734,,,,,
000659.SZ,20241231,20250411,-44.692,-1.0424,15.5705,-12.2017,,,-74.7988,-1013.088,-0.0955,0.1734,,,,,
000659.SZ,20240930,20241031,-12.3572,2.6312,17.5404,-3.4846,,,-184.6657,-115.1501,-0.0225,0.2318,,,,,
000659.SZ,20240930,20241031,-12.3572,2.6312,17.5404,-3.4846,,,-184.6657,-115.1501,-0.0225,0.2318,,,,,
000659.SZ,20240630,20240830,-6.4508,2.1954,17.9365,-1.91,,,-119.8498,-100.0013,-0.008,0.2448,,,,,
000659.SZ,20240331,20240426,-11.9792,0.8464,15.7312,-4.0697,,,59.4192,68.7807,-0.0075,0.2473,,,,,
000659.SZ,20240331,20240426,-11.9792,0.8464,15.7312,-4.0697,,,59.4192,68.7807,-0.0075,0.2473,,,,,
000659.SZ,20231231,20240426,-19.2714,3.2823,19.9406,-5.5836,,,62.2074,93.6599,-0.0546,0.254,,,,,
000659.SZ,20230930,20231027,11.0453,6.8322,24.0697,3.1782,,,225.3033,1785.7392,0.0266,0.3289,,,,,
000659.SZ,20230630,20230824,24.7002,6.1665,27.7129,7.1676,,,344.4,21634.2553,0.0405,0.3433,,,,,
000659.SZ,20230331,20230427,-24.3412,0.1614,14.5053,-8.5834,,,-22.2197,-49.1805,-0.0185,0.2949,,,,,
000659.SZ,20230331,20230427,-24.3412,0.1614,14.5053,-8.5834,,,-22.2197,-49.1805,-0.0185,0.2949,,,,,
000661.SZ,20251231,20260422,0.6886,-0.0181,82.1145,-0.1948,,,-94.0005,-88.0662,0.39,53.9508,,,,,
000661.SZ,20250930,20251031,6.752,3.7564,83.9523,10.8062,,,-58.2313,-58.6543,2.9,56.3989,,,,,
000661.SZ,20250630,20250830,8.5772,3.2544,83.35,14.1137,,,-42.8464,-47.2333,2.44,55.9826,,,,,
000661.SZ,20250331,20250421,8.1376,1.6539,88.2226,15.6604,,,-44.9529,-46.2826,1.17,57.5397,,,,,
000661.SZ,20241231,20250421,11.4613,9.8578,85.7221,20.1068,,,-43.0101,-41.0186,6.42,56.3739,,,,,
000661.SZ,20240930,20241026,16.5077,10.433,85.5995,28.1291,,,-22.7974,-23.0722,6.93,57.1151,,,,,
000661.SZ,20240630,20240816,15.634,6.8672,84.6233,27.0457,,,-20.397,-16.1001,4.28,54.2102,,,,,
000661.SZ,20240331,20240420,15.2964,3.2939,83.4276,28.0645,,,0.2024,-1.0859,2.13,56.4509,,,,,
000661.SZ,20231231,20240320,22.592,19.0234,85.9677,32.7873,,,9.4664,12.484,11.21,54.5525,,,,,
000661.SZ,20230930,20231024,24.4612,15.3289,84.9089,35.4221,,,4.2662,2.2826,8.98,52.715,,,,,
000661.SZ,20230630,20230824,22.795,9.2403,88.7506,35.7928,,,1.9105,0.4229,5.37,49.0769,,,,,
000661.SZ,20230331,20230418,18.5392,3.8314,87.9066,30.9323,,,-24.709,-23.7647,2.13,46.7773,,,,,
000663.SZ,20251231,20260428,-9.7792,-6.1473,11.3993,-29.294,,,-11.8366,-16.9199,-0.28,2.7542,,,,,
000663.SZ,20250930,20251030,-2.6113,-1.3706,10.2124,-9.2956,,,49.4493,38.1639,-0.06,2.9749,,,,,
000663.SZ,20250630,20250827,-3.4818,-1.1182,8.0337,-13.5094,,,14.1799,3.4504,-0.05,2.9885,,,,,
000663.SZ,20250331,20250430,-7.5156,-1.2465,7.002,-35.1124,,,-111.466,-141.3712,-0.06,2.9589,,,,,
000663.SZ,20250331,20250430,-7.5156,-1.2465,7.002,-35.1124,,,-111.466,-141.3712,-0.06,2.9589,,,,,
000663.SZ,20241231,20250331,-8.0207,-5.0006,9.9302,-26.2527,,,-144.7492,-143.0474,-0.25,3.0228,,,,,
000663.SZ,20240930,20241031,-4.8053,-2.2772,7.8294,-17.6551,,,-128.7234,-126.9702,-0.12,3.1723,,,,,
000663.SZ,20240630,20240830,-3.7582,-1.1544,7.9674,-15.0139,,,-118.7177,-117.9702,-0.06,3.2141,,,,,
000663.SZ,20240630,20240830,-3.7582,-1.1544,7.9674,-15.0139,,,-118.7177,-117.9702,-0.06,3.2141,,,,,
000663.SZ,20240331,20240430,-3.2596,-0.4387,8.3212,-15.7072,,,-116.5101,-115.9417,-0.03,3.2464,,,,,
000663.SZ,20231231,20240430,18.8927,13.5027,44.6573,27.4833,,,-29.093,-34.8128,0.56,3.2754,,,,,
000663.SZ,20230930,20231031,18.5847,10.352,40.2197,32.2878,,,-58.581,-57.6646,0.4,3.1043,,,,,
000663.SZ,20230630,20230828,22.677,9.0138,44.2771,35.3529,,,-65.3973,-64.859,0.33,3.0462,,,,,
000663.SZ,20230331,20230429,23.1576,4.6247,44.3705,39.1915,,,382.0781,383.2211,0.16,2.8607,,,,,
000663.SZ,20230331,20230429,23.1576,4.6247,44.3705,39.1915,,,382.0781,383.2211,0.16,2.8607,,,,,
000665.SZ,20251231,20260424,-28.4118,-9.9026,-8.3802,-72.1518,,,-37.7929,-35.7266,-0.96,2.9076,,,,,
000665.SZ,20250930,20251021,-12.2869,-3.1166,1.0848,-34.2047,,,-10.8884,-8.0635,-0.34,3.5299,,,,,
000665.SZ,20250630,20250820,-11.502,-1.9477,1.8213,-29.988,,,-18.655,-11.8627,-0.22,3.6544,,,,,
000665.SZ,20250331,20250430,-10.2036,-0.8721,2.6513,-27.423,,,-10.2301,-6.7397,-0.1,3.7732,,,,,
000665.SZ,20241231,20250429,-16.4417,-6.6651,-5.9203,-50.0401,,,-21.9296,-21.6976,-0.7,3.8704,,,,,
000665.SZ,20241231,20250429,-16.4344,-6.6604,-5.9203,-50.0401,,,-21.9296,-21.6976,-0.7,3.8704,,,,,
000665.SZ,20240930,20241029,-9.2296,-2.7298,3.3233,-26.901,,,1.996,-0.2776,-0.31,4.2547,,,,,
000665.SZ,20240630,20240816,-8.0958,-1.6178,4.1271,-22.5997,,,4.8146,-3.8347,-0.18,4.3802,,,,,
000665.SZ,20240331,20240430,-7.7116,-0.7958,4.3767,-22.3202,,,-4.5803,-8.6543,-0.09,4.4823,,,,,
000665.SZ,20240331,20240430,-7.7084,-0.7953,4.3767,-22.3202,,,-4.5803,-8.6543,-0.09,4.4823,,,,,
000665.SZ,20231231,20240418,-11.6556,-5.0756,3.7049,-32.8519,,,-9.4803,-12.9926,-0.57,4.5669,,,,,
000665.SZ,20230930,20231031,-8.288,-2.6252,3.7029,-24.1123,,,4.3194,-0.9122,-0.31,4.8289,,,,,
000665.SZ,20230630,20230829,-7.5004,-1.6031,5.8029,-21.8764,,,2.4584,-0.5622,-0.19,4.9513,,,,,
000665.SZ,20230331,20230427,-6.5532,-0.7009,8.8367,-19.6984,,,5.6159,5.206,-0.08,5.0584,,,,,
000665.SZ,20230331,20230427,-6.5532,-0.7009,8.8367,-19.6984,,,5.6159,5.206,-0.08,5.0584,,,,,
000668.SZ,20251231,20260417,3.501,4.6574,21.1195,6.2201,,,107.1095,113.3277,0.18,5.1751,,,,,
000668.SZ,20250930,20251027,-5.0743,-1.8622,2.6708,-17.9174,,,20.175,2.1342,-0.19,4.8104,,,,,
000668.SZ,20250630,20250826,-6.937,-1.4206,1.607,-21.552,,,-42.3095,-33.3405,-0.17,4.8267,,,,,
000668.SZ,20250331,20250429,-8.0388,-0.8439,-0.8865,-18.1866,,,-158.7231,-130.0137,-0.1,4.8976,,,,,
000668.SZ,20241231,20250429,-40.0775,-21.8124,-14.7759,-275.7368,,,-640.9738,-614.9728,-2.5,4.997,,,,,
000668.SZ,20240930,20241026,-4.2212,-1.2291,-1.6809,-88.8673,,,-4.6703,0.28,-0.23,7.2678,,,,,
000668.SZ,20240630,20240828,-3.2174,-0.5311,8.6533,-93.6142,,,39.811,38.673,-0.12,7.3819,,,,,
000668.SZ,20240331,20240427,-2.0544,-0.1354,13.7976,-60.5742,,,22.3161,32.5296,-0.04,7.4632,,,,,
000668.SZ,20231231,20240427,-4.2792,-1.0828,27.8674,-45.6012,,,-30.852,-34.2692,-0.34,7.5016,,,,,
000668.SZ,20230930,20231028,-3.6387,-0.3886,30.0234,-84.9747,,,-18.0424,-481.1549,-0.22,8.0729,,,,,
000668.SZ,20230630,20230824,-4.853,-0.5805,33.1244,-142.4785,,,-105.272,-256.3193,-0.2,8.0974,,,,,
000668.SZ,20230630,20230824,-4.853,-0.5805,33.1244,-142.4785,,,-105.272,-256.3193,-0.2,8.0974,,,,,
000668.SZ,20230331,20230428,-2.3924,0.0476,29.0553,-84.0245,,,-16.6585,-259.8162,-0.05,8.2468,,,,,
000668.SZ,20230331,20230428,-2.3924,0.0476,29.0553,-84.0245,,,-16.6585,-259.8162,-0.05,8.2468,,,,,
000670.SZ,20251231,20260331,-178.006,0.2626,3.3364,-1.1104,,,-32.8876,-385.2296,-0.1008,0.0535,,,,,
000670.SZ,20250930,20251025,-153.9552,0.4377,2.8565,-0.856,,,-18.6864,-356.1261,-0.0531,0.0331,,,,,
000670.SZ,20250630,20250828,-164.5286,-0.114,2.8619,-1.3202,,,-44.1657,-281.6093,-0.0395,0.0372,,,,,
000670.SZ,20250630,20250828,-164.5286,-0.114,2.8619,-1.3202,,,-44.1657,-281.6093,-0.0395,0.0372,,,,,
000670.SZ,20250331,20250430,-114.5632,0.1702,4.1851,-1.0994,,,-298.1322,-126.4076,-0.016,0.0521,,,,,
000670.SZ,20241231,20250422,-146.6921,2.0854,4.735,-0.6383,,,-3.185,66.0691,-0.0759,0.0564,,,,,
000670.SZ,20240930,20241026,-174.5818,2.2184,5.0578,-0.2562,,,-3.9088,261.8538,-0.0447,0.0219,,,,,
000670.SZ,20240630,20240827,-135.7902,1.8825,5.7388,0.0198,,,21.5469,180.041,-0.0274,0.0339,,,,,
000670.SZ,20240331,20240425,-34.9216,1.835,7.0004,1.3298,,,68.3932,1193.0483,-0.004,0.0446,,,,,
000670.SZ,20231231,20240416,-100.5005,1.3615,4.7033,-0.8956,,,-502.9435,-122.0643,-0.0735,0.0438,,,,,
000670.SZ,20230930,20231031,-66.2368,1.5521,4.5024,-0.6698,,,-757.1923,-107.1483,-0.043,0.0724,,,,,
000670.SZ,20230630,20230822,-76.6724,0.4008,4.0976,-1.3517,,,-597.3205,-136.7023,-0.035,0.0816,,,,,
000670.SZ,20230331,20230428,-53.286,0.4385,4.7352,-0.786,,,-372.4089,-110.1999,-0.0127,0.0897,,,,,
000670.SZ,20230331,20230428,-53.286,0.4385,4.7352,-0.786,,,-372.4089,-110.1999,-0.0127,0.0897,,,,,
000672.SZ,20251231,20260428,7.079,5.437,28.8934,13.6725,,,1.6242,13.4684,0.676,9.3525,,,,,
000672.SZ,20250930,20251028,7.9007,5.3383,29.8579,15.3077,,,30.5573,37.4723,0.54,9.152,,,,,
000672.SZ,20250630,20250826,5.6286,2.0367,31.8004,11.3459,,,44.5263,98.2744,0.26,8.8661,,,,,
000672.SZ,20250331,20250425,3.5572,0.5835,27.4066,7.2839,,,447.6108,595.2243,0.09,9.314,,,,,
000672.SZ,20241231,20250425,7.0546,4.8074,26.1646,10.865,,,-15.6972,-18.8054,0.6621,9.2314,,,,,
000672.SZ,20240930,20241030,6.1428,3.7133,26.7108,9.8934,,,-42.2719,-48.2585,0.42,8.9915,,,,,
000672.SZ,20240630,20240829,3.9232,1.109,25.4215,5.6342,,,-67.8546,-77.1607,0.18,8.8468,,,,,
000672.SZ,20240331,20240430,0.66,0.3391,22.3562,-2.2575,,,-91.5428,-109.1743,0.02,9.137,,,,,
000672.SZ,20231231,20240425,8.6277,5.5365,27.7479,10.964,,,-21.5609,-25.0151,0.7813,9.1186,,,,,
000672.SZ,20230930,20231026,10.8519,6.3381,27.791,14.4535,,,-17.212,-18.8254,0.72,9.0786,,,,,
000672.SZ,20230630,20230824,12.472,4.2501,29.7917,17.5115,,,-24.8539,-25.9973,0.55,8.9007,,,,,
000672.SZ,20230630,20230824,12.472,4.9657,29.7917,17.5115,,,-24.8539,-25.9973,0.55,8.9007,,,,,
000672.SZ,20230331,20230420,8.12,1.2317,26.3455,11.3532,,,-49.4036,-53.1854,0.18,8.8622,,,,,
000672.SZ,20230331,20230420,8.12,1.2317,26.3455,11.3532,,,-49.4036,-53.1854,0.18,8.8622,,,,,
000676.SZ,20251231,20260429,3.3584,3.2792,16.4442,4.7356,,,-33.4213,-29.5609,0.113,3.39,,,,,
000676.SZ,20250930,20251030,3.7724,2.5428,16.1274,5.064,,,-23.1617,-35.0427,0.0952,3.3757,,,,,
000676.SZ,20250630,20250828,3.9216,1.8737,15.4528,5.0668,,,-18.8109,-27.6064,0.0658,3.3597,,,,,
000676.SZ,20250630,20250828,3.9216,1.8737,15.4528,5.0668,,,-18.8109,-27.6064,0.0658,3.3597,,,,,
000676.SZ,20250331,20250429,4.252,0.967,15.2733,5.4063,,,-19.5227,-28.363,0.0355,3.3208,,,,,
000676.SZ,20241231,20250429,5.2522,5.2881,17.179,8.6862,,,-34.0022,-29.7425,0.1692,3.289,,,,,
000676.SZ,20240930,20241029,5.2549,4.1733,16.1052,9.5074,,,-4.8312,-2.4509,0.1234,3.1152,,,,,
000676.SZ,20240630,20240829,5.1736,2.8121,17.6927,10.142,,,17.1482,13.4153,0.0805,3.0686,,,,,
000676.SZ,20240331,20240427,5.6024,1.5327,18.2513,10.6476,,,13.8683,24.2083,0.0458,3.0945,,,,,
000676.SZ,20231231,20240423,8.5652,8.8662,19.9713,13.995,,,187.5352,225.0728,0.2541,3.0841,,,,,
000676.SZ,20230930,20231028,5.9724,4.8636,20.9271,10.699,,,37.2282,67.1325,0.1286,2.8957,,,,,
000676.SZ,20230630,20230830,4.8012,2.8157,22.3412,9.8505,,,10.496,32.1333,0.0682,2.8491,,,,,
000676.SZ,20230630,20230830,4.8168,2.8248,22.3412,9.8505,,,10.496,32.1333,0.0682,2.8491,,,,,
000676.SZ,20230331,20230427,5.4596,1.6239,23.0633,10.0019,,,55.4998,37.4133,0.038,2.7577,,,,,
000676.SZ,20230331,20230427,5.4776,1.6292,23.0633,10.0019,,,55.4998,37.4133,0.038,2.7577,,,,,
000678.SZ,20251231,20260428,-6.1908,-1.6571,13.6282,-4.5453,,,-38.891,-44.6619,-0.11,1.7134,,,,,
000678.SZ,20250930,20251031,-4.4851,-1.006,10.039,-3.2094,,,-38.0554,-15.6786,-0.06,1.7349,,,,,
000678.SZ,20250630,20250829,-3.9466,-0.5416,9.7004,-2.7426,,,-25.1834,-6.2076,-0.03,1.6852,,,,,
000678.SZ,20250331,20250426,-6.8964,-0.6061,7.8825,-4.6115,,,-1.7674,-15.9431,-0.03,1.7001,,,,,
000678.SZ,20241231,20250426,-4.3178,-0.2743,10.8502,-3.5593,,,34.1622,7.816,-0.08,1.7395,,,,,
000678.SZ,20240930,20241031,-3.1372,-0.3826,9.8377,-2.2742,,,56.3374,37.5998,-0.042,1.7729,,,,,
000678.SZ,20240930,20241031,-3.1372,-0.3826,9.8377,-2.2742,,,56.3374,37.5998,-0.042,1.7729,,,,,
000678.SZ,20240630,20240830,-2.9904,-0.3219,10.6496,-2.2383,,,68.6546,52.2815,-0.03,1.7855,,,,,
000678.SZ,20240630,20240830,-2.9904,-0.3219,10.6496,-2.2383,,,68.6546,52.2815,-0.03,1.7855,,,,,
000678.SZ,20240331,20240426,-6.4984,-0.412,9.1971,-4.2071,,,38.4952,27.869,-0.03,1.7618,,,,,
000678.SZ,20231231,20240426,-6.2784,-0.8743,11.1264,-4.3057,,,57.0816,59.8724,-0.12,1.825,,,,,
000678.SZ,20230930,20231031,-6.9743,-0.9127,8.4866,-4.0106,,,46.763,37.5968,-0.097,1.8083,,,,,
000678.SZ,20230630,20230830,-9.2264,-1.1315,8.7915,-6.2364,,,25.5388,15.2264,-0.09,1.835,,,,,
000678.SZ,20230331,20230428,-10.1152,-0.6303,5.7104,-7.0016,,,22.1419,9.5837,-0.05,1.8484,,,,,
000678.SZ,20230331,20230428,-10.1152,-0.6303,5.7104,-7.0016,,,22.1419,9.5837,-0.05,1.8484,,,,,
000679.SZ,20251231,20260418,-47.28,-7.5931,17.7547,-26.9769,,,-25.3494,-48.0164,-0.27,0.441,,,,,
000679.SZ,20250930,20251031,-33.6947,-3.7931,17.885,-25.7988,,,-38.1152,-68.8291,-0.16,0.5539,,,,,
000679.SZ,20250630,20250829,-29.1354,-2.4658,17.096,-24.0142,,,-30.8611,-46.3386,-0.097,0.6171,,,,,
000679.SZ,20250331,20250430,-20.9332,-0.7864,16.8536,-18.0131,,,-2.6893,-9.0375,-0.0364,0.6777,,,,,
000679.SZ,20250331,20250430,-20.9332,-0.7864,16.8536,-18.0131,,,-2.6893,-9.0375,-0.0364,0.6777,,,,,
000679.SZ,20241231,20250426,-26.4693,-6.9237,14.6046,-26.1858,,,-108.895,-91.0083,-0.22,0.7141,,,,,
000679.SZ,20240930,20241031,-17.6977,-3.3746,23.6824,-43.2057,,,-200.8888,-152.3198,-0.12,0.8159,,,,,
000679.SZ,20240630,20240828,-16.56,-2.2179,23.6384,-46.2945,,,-372.8315,-859.1092,-0.074,0.8578,,,,,
000679.SZ,20240331,20240430,-15.5168,-1.0932,23.5806,-43.2878,,,-43.5573,12.4902,-0.035,0.8965,,,,,
000679.SZ,20231231,20240418,-10.5972,-1.8608,26.824,-27.7653,,,25.9071,40.5199,-0.1,0.9319,,,,,
000679.SZ,20230930,20231031,-5.0547,0.6047,25.5112,-12.4185,,,60.3392,69.5468,-0.039,0.9977,,,,,
000679.SZ,20230630,20230816,-3.0476,1.1772,23.3168,-5.9086,,,76.7037,92.6748,-0.016,1.0205,,,,,
000679.SZ,20230331,20230429,-9.6512,-0.4589,23.2798,-26.4845,,,8.6567,8.8345,-0.025,1.0115,,,,,
000679.SZ,20230331,20230429,-9.6512,-0.4589,23.2798,-26.4845,,,8.6567,8.8345,-0.025,1.0115,,,,,
000680.SZ,20251231,20260316,21.2202,7.0922,21.4787,8.3054,,,9.8628,6.8479,0.8094,4.1149,,,,,
000680.SZ,20250930,20251031,20.1847,5.1301,20.526,8.0145,,,15.6665,11.2503,0.5595,3.89,,,,,
000680.SZ,20250630,20250823,20.8224,3.5453,20.1589,8.1319,,,8.7792,5.127,0.3788,3.7839,,,,,
000680.SZ,20250331,20250430,20.2864,1.6858,19.1961,8.2764,,,13.6289,12.1481,0.1817,3.6736,,,,,
000680.SZ,20250331,20250430,20.2864,1.6858,19.1961,8.2764,,,13.6289,12.1481,0.1817,3.6736,,,,,
000680.SZ,20241231,20250423,20.3907,7.4539,20.0513,7.7681,,,40.7202,46.8465,0.7346,3.4929,,,,,
000680.SZ,20240930,20241031,15.49,5.3317,16.7016,6.8876,,,34.1626,50.4977,0.4492,4.0226,,,,,
000680.SZ,20240630,20240823,14.7446,3.5283,16.8373,6.4625,,,38.4905,57.6977,0.2788,3.8535,,,,,
000680.SZ,20240331,20240427,14.6208,1.748,17.0522,6.7893,,,22.8076,36.4776,0.1383,3.8532,,,,,
000680.SZ,20231231,20240326,14.6311,6.3107,18.4428,7.2906,,,21.1614,14.475,0.5099,3.7119,,,,,
000680.SZ,20230930,20231031,13.1585,4.25,18.0516,6.7162,,,3.3408,0.9375,0.3348,3.5258,,,,,
000680.SZ,20230630,20230829,12.1116,2.655,17.5981,6.2599,,,-24.8228,-23.1664,0.2013,3.3897,,,,,
000680.SZ,20230331,20230429,13.5752,1.4718,18.9462,7.1717,,,-53.6063,-51.8842,0.1126,3.3743,,,,,
000680.SZ,20230331,20230429,13.5752,1.4718,18.9462,7.1717,,,-53.6063,-51.8842,0.1126,3.3743,,,,,
000681.SZ,20251231,20260331,2.3116,2.3462,41.6789,11.9046,,,-30.3149,-29.4355,0.1188,5.1578,,,,,
000681.SZ,20250930,20251031,2.754,2.1971,42.7473,13.4417,,,-9.0327,-8.1471,0.1061,5.1753,,,,,
000681.SZ,20250630,20250828,2.4416,1.3207,42.4266,12.1876,,,-13.9077,-12.7736,0.0625,5.1418,,,,,
000681.SZ,20250630,20250828,2.4416,1.3207,42.4266,12.1876,,,-13.9077,-12.7736,0.0625,5.1418,,,,,
000681.SZ,20250331,20250424,1.9916,0.5782,44.3894,10.5482,,,12.2599,16.3619,0.0254,5.12,,,,,
000681.SZ,20241231,20250424,3.386,3.4127,46.806,16.0503,,,-18.1652,-15.6525,0.17,5.0958,,,,,
000681.SZ,20240930,20241026,3.1253,2.4644,46.225,14.9113,,,-33.3311,-27.2855,0.117,4.9999,,,,,
000681.SZ,20240930,20241026,3.1253,2.4644,46.225,14.9113,,,-33.3311,-27.2855,0.117,47.4037,,,,,
000681.SZ,20240630,20240830,2.9226,1.5645,46.9007,14.1403,,,-44.0408,-36.3723,0.0728,4.9848,,,,,
000681.SZ,20240331,20240426,1.8284,0.5416,51.7189,10.4642,,,-71.9834,-63.8895,0.0227,4.9635,,,,,
000681.SZ,20231231,20240426,4.2575,4.2654,51.2382,19.7285,,,48.137,55.5424,0.2078,4.9495,,,,,
000681.SZ,20230930,20231031,4.7424,3.539,53.0843,22.565,,,52.7555,59.5989,0.1749,5.0222,,,,,
000681.SZ,20230630,20230818,5.2858,2.4932,51.4577,25.3329,,,65.7199,70.5955,0.1297,5.0029,,,,,
000681.SZ,20230331,20230428,6.6752,1.5124,56.5817,43.1316,,,85.7338,62.8571,0.0809,4.8782,,,,,
000681.SZ,20230331,20230428,6.6752,1.5124,56.5817,43.1316,,,85.7338,62.8571,0.0809,4.8782,,,,,
000682.SZ,20251231,20260424,16.54,7.0656,32.2445,11.0703,,,33.35,27.1753,0.6802,4.4106,,,,,
000682.SZ,20250930,20251025,12.4349,3.4696,32.1243,8.7175,,,17.5285,19.1276,0.3692,4.1032,,,,,
000682.SZ,20250930,20251025,12.4349,3.4696,32.1243,8.7175,,,17.5285,19.1276,0.3692,4.1032,,,,,
000682.SZ,20250630,20250823,11.5522,2.1978,33.0806,8.8437,,,19.6496,17.3049,0.2255,3.995,,,,,
000682.SZ,20250331,20250429,9.346,0.7597,31.2019,7.1867,,,19.2236,20.2311,0.0902,3.9043,,,,,
000682.SZ,20250331,20250429,9.346,0.7597,31.2019,7.1867,,,19.2236,20.2311,0.0902,3.9043,,,,,
000682.SZ,20241231,20250423,14.1037,6.0441,33.706,9.8458,,,26.3447,21.785,0.5101,3.8145,,,,,
000682.SZ,20240930,20241023,11.8445,3.2532,32.7814,8.4585,,,22.26,15.8609,0.3141,3.6536,,,,,
000682.SZ,20240630,20240823,10.8546,2.0573,32.5972,8.5503,,,24.9046,15.0752,0.1885,3.5273,,,,,
000682.SZ,20240331,20240427,8.752,0.7218,32.3595,6.9774,,,32.0432,12.7837,0.0756,3.4947,,,,,
000682.SZ,20231231,20240419,12.3967,5.8669,33.6978,9.345,,,23.4648,23.8777,0.4037,3.4191,,,,,
000682.SZ,20230930,20231028,10.76,3.3604,32.9464,8.2063,,,22.6853,11.8983,0.257,3.2735,,,,,
000682.SZ,20230930,20231028,10.76,3.3604,32.9464,8.2063,,,22.6853,11.8983,0.257,3.2735,,,,,
000682.SZ,20230630,20230818,9.6364,2.0923,32.7072,8.439,,,21.2671,16.6342,0.1509,3.1699,,,,,
000682.SZ,20230331,20230428,7.336,0.7535,30.9844,6.8833,,,26.3231,26.7484,0.0573,3.152,,,,,
000682.SZ,20230331,20230428,7.336,0.7535,30.9844,6.8833,,,26.3231,26.7484,0.0573,3.152,,,,,
000683.SZ,20251231,20260421,6.9643,5.7568,30.4607,12.243,,,-47.9808,-44.3095,0.25,3.3796,,,,,
000683.SZ,20250930,20251028,9.7548,5.3951,31.8069,17.9132,,,-41.1498,-41.2412,0.29,3.9089,,,,,
000683.SZ,20250630,20250808,10.3462,3.8422,31.7866,18.2121,,,-38.5719,-40.919,0.2,3.8233,,,,,
000683.SZ,20250630,20250808,10.3462,3.8422,31.7866,18.2121,,,-38.5719,-40.919,0.2,3.8233,,,,,
000683.SZ,20250331,20250425,9.234,1.7536,28.8856,17.1634,,,-40.3966,-43.4592,0.09,3.9825,,,,,
000683.SZ,20241231,20250425,12.9457,10.6517,40.9204,21.6652,,,28.4611,-2.0934,0.49,3.8767,,,,,
000683.SZ,20240930,20241029,17.2351,9.8803,42.6309,25.9911,,,19.8411,39.0725,0.49,3.8606,,,,,
000683.SZ,20240630,20240730,17.7308,7.0318,44.3541,26.1454,,,14.9026,41.1413,0.32,3.6962,,,,,
000683.SZ,20240331,20240416,16.464,3.241,44.4693,25.9936,,,-12.7023,11.8235,0.15,3.7973,,,,,
000683.SZ,20231231,20240416,10.8387,9.0931,41.0936,17.8006,,,-46.9901,-0.5553,0.39,3.6056,,,,,
000683.SZ,20230930,20231028,15.352,7.5312,37.3994,23.2969,,,-35.7835,-30.9588,0.42,3.7621,,,,,
000683.SZ,20230930,20231028,15.352,7.5312,37.3994,23.2969,,,-35.7835,-30.9588,nan,3.7621,,,,,
000683.SZ,20230630,20230822,16.3834,5.1257,36.6225,23.7704,,,-34.8536,-32.6848,0.29,3.6335,,,,,
000683.SZ,20230331,20230425,20.224,3.0983,41.55,31.0892,,,-17.5035,-14.6091,0.18,3.6601,,,,,
000683.SZ,20230331,20230425,20.224,3.0983,41.55,31.0892,,,-17.5035,-14.6091,0.18,3.6601,,,,,
000685.SZ,20251231,20260425,10.3832,6.177,22.8726,40.6703,,,56.7673,53.5695,1.28,12.6684,,,,,
000685.SZ,20250930,20251031,9.1016,4.1336,24.0341,38.6287,,,18.1132,35.6444,0.83,12.1866,,,,,
000685.SZ,20250630,20250830,8.1994,2.4594,22.1865,33.8317,,,29.5475,26.4873,0.49,11.9208,,,,,
000685.SZ,20250331,20250430,7.0104,1.0438,20.8863,30.8456,,,62.194,48.5316,0.21,11.6926,,,,,
000685.SZ,20241231,20250426,7.0747,4.7193,18.8989,21.3298,,,24.0183,19.7262,0.82,11.8721,,,,,
000685.SZ,20240930,20241031,8.1201,4.0575,21.7454,31.4031,,,23.341,4.8868,0.7,11.6464,,,,,
000685.SZ,20240630,20240831,6.7002,2.2963,22.7541,26.7639,,,-3.0153,-1.977,0.38,11.3681,,,,,
000685.SZ,20240331,20240430,4.5516,0.8579,25.0829,21.6964,,,-35.0817,-30.1952,0.13,11.274,,,,,
000685.SZ,20231231,20240427,6.0359,4.577,20.159,19.0953,,,-9.7927,-4.0832,0.66,11.1027,,,,,
000685.SZ,20231231,20240427,6.0359,4.577,20.159,19.0953,,,-9.7927,-4.0832,0.66,11.1027,,,,,
000685.SZ,20230930,20231031,6.9239,3.8422,22.5971,27.3044,,,21.4262,25.7446,0.56,11.0054,,,,,
000685.SZ,20230930,20231031,6.9239,3.8422,22.5971,27.3044,,,21.4262,25.7446,0.56,11.0054,,,,,
000685.SZ,20230630,20230831,7.2322,2.6109,21.5803,31.13,,,6.9988,13.5961,0.39,10.84,,,,,
000685.SZ,20230331,20230429,7.3136,1.3286,21.2831,33.1772,,,50.2909,52.1431,0.2,10.8273,,,,,
000685.SZ,20230331,20230429,7.3136,1.3286,21.2831,33.1772,,,50.2909,52.1431,0.2,10.8273,,,,,
000686.SZ,20251231,20260425,7.3969,None,None,29.4105,,,66.13,48.67,0.62,8.5988,,,,,
000686.SZ,20250930,20251029,7.2831,None,None,28.4768,,,125.21,134.0879,0.46,8.5179,,,,,
000686.SZ,20250630,20250828,4.4808,None,None,22.0188,,,225.9,445.3751,0.18,8.2564,,,,,
000686.SZ,20250331,20250426,4.2232,None,None,14.4526,,,859.84,520.4403,0.09,8.2047,,,,,
000686.SZ,20241231,20250426,4.6474,None,None,14.265,,,30.7,66.6,0.37,8.1686,,,,,
000686.SZ,20240930,20241029,3.3953,None,None,11.4924,,,-17.78,-14.2986,0.2,7.998,,,,,
000686.SZ,20240630,20240828,1.434,None,None,6.3975,,,-75.83,-83.9913,0.06,7.8523,,,,,
000686.SZ,20240331,20240430,0.456,None,None,3.782,,,-94.35,-90.7241,0.01,7.9046,,,,,
000686.SZ,20231231,20240419,3.6604,None,None,10.7431,,,189.44,208.12,0.2856,7.8957,,,,,
000686.SZ,20230930,20231027,4.2167,None,None,12.334,,,109.24,133.9255,0.25,7.855,,,,,
000686.SZ,20230930,20231027,4.2167,None,None,12.334,,,109.2357,133.9255,nan,7.855,,,,,
000686.SZ,20230630,20230825,6.0066,None,None,15.9934,,,164.48,170.62,0.23,7.8421,,,,,
000686.SZ,20230331,20230428,8.192,None,None,21.0446,,,244.09,277.8178,0.16,7.8682,,,,,
000686.SZ,20230331,20230428,8.192,None,None,21.0446,,,244.09,277.8178,0.16,7.8682,,,,,
000688.SZ,20251231,20260324,38.4989,19.7632,40.2396,31.9275,,,138.4824,68.5328,0.9672,2.1954,,,,,
000688.SZ,20251231,20260324,38.4989,19.7632,40.2396,31.9275,,,138.4824,68.5328,nan,2.1954,,,,,
000688.SZ,20250930,20251029,18.6061,7.8957,9.3997,26.1897,,,765.8864,375.4345,0.406,2.965,,,,,
000688.SZ,20250930,20251029,18.6061,7.8957,9.3997,26.1897,,,765.8864,375.4345,0.406,2.965,,,,,
000688.SZ,20250630,20250828,31.978,8.3622,13.5098,47.9472,,,1111.3387,772.6019,0.4694,3.0169,,,,,
000688.SZ,20250331,20250428,74.0848,9.1507,18.5645,115.3679,,,18279.6499,9271.0963,0.5513,3.0973,,,,,
000688.SZ,20241231,20250322,-3.796,0.748,27.9225,-6.088,,,-279.511,-124.9483,-0.1028,2.5433,,,,,
000688.SZ,20240930,20241029,2.3115,1.7966,33.259,4.4538,,,1998.7259,2880.9557,0.0475,2.6063,,,,,
000688.SZ,20240630,20240824,2.874,1.0724,37.47,5.6374,,,1116.5826,1403.3916,0.0392,2.5904,,,,,
000688.SZ,20240331,20240427,0.4504,0.1977,38.4122,0.5003,,,-80.7952,-48.9834,0.003,2.5229,,,,,
000688.SZ,20231231,20240427,2.1644,1.2297,36.4176,2.4756,,,-66.1709,-59.6137,0.0572,2.4994,,,,,
000688.SZ,20230930,20231031,-0.1263,0.2536,37.5969,-2.9341,,,-101.726,-102.4258,-0.0025,2.4904,,,,,
000688.SZ,20230630,20230825,0.2442,0.1915,37.9104,-1.7638,,,-97.2099,-104.0678,0.0032,2.4936,,,,,
000688.SZ,20230331,20230425,2.402,0.3339,46.7187,2.9534,,,-59.5549,-66.212,0.0155,2.4781,,,,,
000688.SZ,20230331,20230425,2.402,0.3339,46.7187,2.9534,,,-59.5549,-66.212,0.0155,2.4781,,,,,
000690.SZ,20251231,20260421,8.2058,6.484,18.6038,11.8664,,,45.207,45.924,0.47,5.8666,,,,,
000690.SZ,20250930,20251029,8.8428,5.0677,18.276,12.156,,,38.6244,40.574,0.38,5.7691,,,,,
000690.SZ,20250630,20250819,9.0766,3.4128,17.7789,12.8212,,,52.6239,47.1677,0.26,5.7042,,,,,
000690.SZ,20250331,20250429,9.702,1.8216,20.1668,15.1275,,,46.3973,45.4057,0.14,5.74,,,,,
000690.SZ,20250331,20250429,9.702,1.8216,20.1668,15.1275,,,46.3973,45.4057,0.14,5.74,,,,,
000690.SZ,20241231,20250429,5.7992,4.6643,14.9184,8.9267,,,-20.5954,-15.4728,0.32,5.6092,,,,,
000690.SZ,20240930,20241029,6.5245,3.7692,15.214,9.6997,,,-8.1897,-5.2963,0.27,5.5507,,,,,
000690.SZ,20240630,20240824,6.1042,2.3728,15.8158,9.8561,,,16.6198,26.0846,0.17,5.4484,,,,,
000690.SZ,20240331,20240430,6.8344,1.2936,13.6784,9.8302,,,713.1379,587.9281,0.094,5.6722,,,,,
000690.SZ,20240331,20240430,6.8344,1.2936,13.6784,9.8302,,,713.1379,587.9281,nan,5.6722,,,,,
000690.SZ,20231231,20240409,7.5892,5.8772,13.5594,8.6477,,,385.1677,597.8641,0.41,5.5737,,,,,
000690.SZ,20230930,20231031,7.4239,4.3266,12.1331,8.3773,,,239.1193,327.2649,0.2965,5.4611,,,,,
000690.SZ,20230630,20230817,5.4982,2.1452,9.0881,6.28,,,3359.4028,1130.3874,0.14,5.305,,,,,
000690.SZ,20230331,20230428,0.91,0.319,4.5863,1.1861,,,585.5342,106.3825,0.0118,5.199,,,,,
000690.SZ,20230331,20230428,0.91,0.319,4.5863,1.1861,,,585.5342,106.3825,0.0118,5.199,,,,,
000691.SZ,20251231,20260331,-18.5341,-2.4332,12.6727,-6.4519,,,65.9131,87.8836,-0.1108,0.9304,,,,,
000691.SZ,20250930,20251029,nan,-5.2331,10.5992,-11.8493,,,-81.3946,13.2319,-0.118,-0.3182,,,,,
000691.SZ,20250630,20250828,nan,-2.9226,12.7335,-10.9595,,,-67.1323,37.3631,-0.0734,-0.2741,,,,,
000691.SZ,20250331,20250429,nan,-1.6302,7.225,-14.4688,,,-1.3731,-2.0584,-0.028,-0.2287,,,,,
000691.SZ,20241231,20250429,nan,-15.2213,9.4408,-25.8204,,,-0.7271,9.7925,-0.3249,-0.2005,,,,,
000691.SZ,20240930,20241030,-94.3056,-2.7466,8.6626,-7.1854,,,75.3314,67.2125,-0.065,0.0596,,,,,
000691.SZ,20240930,20241030,-94.3056,-2.7466,8.6626,-7.1854,,,75.3314,67.2125,-0.065,0.0596,,,,,
000691.SZ,20240630,20240830,-85.4234,-2.0912,7.8305,-7.088,,,-199.1271,-2342.6936,-0.0439,0.0813,,,,,
000691.SZ,20240331,20240430,-99.5168,-1.4208,7.3136,-11.9799,,,-746.7834,-340.5767,-0.0276,0.0978,,,,,
000691.SZ,20231231,20240420,-114.5673,-16.4163,12.0363,-30.7743,,,-7878.6115,-767.1535,-0.3226,0.1243,,,,,
000691.SZ,20231231,20240420,-114.5673,-16.4163,12.0363,-30.7743,,,-7878.6115,-767.1535,nan,0.1243,,,,,
000691.SZ,20230930,20231031,-114.4225,-11.9791,18.0832,-32.1569,,,-1788.7474,-669.5365,-0.2636,0.1756,,,,,
000691.SZ,20230630,20230810,-6.8054,0.2812,17.7946,-1.1457,,,-72.9613,65.9075,-0.0147,0.4239,,,,,
000691.SZ,20230331,20230427,3.8748,1.0537,19.2616,3.6741,,,144.9486,209.4017,0.0043,0.4428,,,,,
000691.SZ,20230331,20230427,3.8748,1.0537,19.2616,3.6741,,,144.9486,209.4017,0.0043,0.4428,,,,,
000692.SZ,20251231,20260429,-32.9715,-0.0189,-2.9202,-5.9785,,,83.6348,64.8554,-0.1004,0.2466,,,,,
000692.SZ,20250930,20251029,-1316.5131,-5.7777,-16.7045,-34.2708,,,30.3663,13.4615,-0.5942,-0.2423,,,,,
000692.SZ,20250630,20250826,-242.8174,-2.0343,-3.0188,-14.9743,,,51.0462,42.8642,-0.2701,0.0822,,,,,
000692.SZ,20250331,20250430,-86.0392,-0.3928,3.1365,-4.3811,,,76.9051,69.0184,-0.0695,0.2831,,,,,
000692.SZ,20250331,20250430,-88.5456,-0.3932,3.1365,-4.3811,,,76.9051,69.0184,-0.0695,0.2831,,,,,
000692.SZ,20241231,20250429,-178.412,-3.3121,-10.6874,-15.3975,,,-133.477,-130.8255,-0.6138,0.3627,,,,,
000692.SZ,20240930,20241028,nan,-6.9098,-23.2133,-39.3016,,,13.6333,11.3648,-0.8534,-0.5207,,,,,
000692.SZ,20240630,20240828,-2149.9154,-4.7885,-14.7657,-25.7506,,,30.1812,28.1015,-0.5517,-0.2227,,,,,
000692.SZ,20240331,20240430,-678.8852,-2.6464,-6.4447,-14.0194,,,37.7021,38.7154,-0.3007,0.029,,,,,
000692.SZ,20231231,20240430,nan,21.3349,-24.6123,49.6275,,,150.3916,155.325,1.8334,0.3253,,,,,
000692.SZ,20230930,20231028,nan,-7.3476,-32.0824,-49.2221,,,52.4414,52.0785,-0.9881,-4.4868,,,,,
000692.SZ,20230630,20230831,nan,-6.2703,-25.1767,-39.5837,,,50.7775,50.3205,-0.7902,-4.2888,,,,,
000692.SZ,20230331,20230429,nan,-4.0591,-17.2744,-25.1533,,,63.0617,61.2647,-0.4827,-3.9813,,,,,
000692.SZ,20230331,20230429,nan,-4.0591,-17.2744,-25.1533,,,63.0617,61.2647,-0.4827,-3.9813,,,,,
