2026-06-16 14:04:08,971 [INFO] 全市场股票数: 5283
2026-06-16 14:04:08,972 [INFO] ============================================================
2026-06-16 14:04:08,972 [INFO] 开始补全财务数据
2026-06-16 14:04:08,973 [INFO] ============================================================
2026-06-16 14:04:09,255 [INFO] [1/5283] 000001.SZ 写入 0 条
2026-06-16 14:04:09,806 [INFO] [2/5283] 000002.SZ 写入 0 条
2026-06-16 14:04:10,336 [INFO] [3/5283] 000006.SZ 写入 0 条
2026-06-16 14:04:10,869 [INFO] [4/5283] 000007.SZ 写入 0 条
2026-06-16 14:04:11,406 [INFO] [5/5283] 000008.SZ 写入 0 条
2026-06-16 14:04:11,956 [INFO] [6/5283] 000009.SZ 写入 0 条
2026-06-16 14:04:12,507 [INFO] [7/5283] 000011.SZ 写入 0 条
2026-06-16 14:04:13,035 [INFO] [8/5283] 000012.SZ 写入 0 条
2026-06-16 14:04:13,588 [INFO] [9/5283] 000014.SZ 写入 0 条
2026-06-16 14:04:14,110 [INFO] [10/5283] 000017.SZ 写入 0 条
2026-06-16 14:04:14,656 [INFO] [11/5283] 000019.SZ 写入 0 条
2026-06-16 14:04:15,179 [INFO] [12/5283] 000020.SZ 写入 0 条
2026-06-16 14:04:15,698 [INFO] [13/5283] 000021.SZ 写入 0 条
2026-06-16 14:04:16,228 [INFO] [14/5283] 000025.SZ 写入 0 条
2026-06-16 14:04:16,750 [INFO] [15/5283] 000026.SZ 写入 0 条
2026-06-16 14:04:17,280 [INFO] [16/5283] 000027.SZ 写入 0 条
2026-06-16 14:04:17,818 [INFO] [17/5283] 000028.SZ 写入 0 条
2026-06-16 14:04:18,359 [INFO] [18/5283] 000029.SZ 写入 0 条
2026-06-16 14:04:18,913 [INFO] [19/5283] 000030.SZ 写入 0 条
2026-06-16 14:04:19,457 [INFO] [20/5283] 000031.SZ 写入 0 条
2026-06-16 14:04:20,017 [INFO] [21/5283] 000032.SZ 写入 0 条
2026-06-16 14:04:20,561 [INFO] [22/5283] 000034.SZ 写入 0 条
2026-06-16 14:04:21,104 [INFO] [23/5283] 000035.SZ 写入 0 条
2026-06-16 14:04:21,647 [INFO] [24/5283] 000036.SZ 写入 0 条
2026-06-16 14:04:22,195 [INFO] [25/5283] 000037.SZ 写入 0 条
2026-06-16 14:04:22,717 [INFO] [26/5283] 000039.SZ 写入 0 条
2026-06-16 14:04:23,224 [INFO] [27/5283] 000042.SZ 写入 0 条
2026-06-16 14:04:23,766 [INFO] [28/5283] 000045.SZ 写入 0 条
2026-06-16 14:04:24,317 [INFO] [29/5283] 000048.SZ 写入 0 条
2026-06-16 14:04:24,874 [INFO] [30/5283] 000049.SZ 写入 0 条
2026-06-16 14:04:25,408 [INFO] [31/5283] 000050.SZ 写入 0 条
2026-06-16 14:04:25,984 [INFO] [32/5283] 000055.SZ 写入 0 条
2026-06-16 14:04:26,516 [INFO] [33/5283] 000058.SZ 写入 0 条
2026-06-16 14:04:27,049 [INFO] [34/5283] 000059.SZ 写入 0 条
2026-06-16 14:04:27,563 [INFO] [35/5283] 000060.SZ 写入 0 条
2026-06-16 14:04:28,079 [INFO] [36/5283] 000061.SZ 写入 0 条
2026-06-16 14:04:28,610 [INFO] [37/5283] 000062.SZ 写入 0 条
2026-06-16 14:04:29,122 [INFO] [38/5283] 000063.SZ 写入 0 条
2026-06-16 14:04:29,630 [INFO] [39/5283] 000065.SZ 写入 0 条
2026-06-16 14:04:30,137 [INFO] [40/5283] 000066.SZ 写入 0 条
2026-06-16 14:04:30,658 [INFO] [41/5283] 000068.SZ 写入 0 条
2026-06-16 14:04:31,197 [INFO] [42/5283] 000069.SZ 写入 0 条
2026-06-16 14:04:31,743 [INFO] [43/5283] 000070.SZ 写入 0 条
2026-06-16 14:04:32,257 [INFO] [44/5283] 000088.SZ 写入 0 条
2026-06-16 14:04:32,775 [INFO] [45/5283] 000089.SZ 写入 0 条
2026-06-16 14:04:33,335 [INFO] [46/5283] 000090.SZ 写入 0 条
2026-06-16 14:04:33,888 [INFO] [47/5283] 000096.SZ 写入 0 条
2026-06-16 14:04:34,434 [INFO] [48/5283] 000099.SZ 写入 0 条
2026-06-16 14:04:34,960 [INFO] [49/5283] 000100.SZ 写入 0 条
2026-06-16 14:04:35,493 [INFO] [50/5283] 000151.SZ 写入 0 条
2026-06-16 14:04:35,861 [INFO] 进度: 已完成 50, 失败 0, 跳过 0
2026-06-16 14:04:36,055 [INFO] [51/5283] 000153.SZ 写入 0 条
2026-06-16 14:04:36,586 [INFO] [52/5283] 000155.SZ 写入 0 条
2026-06-16 14:04:37,097 [INFO] [53/5283] 000156.SZ 写入 0 条
2026-06-16 14:04:37,609 [INFO] [54/5283] 000157.SZ 写入 0 条
2026-06-16 14:04:38,126 [INFO] [55/5283] 000158.SZ 写入 0 条
2026-06-16 14:04:38,648 [INFO] [56/5283] 000159.SZ 写入 0 条
2026-06-16 14:04:39,203 [INFO] [57/5283] 000166.SZ 写入 0 条
2026-06-16 14:04:39,755 [INFO] [58/5283] 000301.SZ 写入 0 条
2026-06-16 14:04:40,269 [INFO] [59/5283] 000333.SZ 写入 0 条
2026-06-16 14:04:40,799 [INFO] [60/5283] 000338.SZ 写入 0 条
2026-06-16 14:04:41,315 [INFO] [61/5283] 000400.SZ 写入 0 条
2026-06-16 14:04:41,850 [INFO] [62/5283] 000401.SZ 写入 0 条
2026-06-16 14:04:42,360 [INFO] [63/5283] 000402.SZ 写入 0 条
2026-06-16 14:04:42,899 [INFO] [64/5283] 000403.SZ 写入 0 条
2026-06-16 14:04:43,444 [INFO] [65/5283] 000404.SZ 写入 0 条
2026-06-16 14:04:43,973 [INFO] [66/5283] 000407.SZ 写入 0 条
2026-06-16 14:04:44,493 [INFO] [67/5283] 000408.SZ 写入 0 条
2026-06-16 14:04:45,034 [INFO] [68/5283] 000409.SZ 写入 0 条
2026-06-16 14:04:45,547 [INFO] [69/5283] 000410.SZ 写入 0 条
2026-06-16 14:04:46,064 [INFO] [70/5283] 000411.SZ 写入 0 条
2026-06-16 14:04:46,576 [INFO] [71/5283] 000415.SZ 写入 0 条
2026-06-16 14:04:47,108 [INFO] [72/5283] 000417.SZ 写入 0 条
2026-06-16 14:04:47,664 [INFO] [73/5283] 000419.SZ 写入 0 条
2026-06-16 14:04:48,234 [INFO] [74/5283] 000420.SZ 写入 0 条
2026-06-16 14:04:48,774 [INFO] [75/5283] 000421.SZ 写入 0 条
2026-06-16 14:04:49,314 [INFO] [76/5283] 000422.SZ 写入 0 条
2026-06-16 14:04:49,841 [INFO] [77/5283] 000423.SZ 写入 0 条
2026-06-16 14:04:50,375 [INFO] [78/5283] 000425.SZ 写入 0 条
2026-06-16 14:04:50,901 [INFO] [79/5283] 000426.SZ 写入 0 条
2026-06-16 14:04:51,415 [INFO] [80/5283] 000428.SZ 写入 0 条
2026-06-16 14:04:51,958 [INFO] [81/5283] 000429.SZ 写入 0 条
2026-06-16 14:04:52,481 [INFO] [82/5283] 000430.SZ 写入 0 条
2026-06-16 14:04:53,010 [INFO] [83/5283] 000498.SZ 写入 0 条
2026-06-16 14:04:53,558 [INFO] [84/5283] 000501.SZ 写入 0 条
2026-06-16 14:04:54,091 [INFO] [85/5283] 000503.SZ 写入 0 条
2026-06-16 14:04:54,638 [INFO] [86/5283] 000505.SZ 写入 0 条
2026-06-16 14:04:55,193 [INFO] [87/5283] 000506.SZ 写入 0 条
2026-06-16 14:04:55,736 [INFO] [88/5283] 000507.SZ 写入 0 条
2026-06-16 14:04:56,284 [INFO] [89/5283] 000509.SZ 写入 0 条
2026-06-16 14:04:56,812 [INFO] [90/5283] 000510.SZ 写入 0 条
2026-06-16 14:04:57,362 [INFO] [91/5283] 000513.SZ 写入 0 条
2026-06-16 14:04:57,906 [INFO] [92/5283] 000514.SZ 写入 0 条
2026-06-16 14:04:58,442 [INFO] [93/5283] 000516.SZ 写入 0 条
2026-06-16 14:04:59,001 [INFO] [94/5283] 000517.SZ 写入 0 条
2026-06-16 14:04:59,569 [INFO] [95/5283] 000518.SZ 写入 0 条
2026-06-16 14:05:00,148 [INFO] [96/5283] 000519.SZ 写入 0 条
2026-06-16 14:05:00,695 [INFO] [97/5283] 000520.SZ 写入 0 条
2026-06-16 14:05:01,303 [INFO] [98/5283] 000521.SZ 写入 0 条
2026-06-16 14:05:01,831 [INFO] [99/5283] 000523.SZ 写入 0 条
2026-06-16 14:05:02,357 [INFO] [100/5283] 000524.SZ 写入 0 条
2026-06-16 14:05:02,710 [INFO] 进度: 已完成 100, 失败 0, 跳过 0
2026-06-16 14:05:02,894 [INFO] [101/5283] 000525.SZ 写入 0 条
2026-06-16 14:05:03,443 [INFO] [102/5283] 000526.SZ 写入 0 条
2026-06-16 14:05:03,978 [INFO] [103/5283] 000528.SZ 写入 0 条
2026-06-16 14:05:04,506 [INFO] [104/5283] 000529.SZ 写入 0 条
2026-06-16 14:05:05,038 [INFO] [105/5283] 000530.SZ 写入 0 条
2026-06-16 14:05:05,648 [INFO] [106/5283] 000531.SZ 写入 0 条
2026-06-16 14:05:06,179 [INFO] [107/5283] 000532.SZ 写入 0 条
2026-06-16 14:05:06,710 [INFO] [108/5283] 000533.SZ 写入 0 条
2026-06-16 14:05:07,332 [INFO] [109/5283] 000534.SZ 写入 0 条
2026-06-16 14:05:07,920 [INFO] [110/5283] 000536.SZ 写入 0 条
2026-06-16 14:05:08,447 [INFO] [111/5283] 000537.SZ 写入 0 条
2026-06-16 14:05:09,000 [INFO] [112/5283] 000538.SZ 写入 0 条
2026-06-16 14:05:09,562 [INFO] [113/5283] 000539.SZ 写入 0 条
2026-06-16 14:05:10,183 [INFO] [114/5283] 000541.SZ 写入 0 条
2026-06-16 14:05:10,778 [INFO] [115/5283] 000543.SZ 写入 0 条
2026-06-16 14:05:11,312 [INFO] [116/5283] 000544.SZ 写入 0 条
2026-06-16 14:05:11,861 [INFO] [117/5283] 000545.SZ 写入 0 条
2026-06-16 14:05:12,419 [INFO] [118/5283] 000546.SZ 写入 0 条
2026-06-16 14:05:12,973 [INFO] [119/5283] 000547.SZ 写入 0 条
2026-06-16 14:05:13,501 [INFO] [120/5283] 000548.SZ 写入 0 条
2026-06-16 14:05:14,039 [INFO] [121/5283] 000550.SZ 写入 0 条
2026-06-16 14:05:14,559 [INFO] [122/5283] 000551.SZ 写入 0 条
2026-06-16 14:05:15,087 [INFO] [123/5283] 000552.SZ 写入 0 条
2026-06-16 14:05:15,609 [INFO] [124/5283] 000553.SZ 写入 0 条
2026-06-16 14:05:16,139 [INFO] [125/5283] 000554.SZ 写入 0 条
2026-06-16 14:05:16,723 [INFO] [126/5283] 000555.SZ 写入 0 条
2026-06-16 14:05:17,270 [INFO] [127/5283] 000557.SZ 写入 0 条
2026-06-16 14:05:17,797 [INFO] [128/5283] 000558.SZ 写入 0 条
2026-06-16 14:05:18,348 [INFO] [129/5283] 000559.SZ 写入 0 条
2026-06-16 14:05:18,870 [INFO] [130/5283] 000560.SZ 写入 0 条
2026-06-16 14:05:19,390 [INFO] [131/5283] 000561.SZ 写入 0 条
2026-06-16 14:05:19,928 [INFO] [132/5283] 000563.SZ 写入 0 条
2026-06-16 14:05:20,536 [INFO] [133/5283] 000564.SZ 写入 0 条
2026-06-16 14:05:21,151 [INFO] [134/5283] 000565.SZ 写入 0 条
2026-06-16 14:05:21,680 [INFO] [135/5283] 000566.SZ 写入 0 条
2026-06-16 14:05:22,194 [INFO] [136/5283] 000567.SZ 写入 0 条
2026-06-16 14:05:22,700 [INFO] [137/5283] 000568.SZ 写入 0 条
2026-06-16 14:05:23,217 [INFO] [138/5283] 000570.SZ 写入 0 条
2026-06-16 14:05:23,740 [INFO] [139/5283] 000571.SZ 写入 0 条
2026-06-16 14:05:24,265 [INFO] [140/5283] 000572.SZ 写入 0 条
2026-06-16 14:05:24,810 [INFO] [141/5283] 000573.SZ 写入 0 条
2026-06-16 14:05:25,337 [INFO] [142/5283] 000576.SZ 写入 0 条
2026-06-16 14:05:25,863 [INFO] [143/5283] 000581.SZ 写入 0 条
2026-06-16 14:05:26,390 [INFO] [144/5283] 000582.SZ 写入 0 条
2026-06-16 14:05:26,922 [INFO] [145/5283] 000586.SZ 写入 0 条
2026-06-16 14:05:27,439 [INFO] [146/5283] 000589.SZ 写入 0 条
2026-06-16 14:05:27,973 [INFO] [147/5283] 000590.SZ 写入 0 条
2026-06-16 14:05:28,500 [INFO] [148/5283] 000591.SZ 写入 0 条
2026-06-16 14:05:29,043 [INFO] [149/5283] 000592.SZ 写入 0 条
2026-06-16 14:05:29,590 [INFO] [150/5283] 000593.SZ 写入 0 条
2026-06-16 14:05:29,944 [INFO] 进度: 已完成 150, 失败 0, 跳过 0
2026-06-16 14:05:30,125 [INFO] [151/5283] 000596.SZ 写入 0 条
2026-06-16 14:05:30,649 [INFO] [152/5283] 000597.SZ 写入 0 条
2026-06-16 14:05:31,177 [INFO] [153/5283] 000598.SZ 写入 0 条
2026-06-16 14:05:31,702 [INFO] [154/5283] 000599.SZ 写入 0 条
2026-06-16 14:05:32,224 [INFO] [155/5283] 000600.SZ 写入 0 条
2026-06-16 14:05:32,763 [INFO] [156/5283] 000601.SZ 写入 0 条
2026-06-16 14:05:33,297 [INFO] [157/5283] 000603.SZ 写入 0 条
2026-06-16 14:05:33,830 [INFO] [158/5283] 000605.SZ 写入 0 条
2026-06-16 14:05:34,353 [INFO] [159/5283] 000607.SZ 写入 0 条
2026-06-16 14:05:34,877 [INFO] [160/5283] 000608.SZ 写入 0 条
2026-06-16 14:05:35,411 [INFO] [161/5283] 000612.SZ 写入 0 条
2026-06-16 14:05:35,943 [INFO] [162/5283] 000617.SZ 写入 0 条
2026-06-16 14:05:36,463 [INFO] [163/5283] 000619.SZ 写入 0 条
2026-06-16 14:05:36,999 [INFO] [164/5283] 000620.SZ 写入 0 条
2026-06-16 14:05:37,513 [INFO] [165/5283] 000623.SZ 写入 0 条
2026-06-16 14:05:38,042 [INFO] [166/5283] 000625.SZ 写入 0 条
2026-06-16 14:05:38,588 [INFO] [167/5283] 000626.SZ 写入 0 条
2026-06-16 14:05:39,131 [INFO] [168/5283] 000628.SZ 写入 0 条
2026-06-16 14:05:39,654 [INFO] [169/5283] 000629.SZ 写入 0 条
2026-06-16 14:05:40,183 [INFO] [170/5283] 000630.SZ 写入 0 条
2026-06-16 14:05:40,708 [INFO] [171/5283] 000631.SZ 写入 0 条
2026-06-16 14:05:41,233 [INFO] [172/5283] 000633.SZ 写入 0 条
2026-06-16 14:05:41,760 [INFO] [173/5283] 000635.SZ 写入 0 条
2026-06-16 14:05:42,291 [INFO] [174/5283] 000636.SZ 写入 0 条
2026-06-16 14:05:42,820 [INFO] [175/5283] 000637.SZ 写入 0 条
2026-06-16 14:05:43,360 [INFO] [176/5283] 000650.SZ 写入 0 条
2026-06-16 14:05:43,874 [INFO] [177/5283] 000651.SZ 写入 0 条
2026-06-16 14:05:44,417 [INFO] [178/5283] 000652.SZ 写入 0 条
2026-06-16 14:05:44,943 [INFO] [179/5283] 000655.SZ 写入 0 条
2026-06-16 14:05:45,488 [INFO] [180/5283] 000657.SZ 写入 0 条
2026-06-16 14:05:46,016 [INFO] [181/5283] 000659.SZ 写入 0 条
2026-06-16 14:05:46,546 [INFO] [182/5283] 000661.SZ 写入 0 条
2026-06-16 14:05:47,094 [INFO] [183/5283] 000663.SZ 写入 0 条
2026-06-16 14:05:47,642 [INFO] [184/5283] 000665.SZ 写入 0 条
2026-06-16 14:05:48,208 [INFO] [185/5283] 000668.SZ 写入 0 条
2026-06-16 14:05:48,719 [INFO] [186/5283] 000670.SZ 写入 0 条
2026-06-16 14:05:49,268 [INFO] [187/5283] 000672.SZ 写入 0 条
2026-06-16 14:05:49,798 [INFO] [188/5283] 000676.SZ 写入 0 条
2026-06-16 14:05:50,310 [INFO] [189/5283] 000678.SZ 写入 0 条
2026-06-16 14:05:50,820 [INFO] [190/5283] 000679.SZ 写入 0 条
2026-06-16 14:05:51,340 [INFO] [191/5283] 000680.SZ 写入 0 条
2026-06-16 14:05:51,858 [INFO] [192/5283] 000681.SZ 写入 0 条
2026-06-16 14:05:52,375 [INFO] [193/5283] 000682.SZ 写入 0 条
2026-06-16 14:05:52,901 [INFO] [194/5283] 000683.SZ 写入 0 条
2026-06-16 14:05:53,456 [INFO] [195/5283] 000685.SZ 写入 0 条
2026-06-16 14:05:54,015 [INFO] [196/5283] 000686.SZ 写入 0 条
2026-06-16 14:05:54,569 [INFO] [197/5283] 000688.SZ 写入 0 条
2026-06-16 14:05:55,087 [INFO] [198/5283] 000690.SZ 写入 0 条
2026-06-16 14:05:55,645 [INFO] [199/5283] 000691.SZ 写入 0 条
2026-06-16 14:05:56,192 [INFO] [200/5283] 000692.SZ 写入 0 条
2026-06-16 14:05:56,547 [INFO] 进度: 已完成 200, 失败 0, 跳过 0
2026-06-16 14:05:56,727 [INFO] [201/5283] 000695.SZ 写入 0 条
2026-06-16 14:05:57,265 [INFO] [202/5283] 000697.SZ 写入 0 条
2026-06-16 14:05:57,820 [INFO] [203/5283] 000700.SZ 写入 0 条
2026-06-16 14:05:58,349 [INFO] [204/5283] 000701.SZ 写入 0 条
2026-06-16 14:05:58,937 [INFO] [205/5283] 000702.SZ 写入 0 条
2026-06-16 14:05:59,486 [INFO] [206/5283] 000703.SZ 写入 0 条
2026-06-16 14:06:00,058 [INFO] [207/5283] 000705.SZ 写入 0 条
2026-06-16 14:06:00,580 [INFO] [208/5283] 000707.SZ 写入 0 条
2026-06-16 14:06:01,096 [INFO] [209/5283] 000708.SZ 写入 0 条
2026-06-16 14:06:01,619 [INFO] [210/5283] 000709.SZ 写入 0 条
2026-06-16 14:06:02,136 [INFO] [211/5283] 000710.SZ 写入 0 条
2026-06-16 14:06:02,665 [INFO] [212/5283] 000712.SZ 写入 0 条
2026-06-16 14:06:03,233 [INFO] [213/5283] 000713.SZ 写入 0 条
2026-06-16 14:06:03,762 [INFO] [214/5283] 000715.SZ 写入 0 条
2026-06-16 14:06:04,314 [INFO] [215/5283] 000716.SZ 写入 0 条
2026-06-16 14:06:04,882 [INFO] [216/5283] 000717.SZ 写入 0 条
2026-06-16 14:06:05,399 [INFO] [217/5283] 000718.SZ 写入 0 条
2026-06-16 14:06:05,962 [INFO] [218/5283] 000719.SZ 写入 0 条
2026-06-16 14:06:06,501 [INFO] [219/5283] 000720.SZ 写入 0 条
2026-06-16 14:06:07,017 [INFO] [220/5283] 000721.SZ 写入 0 条
2026-06-16 14:06:07,588 [INFO] [221/5283] 000722.SZ 写入 0 条
2026-06-16 14:06:08,110 [INFO] [222/5283] 000723.SZ 写入 0 条
2026-06-16 14:06:08,641 [INFO] [223/5283] 000725.SZ 写入 0 条
2026-06-16 14:06:09,218 [INFO] [224/5283] 000726.SZ 写入 0 条
2026-06-16 14:06:09,736 [INFO] [225/5283] 000727.SZ 写入 0 条
2026-06-16 14:06:10,251 [INFO] [226/5283] 000728.SZ 写入 0 条
2026-06-16 14:06:10,773 [INFO] [227/5283] 000729.SZ 写入 0 条
2026-06-16 14:06:11,399 [INFO] [228/5283] 000731.SZ 写入 0 条
2026-06-16 14:06:11,942 [INFO] [229/5283] 000733.SZ 写入 0 条
2026-06-16 14:06:12,480 [INFO] [230/5283] 000735.SZ 写入 0 条
2026-06-16 14:06:13,039 [INFO] [231/5283] 000736.SZ 写入 0 条
2026-06-16 14:06:13,543 [INFO] [232/5283] 000737.SZ 写入 0 条
2026-06-16 14:06:14,089 [INFO] [233/5283] 000738.SZ 写入 0 条
2026-06-16 14:06:14,630 [INFO] [234/5283] 000739.SZ 写入 0 条
2026-06-16 14:06:15,213 [INFO] [235/5283] 000750.SZ 写入 0 条
2026-06-16 14:06:15,724 [INFO] [236/5283] 000751.SZ 写入 0 条
2026-06-16 14:06:16,237 [INFO] [237/5283] 000753.SZ 写入 0 条
2026-06-16 14:06:16,812 [INFO] [238/5283] 000755.SZ 写入 0 条
2026-06-16 14:06:17,341 [INFO] [239/5283] 000756.SZ 写入 0 条
2026-06-16 14:06:17,866 [INFO] [240/5283] 000757.SZ 写入 0 条
2026-06-16 14:06:18,435 [INFO] [241/5283] 000758.SZ 写入 0 条
2026-06-16 14:06:18,957 [INFO] [242/5283] 000759.SZ 写入 0 条
2026-06-16 14:06:19,520 [INFO] [243/5283] 000761.SZ 写入 0 条
2026-06-16 14:06:20,202 [INFO] [244/5283] 000762.SZ 写入 0 条
2026-06-16 14:06:20,772 [INFO] [245/5283] 000766.SZ 写入 0 条
2026-06-16 14:06:21,323 [INFO] [246/5283] 000767.SZ 写入 0 条
2026-06-16 14:06:21,831 [INFO] [247/5283] 000768.SZ 写入 0 条
2026-06-16 14:06:22,438 [INFO] [248/5283] 000776.SZ 写入 0 条
2026-06-16 14:06:22,981 [INFO] [249/5283] 000777.SZ 写入 0 条
2026-06-16 14:06:23,516 [INFO] [250/5283] 000778.SZ 写入 0 条
2026-06-16 14:06:23,870 [INFO] 进度: 已完成 250, 失败 0, 跳过 0
2026-06-16 14:06:24,143 [INFO] [251/5283] 000779.SZ 写入 0 条
2026-06-16 14:06:24,676 [INFO] [252/5283] 000782.SZ 写入 0 条
2026-06-16 14:06:25,204 [INFO] [253/5283] 000783.SZ 写入 0 条
2026-06-16 14:06:25,720 [INFO] [254/5283] 000785.SZ 写入 0 条
2026-06-16 14:06:26,328 [INFO] [255/5283] 000786.SZ 写入 0 条
2026-06-16 14:06:26,846 [INFO] [256/5283] 000788.SZ 写入 0 条
2026-06-16 14:06:27,388 [INFO] [257/5283] 000789.SZ 写入 0 条
2026-06-16 14:06:27,914 [INFO] [258/5283] 000790.SZ 写入 0 条
2026-06-16 14:06:28,461 [INFO] [259/5283] 000791.SZ 写入 0 条
2026-06-16 14:06:28,992 [INFO] [260/5283] 000792.SZ 写入 0 条
2026-06-16 14:06:29,538 [INFO] [261/5283] 000795.SZ 写入 0 条
2026-06-16 14:06:30,086 [INFO] [262/5283] 000796.SZ 写入 0 条
2026-06-16 14:06:30,626 [INFO] [263/5283] 000797.SZ 写入 0 条
2026-06-16 14:06:31,156 [INFO] [264/5283] 000798.SZ 写入 0 条
2026-06-16 14:06:31,747 [INFO] [265/5283] 000799.SZ 写入 0 条
2026-06-16 14:06:32,330 [INFO] [266/5283] 000800.SZ 写入 0 条
2026-06-16 14:06:32,857 [INFO] [267/5283] 000801.SZ 写入 0 条
2026-06-16 14:06:33,421 [INFO] [268/5283] 000802.SZ 写入 0 条
2026-06-16 14:06:33,939 [INFO] [269/5283] 000803.SZ 写入 0 条
2026-06-16 14:06:34,473 [INFO] [270/5283] 000807.SZ 写入 0 条
2026-06-16 14:06:35,010 [INFO] [271/5283] 000809.SZ 写入 0 条
2026-06-16 14:06:35,570 [INFO] [272/5283] 000810.SZ 写入 0 条
2026-06-16 14:06:36,086 [INFO] [273/5283] 000811.SZ 写入 0 条
2026-06-16 14:06:36,644 [INFO] [274/5283] 000812.SZ 写入 0 条
2026-06-16 14:06:37,166 [INFO] [275/5283] 000813.SZ 写入 0 条
2026-06-16 14:06:37,677 [INFO] [276/5283] 000815.SZ 写入 0 条
2026-06-16 14:06:38,212 [INFO] [277/5283] 000816.SZ 写入 0 条
2026-06-16 14:06:38,750 [INFO] [278/5283] 000818.SZ 写入 0 条
2026-06-16 14:06:39,264 [INFO] [279/5283] 000819.SZ 写入 0 条
2026-06-16 14:06:39,779 [INFO] [280/5283] 000822.SZ 写入 0 条
2026-06-16 14:06:40,336 [INFO] [281/5283] 000823.SZ 写入 0 条
2026-06-16 14:06:40,858 [INFO] [282/5283] 000825.SZ 写入 0 条
2026-06-16 14:06:41,412 [INFO] [283/5283] 000828.SZ 写入 0 条
2026-06-16 14:06:41,942 [INFO] [284/5283] 000829.SZ 写入 0 条
2026-06-16 14:06:42,473 [INFO] [285/5283] 000830.SZ 写入 0 条
2026-06-16 14:06:42,985 [INFO] [286/5283] 000831.SZ 写入 0 条
2026-06-16 14:06:43,529 [INFO] [287/5283] 000833.SZ 写入 0 条
2026-06-16 14:06:44,069 [INFO] [288/5283] 000837.SZ 写入 0 条
2026-06-16 14:06:44,609 [INFO] [289/5283] 000839.SZ 写入 0 条
2026-06-16 14:06:45,197 [INFO] [290/5283] 000848.SZ 写入 0 条
2026-06-16 14:06:45,753 [INFO] [291/5283] 000850.SZ 写入 0 条
2026-06-16 14:06:46,293 [INFO] [292/5283] 000852.SZ 写入 0 条
2026-06-16 14:06:46,826 [INFO] [293/5283] 000856.SZ 写入 0 条
2026-06-16 14:06:47,364 [INFO] [294/5283] 000858.SZ 写入 0 条
2026-06-16 14:06:47,902 [INFO] [295/5283] 000859.SZ 写入 0 条
2026-06-16 14:06:48,450 [INFO] [296/5283] 000860.SZ 写入 0 条
2026-06-16 14:06:48,989 [INFO] [297/5283] 000862.SZ 写入 0 条
2026-06-16 14:06:49,544 [INFO] [298/5283] 000863.SZ 写入 0 条
2026-06-16 14:06:50,070 [INFO] [299/5283] 000868.SZ 写入 0 条
2026-06-16 14:06:50,614 [INFO] [300/5283] 000869.SZ 写入 0 条
2026-06-16 14:06:50,968 [INFO] 进度: 已完成 300, 失败 0, 跳过 0
2026-06-16 14:06:51,183 [INFO] [301/5283] 000875.SZ 写入 0 条
2026-06-16 14:06:51,702 [INFO] [302/5283] 000876.SZ 写入 0 条
2026-06-16 14:06:52,247 [INFO] [303/5283] 000877.SZ 写入 0 条
2026-06-16 14:06:52,765 [INFO] [304/5283] 000878.SZ 写入 0 条
2026-06-16 14:06:53,307 [INFO] [305/5283] 000880.SZ 写入 0 条
2026-06-16 14:06:53,900 [INFO] [306/5283] 000881.SZ 写入 0 条
2026-06-16 14:06:54,531 [INFO] [307/5283] 000882.SZ 写入 0 条
2026-06-16 14:06:55,217 [INFO] [308/5283] 000883.SZ 写入 0 条
2026-06-16 14:06:56,151 [INFO] [309/5283] 000885.SZ 写入 0 条
2026-06-16 14:06:56,866 [INFO] [310/5283] 000886.SZ 写入 0 条
2026-06-16 14:06:57,458 [INFO] [311/5283] 000887.SZ 写入 0 条
2026-06-16 14:06:58,077 [INFO] [312/5283] 000888.SZ 写入 0 条
2026-06-16 14:06:58,647 [INFO] [313/5283] 000889.SZ 写入 0 条
2026-06-16 14:06:59,192 [INFO] [314/5283] 000890.SZ 写入 0 条
2026-06-16 14:06:59,792 [INFO] [315/5283] 000892.SZ 写入 0 条
2026-06-16 14:07:00,373 [INFO] [316/5283] 000893.SZ 写入 0 条
2026-06-16 14:07:00,957 [INFO] [317/5283] 000895.SZ 写入 0 条
2026-06-16 14:07:01,517 [INFO] [318/5283] 000897.SZ 写入 0 条
2026-06-16 14:07:02,081 [INFO] [319/5283] 000898.SZ 写入 0 条
2026-06-16 14:07:02,655 [INFO] [320/5283] 000899.SZ 写入 0 条
2026-06-16 14:07:03,231 [INFO] [321/5283] 000900.SZ 写入 0 条
2026-06-16 14:07:03,832 [INFO] [322/5283] 000901.SZ 写入 0 条
2026-06-16 14:07:04,402 [INFO] [323/5283] 000902.SZ 写入 0 条
2026-06-16 14:07:04,956 [INFO] [324/5283] 000905.SZ 写入 0 条
2026-06-16 14:07:05,527 [INFO] [325/5283] 000906.SZ 写入 0 条
2026-06-16 14:07:06,102 [INFO] [326/5283] 000910.SZ 写入 0 条
2026-06-16 14:07:06,647 [INFO] [327/5283] 000912.SZ 写入 0 条
2026-06-16 14:07:07,211 [INFO] [328/5283] 000913.SZ 写入 0 条
2026-06-16 14:07:07,972 [INFO] [329/5283] 000915.SZ 写入 0 条
2026-06-16 14:07:08,551 [INFO] [330/5283] 000917.SZ 写入 0 条
2026-06-16 14:07:09,225 [INFO] [331/5283] 000919.SZ 写入 0 条
2026-06-16 14:07:09,853 [INFO] [332/5283] 000920.SZ 写入 0 条
2026-06-16 14:07:10,800 [INFO] [333/5283] 000921.SZ 写入 0 条
2026-06-16 14:07:11,383 [INFO] [334/5283] 000922.SZ 写入 0 条
2026-06-16 14:07:11,962 [INFO] [335/5283] 000923.SZ 写入 0 条
2026-06-16 14:07:12,538 [INFO] [336/5283] 000925.SZ 写入 0 条
2026-06-16 14:07:13,130 [INFO] [337/5283] 000926.SZ 写入 0 条
2026-06-16 14:07:13,711 [INFO] [338/5283] 000927.SZ 写入 0 条
2026-06-16 14:07:14,275 [INFO] [339/5283] 000928.SZ 写入 0 条
2026-06-16 14:07:14,841 [INFO] [340/5283] 000930.SZ 写入 0 条
2026-06-16 14:07:15,403 [INFO] [341/5283] 000931.SZ 写入 0 条
2026-06-16 14:07:15,978 [INFO] [342/5283] 000932.SZ 写入 0 条
2026-06-16 14:07:16,549 [INFO] [343/5283] 000933.SZ 写入 0 条
2026-06-16 14:07:17,121 [INFO] [344/5283] 000935.SZ 写入 0 条
2026-06-16 14:07:17,690 [INFO] [345/5283] 000936.SZ 写入 0 条
2026-06-16 14:07:18,283 [INFO] [346/5283] 000937.SZ 写入 0 条
2026-06-16 14:07:18,830 [INFO] [347/5283] 000938.SZ 写入 0 条
2026-06-16 14:07:19,405 [INFO] [348/5283] 000948.SZ 写入 0 条
2026-06-16 14:07:19,971 [INFO] [349/5283] 000949.SZ 写入 0 条
2026-06-16 14:07:20,524 [INFO] [350/5283] 000950.SZ 写入 0 条
2026-06-16 14:07:20,881 [INFO] 进度: 已完成 350, 失败 0, 跳过 0
2026-06-16 14:07:21,086 [INFO] [351/5283] 000951.SZ 写入 0 条
2026-06-16 14:07:21,631 [INFO] [352/5283] 000952.SZ 写入 0 条
2026-06-16 14:07:22,194 [INFO] [353/5283] 000953.SZ 写入 0 条
2026-06-16 14:07:22,798 [INFO] [354/5283] 000955.SZ 写入 0 条
2026-06-16 14:07:23,353 [INFO] [355/5283] 000957.SZ 写入 0 条
2026-06-16 14:07:23,920 [INFO] [356/5283] 000958.SZ 写入 0 条
2026-06-16 14:07:24,515 [INFO] [357/5283] 000959.SZ 写入 0 条
2026-06-16 14:07:25,094 [INFO] [358/5283] 000960.SZ 写入 0 条
2026-06-16 14:07:25,675 [INFO] [359/5283] 000962.SZ 写入 0 条
2026-06-16 14:07:26,251 [INFO] [360/5283] 000963.SZ 写入 0 条
2026-06-16 14:07:26,975 [INFO] [361/5283] 000965.SZ 写入 0 条
2026-06-16 14:07:27,845 [INFO] [362/5283] 000966.SZ 写入 0 条
2026-06-16 14:07:28,505 [INFO] [363/5283] 000967.SZ 写入 0 条
2026-06-16 14:07:29,715 [INFO] [364/5283] 000968.SZ 写入 0 条
2026-06-16 14:07:30,376 [INFO] [365/5283] 000969.SZ 写入 0 条
2026-06-16 14:07:30,962 [INFO] [366/5283] 000970.SZ 写入 0 条
2026-06-16 14:07:31,523 [INFO] [367/5283] 000973.SZ 写入 0 条
2026-06-16 14:07:32,083 [INFO] [368/5283] 000975.SZ 写入 0 条
2026-06-16 14:07:32,668 [INFO] [369/5283] 000977.SZ 写入 0 条
2026-06-16 14:07:33,241 [INFO] [370/5283] 000978.SZ 写入 0 条
2026-06-16 14:07:33,836 [INFO] [371/5283] 000980.SZ 写入 0 条
2026-06-16 14:07:34,399 [INFO] [372/5283] 000981.SZ 写入 0 条
2026-06-16 14:07:34,943 [INFO] [373/5283] 000983.SZ 写入 0 条
2026-06-16 14:07:35,550 [INFO] [374/5283] 000985.SZ 写入 0 条
2026-06-16 14:07:36,130 [INFO] [375/5283] 000987.SZ 写入 0 条
2026-06-16 14:07:36,731 [INFO] [376/5283] 000988.SZ 写入 0 条
2026-06-16 14:07:37,341 [INFO] [377/5283] 000989.SZ 写入 0 条
2026-06-16 14:07:37,899 [INFO] [378/5283] 000990.SZ 写入 0 条
2026-06-16 14:07:38,540 [INFO] [379/5283] 000993.SZ 写入 0 条
2026-06-16 14:07:39,145 [INFO] [380/5283] 000995.SZ 写入 0 条
2026-06-16 14:07:39,739 [INFO] [381/5283] 000997.SZ 写入 0 条
2026-06-16 14:07:40,370 [INFO] [382/5283] 000998.SZ 写入 0 条
2026-06-16 14:07:40,929 [INFO] [383/5283] 000999.SZ 写入 0 条
2026-06-16 14:07:41,426 [INFO] [384/5283] 001201.SZ 写入 0 条
2026-06-16 14:07:41,950 [INFO] [385/5283] 001202.SZ 写入 0 条
2026-06-16 14:07:42,473 [INFO] [386/5283] 001203.SZ 写入 0 条
2026-06-16 14:07:43,090 [INFO] [387/5283] 001205.SZ 写入 0 条
2026-06-16 14:07:43,625 [INFO] [388/5283] 001206.SZ 写入 0 条
2026-06-16 14:07:44,181 [INFO] [389/5283] 001207.SZ 写入 0 条
2026-06-16 14:07:44,793 [INFO] [390/5283] 001208.SZ 写入 0 条
2026-06-16 14:07:45,288 [INFO] [391/5283] 001209.SZ 写入 0 条
2026-06-16 14:07:45,801 [INFO] [392/5283] 001210.SZ 写入 0 条
2026-06-16 14:07:46,335 [INFO] [393/5283] 001211.SZ 写入 0 条
2026-06-16 14:07:46,848 [INFO] [394/5283] 001212.SZ 写入 0 条
2026-06-16 14:07:47,359 [INFO] [395/5283] 001213.SZ 写入 0 条
2026-06-16 14:07:47,852 [INFO] [396/5283] 001215.SZ 写入 0 条
2026-06-16 14:07:48,475 [INFO] [397/5283] 001216.SZ 写入 0 条
2026-06-16 14:07:49,231 [INFO] [398/5283] 001217.SZ 写入 0 条
2026-06-16 14:07:49,790 [INFO] [399/5283] 001218.SZ 写入 0 条
2026-06-16 14:07:50,308 [INFO] [400/5283] 001219.SZ 写入 0 条
2026-06-16 14:07:50,665 [INFO] 进度: 已完成 400, 失败 0, 跳过 0
2026-06-16 14:07:50,793 [INFO] [401/5283] 001221.SZ 写入 0 条
2026-06-16 14:07:51,290 [INFO] [402/5283] 001222.SZ 写入 0 条
2026-06-16 14:07:51,847 [INFO] [403/5283] 001223.SZ 写入 0 条
2026-06-16 14:07:52,377 [INFO] [404/5283] 001225.SZ 写入 0 条
2026-06-16 14:07:52,907 [INFO] [405/5283] 001226.SZ 写入 0 条
2026-06-16 14:07:53,471 [INFO] [406/5283] 001227.SZ 写入 0 条
2026-06-16 14:07:54,031 [INFO] [407/5283] 001228.SZ 写入 0 条
2026-06-16 14:07:54,522 [INFO] [408/5283] 001229.SZ 写入 0 条
2026-06-16 14:07:55,035 [INFO] [409/5283] 001230.SZ 写入 0 条
2026-06-16 14:07:55,524 [INFO] [410/5283] 001231.SZ 写入 0 条
2026-06-16 14:07:56,026 [INFO] [411/5283] 001233.SZ 写入 0 条
2026-06-16 14:07:56,569 [INFO] [412/5283] 001234.SZ 写入 0 条
2026-06-16 14:07:57,081 [INFO] [413/5283] 001236.SZ 写入 0 条
2026-06-16 14:07:57,581 [INFO] [414/5283] 001238.SZ 写入 0 条
2026-06-16 14:07:58,070 [INFO] [415/5283] 001239.SZ 写入 0 条
2026-06-16 14:07:58,567 [INFO] [416/5283] 001255.SZ 写入 0 条
2026-06-16 14:07:59,076 [INFO] [417/5283] 001256.SZ 写入 0 条
2026-06-16 14:07:59,575 [INFO] [418/5283] 001258.SZ 写入 0 条
2026-06-16 14:08:00,101 [INFO] [419/5283] 001259.SZ 写入 0 条
2026-06-16 14:08:00,598 [INFO] [420/5283] 001260.SZ 写入 0 条
2026-06-16 14:08:01,086 [INFO] [421/5283] 001266.SZ 写入 0 条
2026-06-16 14:08:01,628 [INFO] [422/5283] 001267.SZ 写入 0 条
2026-06-16 14:08:02,143 [INFO] [423/5283] 001268.SZ 写入 0 条
2026-06-16 14:08:02,663 [INFO] [424/5283] 001269.SZ 写入 0 条
2026-06-16 14:08:03,207 [INFO] [425/5283] 001270.SZ 写入 0 条
2026-06-16 14:08:03,693 [INFO] [426/5283] 001277.SZ 写入 0 条
2026-06-16 14:08:04,191 [INFO] [427/5283] 001278.SZ 写入 0 条
2026-06-16 14:08:04,666 [INFO] [428/5283] 001279.SZ 写入 0 条
2026-06-16 14:08:05,140 [INFO] [429/5283] 001280.SZ 写入 0 条
2026-06-16 14:08:05,638 [INFO] [430/5283] 001282.SZ 写入 0 条
2026-06-16 14:08:06,143 [INFO] [431/5283] 001283.SZ 写入 0 条
2026-06-16 14:08:06,631 [INFO] [432/5283] 001285.SZ 写入 0 条
2026-06-16 14:08:07,142 [INFO] [433/5283] 001286.SZ 写入 0 条
2026-06-16 14:08:07,623 [INFO] [434/5283] 001287.SZ 写入 0 条
2026-06-16 14:08:08,143 [INFO] [435/5283] 001288.SZ 写入 0 条
2026-06-16 14:08:08,706 [INFO] [436/5283] 001289.SZ 写入 0 条
2026-06-16 14:08:09,254 [INFO] [437/5283] 001296.SZ 写入 0 条
2026-06-16 14:08:09,762 [INFO] [438/5283] 001298.SZ 写入 0 条
2026-06-16 14:08:10,317 [INFO] [439/5283] 001299.SZ 写入 0 条
2026-06-16 14:08:10,821 [INFO] [440/5283] 001300.SZ 写入 0 条
2026-06-16 14:08:11,320 [INFO] [441/5283] 001301.SZ 写入 0 条
2026-06-16 14:08:11,876 [INFO] [442/5283] 001306.SZ 写入 0 条
2026-06-16 14:08:12,375 [INFO] [443/5283] 001308.SZ 写入 0 条
2026-06-16 14:08:12,882 [INFO] [444/5283] 001309.SZ 写入 0 条
2026-06-16 14:08:13,387 [INFO] [445/5283] 001311.SZ 写入 0 条
2026-06-16 14:08:13,923 [INFO] [446/5283] 001313.SZ 写入 0 条
2026-06-16 14:08:14,426 [INFO] [447/5283] 001314.SZ 写入 0 条
2026-06-16 14:08:14,928 [INFO] [448/5283] 001316.SZ 写入 0 条
2026-06-16 14:08:15,453 [INFO] [449/5283] 001317.SZ 写入 0 条
2026-06-16 14:08:15,977 [INFO] [450/5283] 001318.SZ 写入 0 条
2026-06-16 14:08:16,333 [INFO] 进度: 已完成 450, 失败 0, 跳过 0
2026-06-16 14:08:16,483 [INFO] [451/5283] 001319.SZ 写入 0 条
2026-06-16 14:08:16,983 [INFO] [452/5283] 001322.SZ 写入 0 条
2026-06-16 14:08:17,486 [INFO] [453/5283] 001323.SZ 写入 0 条
2026-06-16 14:08:18,001 [INFO] [454/5283] 001324.SZ 写入 0 条
2026-06-16 14:08:18,517 [INFO] [455/5283] 001325.SZ 写入 0 条
2026-06-16 14:08:19,001 [INFO] [456/5283] 001326.SZ 写入 0 条
2026-06-16 14:08:19,500 [INFO] [457/5283] 001328.SZ 写入 0 条
2026-06-16 14:08:20,008 [INFO] [458/5283] 001330.SZ 写入 0 条
2026-06-16 14:08:20,519 [INFO] [459/5283] 001331.SZ 写入 0 条
2026-06-16 14:08:21,035 [INFO] [460/5283] 001332.SZ 写入 0 条
2026-06-16 14:08:21,515 [INFO] [461/5283] 001333.SZ 写入 0 条
2026-06-16 14:08:22,064 [INFO] [462/5283] 001335.SZ 写入 0 条
2026-06-16 14:08:22,569 [INFO] [463/5283] 001336.SZ 写入 0 条
2026-06-16 14:08:23,055 [INFO] [464/5283] 001337.SZ 写入 0 条
2026-06-16 14:08:23,545 [INFO] [465/5283] 001338.SZ 写入 0 条
2026-06-16 14:08:24,068 [INFO] [466/5283] 001339.SZ 写入 0 条
2026-06-16 14:08:24,563 [INFO] [467/5283] 001356.SZ 写入 0 条
2026-06-16 14:08:25,055 [INFO] [468/5283] 001358.SZ 写入 0 条
2026-06-16 14:08:25,668 [INFO] [469/5283] 001359.SZ 写入 0 条
2026-06-16 14:08:26,163 [INFO] [470/5283] 001360.SZ 写入 0 条
2026-06-16 14:08:26,661 [INFO] [471/5283] 001366.SZ 写入 0 条
2026-06-16 14:08:27,158 [INFO] [472/5283] 001367.SZ 写入 0 条
2026-06-16 14:08:27,648 [INFO] [473/5283] 001368.SZ 写入 0 条
2026-06-16 14:08:28,132 [INFO] [474/5283] 001369.SZ 写入 0 条
2026-06-16 14:08:28,622 [INFO] [475/5283] 001373.SZ 写入 0 条
2026-06-16 14:08:29,147 [INFO] [476/5283] 001376.SZ 写入 0 条
2026-06-16 14:08:29,645 [INFO] [477/5283] 001378.SZ 写入 0 条
2026-06-16 14:08:30,115 [INFO] [478/5283] 001379.SZ 写入 0 条
2026-06-16 14:08:30,608 [INFO] [479/5283] 001380.SZ 写入 0 条
2026-06-16 14:08:31,112 [INFO] [480/5283] 001382.SZ 写入 0 条
2026-06-16 14:08:31,595 [INFO] [481/5283] 001386.SZ 写入 0 条
2026-06-16 14:08:32,078 [INFO] [482/5283] 001387.SZ 写入 0 条
2026-06-16 14:08:32,588 [INFO] [483/5283] 001388.SZ 写入 0 条
2026-06-16 14:08:33,055 [INFO] [484/5283] 001389.SZ 写入 0 条
2026-06-16 14:08:33,538 [INFO] [485/5283] 001390.SZ 写入 0 条
2026-06-16 14:08:34,046 [INFO] [486/5283] 001391.SZ 写入 0 条
2026-06-16 14:08:34,538 [INFO] [487/5283] 001395.SZ 写入 0 条
2026-06-16 14:08:35,009 [INFO] [488/5283] 001396.SZ 写入 0 条
2026-06-16 14:08:35,485 [INFO] [489/5283] 001400.SZ 写入 0 条
2026-06-16 14:08:36,082 [INFO] [490/5283] 001696.SZ 写入 0 条
2026-06-16 14:08:36,640 [INFO] [491/5283] 001872.SZ 写入 0 条
2026-06-16 14:08:37,207 [INFO] [492/5283] 001896.SZ 写入 0 条
2026-06-16 14:08:37,758 [INFO] [493/5283] 001914.SZ 写入 0 条
2026-06-16 14:08:38,303 [INFO] [494/5283] 001965.SZ 写入 0 条
2026-06-16 14:08:38,865 [INFO] [495/5283] 001979.SZ 写入 0 条
2026-06-16 14:08:39,438 [INFO] [496/5283] 002001.SZ 写入 0 条
2026-06-16 14:08:40,008 [INFO] [497/5283] 002003.SZ 写入 0 条
2026-06-16 14:08:40,558 [INFO] [498/5283] 002004.SZ 写入 0 条
2026-06-16 14:08:41,128 [INFO] [499/5283] 002006.SZ 写入 0 条
2026-06-16 14:08:41,710 [INFO] [500/5283] 002007.SZ 写入 0 条
2026-06-16 14:08:42,063 [INFO] 进度: 已完成 500, 失败 0, 跳过 0
2026-06-16 14:08:42,271 [INFO] [501/5283] 002008.SZ 写入 0 条
2026-06-16 14:08:42,832 [INFO] [502/5283] 002009.SZ 写入 0 条
2026-06-16 14:08:43,389 [INFO] [503/5283] 002010.SZ 写入 0 条
2026-06-16 14:08:43,943 [INFO] [504/5283] 002011.SZ 写入 0 条
2026-06-16 14:08:44,510 [INFO] [505/5283] 002012.SZ 写入 0 条
2026-06-16 14:08:45,067 [INFO] [506/5283] 002014.SZ 写入 0 条
2026-06-16 14:08:45,632 [INFO] [507/5283] 002015.SZ 写入 0 条
2026-06-16 14:08:46,176 [INFO] [508/5283] 002016.SZ 写入 0 条
2026-06-16 14:08:46,740 [INFO] [509/5283] 002017.SZ 写入 0 条
2026-06-16 14:08:47,293 [INFO] [510/5283] 002019.SZ 写入 0 条
2026-06-16 14:08:47,846 [INFO] [511/5283] 002020.SZ 写入 0 条
2026-06-16 14:08:48,466 [INFO] [512/5283] 002021.SZ 写入 0 条
2026-06-16 14:08:49,256 [INFO] [513/5283] 002022.SZ 写入 0 条
2026-06-16 14:08:49,868 [INFO] [514/5283] 002023.SZ 写入 0 条
2026-06-16 14:08:50,486 [INFO] [515/5283] 002025.SZ 写入 0 条
2026-06-16 14:08:51,063 [INFO] [516/5283] 002026.SZ 写入 0 条
2026-06-16 14:08:51,630 [INFO] [517/5283] 002027.SZ 写入 0 条
2026-06-16 14:08:52,182 [INFO] [518/5283] 002028.SZ 写入 0 条
2026-06-16 14:08:52,747 [INFO] [519/5283] 002029.SZ 写入 0 条
2026-06-16 14:08:53,367 [INFO] [520/5283] 002030.SZ 写入 0 条
2026-06-16 14:08:53,910 [INFO] [521/5283] 002031.SZ 写入 0 条
2026-06-16 14:08:54,505 [INFO] [522/5283] 002032.SZ 写入 0 条
2026-06-16 14:08:55,068 [INFO] [523/5283] 002033.SZ 写入 0 条
2026-06-16 14:08:55,626 [INFO] [524/5283] 002034.SZ 写入 0 条
2026-06-16 14:08:56,194 [INFO] [525/5283] 002035.SZ 写入 0 条
2026-06-16 14:08:56,755 [INFO] [526/5283] 002036.SZ 写入 0 条
2026-06-16 14:08:57,312 [INFO] [527/5283] 002037.SZ 写入 0 条
2026-06-16 14:08:57,874 [INFO] [528/5283] 002038.SZ 写入 0 条
2026-06-16 14:08:58,443 [INFO] [529/5283] 002039.SZ 写入 0 条
2026-06-16 14:08:59,023 [INFO] [530/5283] 002040.SZ 写入 0 条
2026-06-16 14:08:59,600 [INFO] [531/5283] 002041.SZ 写入 0 条
2026-06-16 14:09:00,162 [INFO] [532/5283] 002042.SZ 写入 0 条
2026-06-16 14:09:00,707 [INFO] [533/5283] 002043.SZ 写入 0 条
2026-06-16 14:09:01,253 [INFO] [534/5283] 002044.SZ 写入 0 条
2026-06-16 14:09:01,830 [INFO] [535/5283] 002045.SZ 写入 0 条
2026-06-16 14:09:02,382 [INFO] [536/5283] 002046.SZ 写入 0 条
2026-06-16 14:09:02,935 [INFO] [537/5283] 002047.SZ 写入 0 条
2026-06-16 14:09:03,498 [INFO] [538/5283] 002048.SZ 写入 0 条
2026-06-16 14:09:04,080 [INFO] [539/5283] 002049.SZ 写入 0 条
2026-06-16 14:09:04,617 [INFO] [540/5283] 002050.SZ 写入 0 条
2026-06-16 14:09:05,382 [INFO] [541/5283] 002051.SZ 写入 0 条
2026-06-16 14:09:05,951 [INFO] [542/5283] 002052.SZ 写入 0 条
2026-06-16 14:09:06,495 [INFO] [543/5283] 002053.SZ 写入 0 条
2026-06-16 14:09:07,080 [INFO] [544/5283] 002054.SZ 写入 0 条
2026-06-16 14:09:07,623 [INFO] [545/5283] 002056.SZ 写入 0 条
2026-06-16 14:09:08,183 [INFO] [546/5283] 002057.SZ 写入 0 条
2026-06-16 14:09:08,725 [INFO] [547/5283] 002059.SZ 写入 0 条
2026-06-16 14:09:09,336 [INFO] [548/5283] 002060.SZ 写入 0 条
2026-06-16 14:09:09,919 [INFO] [549/5283] 002061.SZ 写入 0 条
2026-06-16 14:09:10,504 [INFO] [550/5283] 002062.SZ 写入 0 条
2026-06-16 14:09:10,865 [INFO] 进度: 已完成 550, 失败 0, 跳过 0
2026-06-16 14:09:11,091 [INFO] [551/5283] 002063.SZ 写入 0 条
2026-06-16 14:09:11,667 [INFO] [552/5283] 002064.SZ 写入 0 条
2026-06-16 14:09:12,236 [INFO] [553/5283] 002065.SZ 写入 0 条
2026-06-16 14:09:12,802 [INFO] [554/5283] 002066.SZ 写入 0 条
2026-06-16 14:09:13,355 [INFO] [555/5283] 002067.SZ 写入 0 条
2026-06-16 14:09:13,943 [INFO] [556/5283] 002068.SZ 写入 0 条
2026-06-16 14:09:14,497 [INFO] [557/5283] 002069.SZ 写入 0 条
2026-06-16 14:09:15,381 [INFO] [558/5283] 002072.SZ 写入 0 条
2026-06-16 14:09:15,956 [INFO] [559/5283] 002073.SZ 写入 0 条
2026-06-16 14:09:16,511 [INFO] [560/5283] 002074.SZ 写入 0 条
2026-06-16 14:09:17,055 [INFO] [561/5283] 002075.SZ 写入 0 条
2026-06-16 14:09:17,692 [INFO] [562/5283] 002077.SZ 写入 0 条
2026-06-16 14:09:18,266 [INFO] [563/5283] 002078.SZ 写入 0 条
2026-06-16 14:09:18,830 [INFO] [564/5283] 002079.SZ 写入 0 条
2026-06-16 14:09:19,388 [INFO] [565/5283] 002080.SZ 写入 0 条
2026-06-16 14:09:19,939 [INFO] [566/5283] 002081.SZ 写入 0 条
2026-06-16 14:09:20,529 [INFO] [567/5283] 002083.SZ 写入 0 条
2026-06-16 14:09:21,112 [INFO] [568/5283] 002084.SZ 写入 0 条
2026-06-16 14:09:21,679 [INFO] [569/5283] 002085.SZ 写入 0 条
2026-06-16 14:09:22,235 [INFO] [570/5283] 002086.SZ 写入 0 条
2026-06-16 14:09:22,790 [INFO] [571/5283] 002088.SZ 写入 0 条
2026-06-16 14:09:23,489 [INFO] [572/5283] 002090.SZ 写入 0 条
2026-06-16 14:09:24,335 [INFO] [573/5283] 002091.SZ 写入 0 条
2026-06-16 14:09:24,906 [INFO] [574/5283] 002092.SZ 写入 0 条
2026-06-16 14:09:25,463 [INFO] [575/5283] 002093.SZ 写入 0 条
2026-06-16 14:09:26,007 [INFO] [576/5283] 002094.SZ 写入 0 条
2026-06-16 14:09:26,593 [INFO] [577/5283] 002095.SZ 写入 0 条
2026-06-16 14:09:27,140 [INFO] [578/5283] 002096.SZ 写入 0 条
2026-06-16 14:09:27,688 [INFO] [579/5283] 002097.SZ 写入 0 条
2026-06-16 14:09:28,251 [INFO] [580/5283] 002098.SZ 写入 0 条
2026-06-16 14:09:28,819 [INFO] [581/5283] 002099.SZ 写入 0 条
2026-06-16 14:09:29,373 [INFO] [582/5283] 002100.SZ 写入 0 条
2026-06-16 14:09:29,939 [INFO] [583/5283] 002101.SZ 写入 0 条
2026-06-16 14:09:30,521 [INFO] [584/5283] 002103.SZ 写入 0 条
2026-06-16 14:09:31,067 [INFO] [585/5283] 002104.SZ 写入 0 条
2026-06-16 14:09:31,637 [INFO] [586/5283] 002105.SZ 写入 0 条
2026-06-16 14:09:32,190 [INFO] [587/5283] 002106.SZ 写入 0 条
2026-06-16 14:09:32,755 [INFO] [588/5283] 002107.SZ 写入 0 条
2026-06-16 14:09:33,310 [INFO] [589/5283] 002108.SZ 写入 0 条
2026-06-16 14:09:33,888 [INFO] [590/5283] 002110.SZ 写入 0 条
2026-06-16 14:09:34,454 [INFO] [591/5283] 002111.SZ 写入 0 条
2026-06-16 14:09:35,022 [INFO] [592/5283] 002112.SZ 写入 0 条
2026-06-16 14:09:35,570 [INFO] [593/5283] 002114.SZ 写入 0 条
2026-06-16 14:09:36,175 [INFO] [594/5283] 002115.SZ 写入 0 条
2026-06-16 14:09:36,882 [INFO] [595/5283] 002116.SZ 写入 0 条
2026-06-16 14:09:37,521 [INFO] [596/5283] 002117.SZ 写入 0 条
2026-06-16 14:09:38,208 [INFO] [597/5283] 002119.SZ 写入 0 条
2026-06-16 14:09:38,755 [INFO] [598/5283] 002120.SZ 写入 0 条
2026-06-16 14:09:39,425 [INFO] [599/5283] 002121.SZ 写入 0 条
2026-06-16 14:09:40,047 [INFO] [600/5283] 002123.SZ 写入 0 条
2026-06-16 14:09:40,413 [INFO] 进度: 已完成 600, 失败 0, 跳过 0
2026-06-16 14:09:40,692 [INFO] [601/5283] 002124.SZ 写入 0 条
2026-06-16 14:09:42,267 [INFO] [602/5283] 002125.SZ 写入 0 条
2026-06-16 14:09:43,548 [INFO] [603/5283] 002126.SZ 写入 0 条
2026-06-16 14:09:44,483 [INFO] [604/5283] 002127.SZ 写入 0 条
2026-06-16 14:09:45,211 [INFO] [605/5283] 002128.SZ 写入 0 条
2026-06-16 14:09:45,798 [INFO] [606/5283] 002129.SZ 写入 0 条
2026-06-16 14:09:46,353 [INFO] [607/5283] 002130.SZ 写入 0 条
2026-06-16 14:09:46,914 [INFO] [608/5283] 002131.SZ 写入 0 条
2026-06-16 14:09:47,475 [INFO] [609/5283] 002132.SZ 写入 0 条
2026-06-16 14:09:48,042 [INFO] [610/5283] 002133.SZ 写入 0 条
2026-06-16 14:09:48,641 [INFO] [611/5283] 002134.SZ 写入 0 条
2026-06-16 14:09:49,420 [INFO] [612/5283] 002135.SZ 写入 0 条
2026-06-16 14:09:50,024 [INFO] [613/5283] 002136.SZ 写入 0 条
2026-06-16 14:09:50,643 [INFO] [614/5283] 002137.SZ 写入 0 条
2026-06-16 14:09:51,227 [INFO] [615/5283] 002138.SZ 写入 0 条
2026-06-16 14:09:51,773 [INFO] [616/5283] 002139.SZ 写入 0 条
2026-06-16 14:09:52,353 [INFO] [617/5283] 002140.SZ 写入 0 条
2026-06-16 14:09:52,911 [INFO] [618/5283] 002141.SZ 写入 0 条
2026-06-16 14:09:53,472 [INFO] [619/5283] 002142.SZ 写入 0 条
2026-06-16 14:09:54,096 [INFO] [620/5283] 002144.SZ 写入 0 条
2026-06-16 14:09:54,803 [INFO] [621/5283] 002145.SZ 写入 0 条
2026-06-16 14:09:55,468 [INFO] [622/5283] 002146.SZ 写入 0 条
2026-06-16 14:09:56,036 [INFO] [623/5283] 002148.SZ 写入 0 条
2026-06-16 14:09:56,613 [INFO] [624/5283] 002149.SZ 写入 0 条
2026-06-16 14:09:57,180 [INFO] [625/5283] 002150.SZ 写入 0 条
2026-06-16 14:09:57,771 [INFO] [626/5283] 002151.SZ 写入 0 条
2026-06-16 14:09:58,333 [INFO] [627/5283] 002152.SZ 写入 0 条
2026-06-16 14:09:58,896 [INFO] [628/5283] 002153.SZ 写入 0 条
2026-06-16 14:09:59,459 [INFO] [629/5283] 002154.SZ 写入 0 条
2026-06-16 14:10:00,037 [INFO] [630/5283] 002155.SZ 写入 0 条
2026-06-16 14:10:00,687 [INFO] [631/5283] 002156.SZ 写入 0 条
2026-06-16 14:10:01,285 [INFO] [632/5283] 002157.SZ 写入 0 条
2026-06-16 14:10:01,849 [INFO] [633/5283] 002158.SZ 写入 0 条
2026-06-16 14:10:02,443 [INFO] [634/5283] 002159.SZ 写入 0 条
2026-06-16 14:10:03,021 [INFO] [635/5283] 002160.SZ 写入 0 条
2026-06-16 14:10:03,578 [INFO] [636/5283] 002161.SZ 写入 0 条
2026-06-16 14:10:04,158 [INFO] [637/5283] 002162.SZ 写入 0 条
2026-06-16 14:10:04,732 [INFO] [638/5283] 002163.SZ 写入 0 条
2026-06-16 14:10:05,279 [INFO] [639/5283] 002164.SZ 写入 0 条
2026-06-16 14:10:05,861 [INFO] [640/5283] 002165.SZ 写入 0 条
2026-06-16 14:10:06,647 [INFO] [641/5283] 002166.SZ 写入 0 条
2026-06-16 14:10:07,234 [INFO] [642/5283] 002167.SZ 写入 0 条
2026-06-16 14:10:07,797 [INFO] [643/5283] 002169.SZ 写入 0 条
2026-06-16 14:10:08,362 [INFO] [644/5283] 002170.SZ 写入 0 条
2026-06-16 14:10:08,927 [INFO] [645/5283] 002171.SZ 写入 0 条
2026-06-16 14:10:09,517 [INFO] [646/5283] 002172.SZ 写入 0 条
2026-06-16 14:10:10,105 [INFO] [647/5283] 002173.SZ 写入 0 条
2026-06-16 14:10:10,679 [INFO] [648/5283] 002174.SZ 写入 0 条
2026-06-16 14:10:11,235 [INFO] [649/5283] 002176.SZ 写入 0 条
2026-06-16 14:10:11,833 [INFO] [650/5283] 002177.SZ 写入 0 条
2026-06-16 14:10:12,188 [INFO] 进度: 已完成 650, 失败 0, 跳过 0
2026-06-16 14:10:12,414 [INFO] [651/5283] 002178.SZ 写入 0 条
2026-06-16 14:10:12,977 [INFO] [652/5283] 002179.SZ 写入 0 条
2026-06-16 14:10:13,662 [INFO] [653/5283] 002180.SZ 写入 0 条
2026-06-16 14:10:14,294 [INFO] [654/5283] 002181.SZ 写入 0 条
2026-06-16 14:10:14,832 [INFO] [655/5283] 002182.SZ 写入 0 条
2026-06-16 14:10:15,415 [INFO] [656/5283] 002183.SZ 写入 0 条
2026-06-16 14:10:15,973 [INFO] [657/5283] 002184.SZ 写入 0 条
2026-06-16 14:10:16,547 [INFO] [658/5283] 002185.SZ 写入 0 条
2026-06-16 14:10:17,103 [INFO] [659/5283] 002186.SZ 写入 0 条
2026-06-16 14:10:17,642 [INFO] [660/5283] 002187.SZ 写入 0 条
2026-06-16 14:10:18,210 [INFO] [661/5283] 002188.SZ 写入 0 条
2026-06-16 14:10:18,783 [INFO] [662/5283] 002189.SZ 写入 0 条
2026-06-16 14:10:19,352 [INFO] [663/5283] 002190.SZ 写入 0 条
2026-06-16 14:10:20,050 [INFO] [664/5283] 002191.SZ 写入 0 条
2026-06-16 14:10:20,609 [INFO] [665/5283] 002192.SZ 写入 0 条
2026-06-16 14:10:21,165 [INFO] [666/5283] 002194.SZ 写入 0 条
2026-06-16 14:10:21,720 [INFO] [667/5283] 002195.SZ 写入 0 条
2026-06-16 14:10:22,291 [INFO] [668/5283] 002196.SZ 写入 0 条
2026-06-16 14:10:22,850 [INFO] [669/5283] 002197.SZ 写入 0 条
2026-06-16 14:10:23,400 [INFO] [670/5283] 002200.SZ 写入 0 条
2026-06-16 14:10:24,003 [INFO] [671/5283] 002201.SZ 写入 0 条
2026-06-16 14:10:24,592 [INFO] [672/5283] 002202.SZ 写入 0 条
2026-06-16 14:10:25,160 [INFO] [673/5283] 002203.SZ 写入 0 条
2026-06-16 14:10:25,710 [INFO] [674/5283] 002204.SZ 写入 0 条
2026-06-16 14:10:26,256 [INFO] [675/5283] 002205.SZ 写入 0 条
2026-06-16 14:10:26,801 [INFO] [676/5283] 002206.SZ 写入 0 条
2026-06-16 14:10:27,356 [INFO] [677/5283] 002208.SZ 写入 0 条
2026-06-16 14:10:27,926 [INFO] [678/5283] 002209.SZ 写入 0 条
2026-06-16 14:10:28,490 [INFO] [679/5283] 002210.SZ 写入 0 条
2026-06-16 14:10:29,053 [INFO] [680/5283] 002212.SZ 写入 0 条
2026-06-16 14:10:29,631 [INFO] [681/5283] 002213.SZ 写入 0 条
2026-06-16 14:10:30,198 [INFO] [682/5283] 002215.SZ 写入 0 条
2026-06-16 14:10:30,774 [INFO] [683/5283] 002216.SZ 写入 0 条
2026-06-16 14:10:31,320 [INFO] [684/5283] 002217.SZ 写入 0 条
2026-06-16 14:10:31,878 [INFO] [685/5283] 002218.SZ 写入 0 条
2026-06-16 14:10:32,437 [INFO] [686/5283] 002219.SZ 写入 0 条
2026-06-16 14:10:33,095 [INFO] [687/5283] 002221.SZ 写入 0 条
2026-06-16 14:10:33,672 [INFO] [688/5283] 002222.SZ 写入 0 条
2026-06-16 14:10:34,228 [INFO] [689/5283] 002223.SZ 写入 0 条
2026-06-16 14:10:34,819 [INFO] [690/5283] 002224.SZ 写入 0 条
2026-06-16 14:10:35,363 [INFO] [691/5283] 002225.SZ 写入 0 条
2026-06-16 14:10:35,997 [INFO] [692/5283] 002226.SZ 写入 0 条
2026-06-16 14:10:36,705 [INFO] [693/5283] 002228.SZ 写入 0 条
2026-06-16 14:10:37,279 [INFO] [694/5283] 002229.SZ 写入 0 条
2026-06-16 14:10:37,835 [INFO] [695/5283] 002230.SZ 写入 0 条
2026-06-16 14:10:38,390 [INFO] [696/5283] 002232.SZ 写入 0 条
2026-06-16 14:10:39,005 [INFO] [697/5283] 002233.SZ 写入 0 条
2026-06-16 14:10:39,570 [INFO] [698/5283] 002234.SZ 写入 0 条
2026-06-16 14:10:40,160 [INFO] [699/5283] 002235.SZ 写入 0 条
2026-06-16 14:10:40,723 [INFO] [700/5283] 002236.SZ 写入 0 条
2026-06-16 14:10:41,079 [INFO] 进度: 已完成 700, 失败 0, 跳过 0
2026-06-16 14:10:41,274 [INFO] [701/5283] 002237.SZ 写入 0 条
2026-06-16 14:10:41,833 [INFO] [702/5283] 002238.SZ 写入 0 条
2026-06-16 14:10:42,398 [INFO] [703/5283] 002239.SZ 写入 0 条
2026-06-16 14:10:42,955 [INFO] [704/5283] 002240.SZ 写入 0 条
2026-06-16 14:10:43,503 [INFO] [705/5283] 002241.SZ 写入 0 条
2026-06-16 14:10:44,078 [INFO] [706/5283] 002242.SZ 写入 0 条
2026-06-16 14:10:44,631 [INFO] [707/5283] 002243.SZ 写入 0 条
2026-06-16 14:10:45,192 [INFO] [708/5283] 002244.SZ 写入 0 条
2026-06-16 14:10:45,758 [INFO] [709/5283] 002245.SZ 写入 0 条
2026-06-16 14:10:46,475 [INFO] [710/5283] 002246.SZ 写入 0 条
2026-06-16 14:10:47,046 [INFO] [711/5283] 002247.SZ 写入 0 条
2026-06-16 14:10:47,669 [INFO] [712/5283] 002248.SZ 写入 0 条
2026-06-16 14:10:48,288 [INFO] [713/5283] 002249.SZ 写入 0 条
2026-06-16 14:10:49,113 [INFO] [714/5283] 002250.SZ 写入 0 条
2026-06-16 14:10:49,750 [INFO] [715/5283] 002251.SZ 写入 0 条
2026-06-16 14:10:50,317 [INFO] [716/5283] 002252.SZ 写入 0 条
2026-06-16 14:10:50,884 [INFO] [717/5283] 002254.SZ 写入 0 条
2026-06-16 14:10:51,439 [INFO] [718/5283] 002255.SZ 写入 0 条
2026-06-16 14:10:52,003 [INFO] [719/5283] 002256.SZ 写入 0 条
2026-06-16 14:10:52,568 [INFO] [720/5283] 002258.SZ 写入 0 条
2026-06-16 14:10:53,117 [INFO] [721/5283] 002259.SZ 写入 0 条
2026-06-16 14:10:53,673 [INFO] [722/5283] 002261.SZ 写入 0 条
2026-06-16 14:10:54,239 [INFO] [723/5283] 002262.SZ 写入 0 条
2026-06-16 14:10:54,798 [INFO] [724/5283] 002263.SZ 写入 0 条
2026-06-16 14:10:55,393 [INFO] [725/5283] 002264.SZ 写入 0 条
2026-06-16 14:10:55,996 [INFO] [726/5283] 002265.SZ 写入 0 条
2026-06-16 14:10:56,555 [INFO] [727/5283] 002266.SZ 写入 0 条
2026-06-16 14:10:57,108 [INFO] [728/5283] 002267.SZ 写入 0 条
2026-06-16 14:10:57,668 [INFO] [729/5283] 002268.SZ 写入 0 条
2026-06-16 14:10:58,233 [INFO] [730/5283] 002269.SZ 写入 0 条
2026-06-16 14:10:59,009 [INFO] [731/5283] 002270.SZ 写入 0 条
2026-06-16 14:10:59,560 [INFO] [732/5283] 002271.SZ 写入 0 条
2026-06-16 14:11:00,172 [INFO] [733/5283] 002272.SZ 写入 0 条
2026-06-16 14:11:00,764 [INFO] [734/5283] 002273.SZ 写入 0 条
2026-06-16 14:11:01,319 [INFO] [735/5283] 002274.SZ 写入 0 条
2026-06-16 14:11:01,868 [INFO] [736/5283] 002275.SZ 写入 0 条
2026-06-16 14:11:02,425 [INFO] [737/5283] 002276.SZ 写入 0 条
2026-06-16 14:11:02,983 [INFO] [738/5283] 002277.SZ 写入 0 条
2026-06-16 14:11:03,547 [INFO] [739/5283] 002278.SZ 写入 0 条
2026-06-16 14:11:04,290 [INFO] [740/5283] 002279.SZ 写入 0 条
2026-06-16 14:11:04,953 [INFO] [741/5283] 002281.SZ 写入 0 条
2026-06-16 14:11:05,522 [INFO] [742/5283] 002282.SZ 写入 0 条
2026-06-16 14:11:06,087 [INFO] [743/5283] 002283.SZ 写入 0 条
2026-06-16 14:11:06,679 [INFO] [744/5283] 002284.SZ 写入 0 条
2026-06-16 14:11:07,273 [INFO] [745/5283] 002285.SZ 写入 0 条
2026-06-16 14:11:07,912 [INFO] [746/5283] 002286.SZ 写入 0 条
2026-06-16 14:11:08,493 [INFO] [747/5283] 002287.SZ 写入 0 条
2026-06-16 14:11:09,337 [INFO] [748/5283] 002290.SZ 写入 0 条
2026-06-16 14:11:10,062 [INFO] [749/5283] 002291.SZ 写入 0 条
2026-06-16 14:11:11,310 [INFO] [750/5283] 002292.SZ 写入 0 条
2026-06-16 14:11:11,670 [INFO] 进度: 已完成 750, 失败 0, 跳过 0
2026-06-16 14:11:12,003 [INFO] [751/5283] 002293.SZ 写入 0 条
2026-06-16 14:11:12,929 [INFO] [752/5283] 002294.SZ 写入 0 条
2026-06-16 14:11:13,553 [INFO] [753/5283] 002295.SZ 写入 0 条
2026-06-16 14:11:14,327 [INFO] [754/5283] 002296.SZ 写入 0 条
2026-06-16 14:11:14,940 [INFO] [755/5283] 002297.SZ 写入 0 条
2026-06-16 14:11:15,593 [INFO] [756/5283] 002298.SZ 写入 0 条
2026-06-16 14:11:16,269 [INFO] [757/5283] 002299.SZ 写入 0 条
2026-06-16 14:11:16,970 [INFO] [758/5283] 002300.SZ 写入 0 条
2026-06-16 14:11:17,945 [INFO] [759/5283] 002301.SZ 写入 0 条
2026-06-16 14:11:18,566 [INFO] [760/5283] 002302.SZ 写入 0 条
2026-06-16 14:11:19,319 [INFO] [761/5283] 002303.SZ 写入 0 条
2026-06-16 14:11:19,876 [INFO] [762/5283] 002304.SZ 写入 0 条
2026-06-16 14:11:20,442 [INFO] [763/5283] 002307.SZ 写入 0 条
2026-06-16 14:11:21,009 [INFO] [764/5283] 002309.SZ 写入 0 条
2026-06-16 14:11:21,560 [INFO] [765/5283] 002310.SZ 写入 0 条
2026-06-16 14:11:22,100 [INFO] [766/5283] 002311.SZ 写入 0 条
2026-06-16 14:11:22,650 [INFO] [767/5283] 002312.SZ 写入 0 条
2026-06-16 14:11:23,179 [INFO] [768/5283] 002313.SZ 写入 0 条
2026-06-16 14:11:24,116 [INFO] [769/5283] 002314.SZ 写入 0 条
2026-06-16 14:11:24,674 [INFO] [770/5283] 002315.SZ 写入 0 条
2026-06-16 14:11:25,208 [INFO] [771/5283] 002316.SZ 写入 0 条
2026-06-16 14:11:25,754 [INFO] [772/5283] 002317.SZ 写入 0 条
2026-06-16 14:11:26,286 [INFO] [773/5283] 002318.SZ 写入 0 条
2026-06-16 14:11:26,819 [INFO] [774/5283] 002319.SZ 写入 0 条
2026-06-16 14:11:27,351 [INFO] [775/5283] 002320.SZ 写入 0 条
2026-06-16 14:11:27,897 [INFO] [776/5283] 002321.SZ 写入 0 条
2026-06-16 14:11:28,426 [INFO] [777/5283] 002322.SZ 写入 0 条
2026-06-16 14:11:28,962 [INFO] [778/5283] 002324.SZ 写入 0 条
2026-06-16 14:11:29,484 [INFO] [779/5283] 002326.SZ 写入 0 条
2026-06-16 14:11:30,017 [INFO] [780/5283] 002327.SZ 写入 0 条
2026-06-16 14:11:30,544 [INFO] [781/5283] 002328.SZ 写入 0 条
2026-06-16 14:11:31,076 [INFO] [782/5283] 002329.SZ 写入 0 条
2026-06-16 14:11:31,617 [INFO] [783/5283] 002330.SZ 写入 0 条
2026-06-16 14:11:32,142 [INFO] [784/5283] 002331.SZ 写入 0 条
2026-06-16 14:11:32,702 [INFO] [785/5283] 002332.SZ 写入 0 条
2026-06-16 14:11:33,226 [INFO] [786/5283] 002333.SZ 写入 0 条
2026-06-16 14:11:33,801 [INFO] [787/5283] 002334.SZ 写入 0 条
2026-06-16 14:11:34,336 [INFO] [788/5283] 002335.SZ 写入 0 条
2026-06-16 14:11:34,864 [INFO] [789/5283] 002337.SZ 写入 0 条
2026-06-16 14:11:35,399 [INFO] [790/5283] 002338.SZ 写入 0 条
2026-06-16 14:11:35,957 [INFO] [791/5283] 002339.SZ 写入 0 条
2026-06-16 14:11:36,586 [INFO] [792/5283] 002340.SZ 写入 0 条
2026-06-16 14:11:37,112 [INFO] [793/5283] 002342.SZ 写入 0 条
2026-06-16 14:11:37,642 [INFO] [794/5283] 002343.SZ 写入 0 条
2026-06-16 14:11:38,160 [INFO] [795/5283] 002344.SZ 写入 0 条
2026-06-16 14:11:38,693 [INFO] [796/5283] 002345.SZ 写入 0 条
2026-06-16 14:11:39,230 [INFO] [797/5283] 002346.SZ 写入 0 条
2026-06-16 14:11:39,783 [INFO] [798/5283] 002347.SZ 写入 0 条
2026-06-16 14:11:40,359 [INFO] [799/5283] 002348.SZ 写入 0 条
2026-06-16 14:11:40,901 [INFO] [800/5283] 002349.SZ 写入 0 条
2026-06-16 14:11:41,255 [INFO] 进度: 已完成 800, 失败 0, 跳过 0
2026-06-16 14:11:41,440 [INFO] [801/5283] 002350.SZ 写入 0 条
2026-06-16 14:11:41,971 [INFO] [802/5283] 002351.SZ 写入 0 条
2026-06-16 14:11:42,501 [INFO] [803/5283] 002352.SZ 写入 0 条
2026-06-16 14:11:43,032 [INFO] [804/5283] 002353.SZ 写入 0 条
2026-06-16 14:11:43,553 [INFO] [805/5283] 002354.SZ 写入 0 条
2026-06-16 14:11:44,080 [INFO] [806/5283] 002355.SZ 写入 0 条
2026-06-16 14:11:44,615 [INFO] [807/5283] 002356.SZ 写入 0 条
2026-06-16 14:11:45,147 [INFO] [808/5283] 002357.SZ 写入 0 条
2026-06-16 14:11:45,678 [INFO] [809/5283] 002358.SZ 写入 0 条
2026-06-16 14:11:46,204 [INFO] [810/5283] 002361.SZ 写入 0 条
2026-06-16 14:11:46,732 [INFO] [811/5283] 002362.SZ 写入 0 条
2026-06-16 14:11:47,248 [INFO] [812/5283] 002363.SZ 写入 0 条
2026-06-16 14:11:47,775 [INFO] [813/5283] 002364.SZ 写入 0 条
2026-06-16 14:11:48,313 [INFO] [814/5283] 002365.SZ 写入 0 条
2026-06-16 14:11:49,022 [INFO] [815/5283] 002366.SZ 写入 0 条
2026-06-16 14:11:49,580 [INFO] [816/5283] 002367.SZ 写入 0 条
2026-06-16 14:11:50,109 [INFO] [817/5283] 002368.SZ 写入 0 条
2026-06-16 14:11:50,629 [INFO] [818/5283] 002369.SZ 写入 0 条
2026-06-16 14:11:51,159 [INFO] [819/5283] 002370.SZ 写入 0 条
2026-06-16 14:11:51,692 [INFO] [820/5283] 002371.SZ 写入 0 条
2026-06-16 14:11:52,209 [INFO] [821/5283] 002372.SZ 写入 0 条
2026-06-16 14:11:52,715 [INFO] [822/5283] 002373.SZ 写入 0 条
2026-06-16 14:11:53,240 [INFO] [823/5283] 002374.SZ 写入 0 条
2026-06-16 14:11:53,804 [INFO] [824/5283] 002375.SZ 写入 0 条
2026-06-16 14:11:54,346 [INFO] [825/5283] 002376.SZ 写入 0 条
2026-06-16 14:11:54,913 [INFO] [826/5283] 002377.SZ 写入 0 条
2026-06-16 14:11:55,441 [INFO] [827/5283] 002378.SZ 写入 0 条
2026-06-16 14:11:55,975 [INFO] [828/5283] 002379.SZ 写入 0 条
2026-06-16 14:11:56,498 [INFO] [829/5283] 002380.SZ 写入 0 条
2026-06-16 14:11:57,038 [INFO] [830/5283] 002381.SZ 写入 0 条
2026-06-16 14:11:57,590 [INFO] [831/5283] 002382.SZ 写入 0 条
2026-06-16 14:11:58,122 [INFO] [832/5283] 002383.SZ 写入 0 条
2026-06-16 14:11:58,654 [INFO] [833/5283] 002384.SZ 写入 0 条
2026-06-16 14:11:59,184 [INFO] [834/5283] 002385.SZ 写入 0 条
2026-06-16 14:11:59,710 [INFO] [835/5283] 002386.SZ 写入 0 条
2026-06-16 14:12:00,240 [INFO] [836/5283] 002387.SZ 写入 0 条
2026-06-16 14:12:00,788 [INFO] [837/5283] 002388.SZ 写入 0 条
2026-06-16 14:12:01,315 [INFO] [838/5283] 002389.SZ 写入 0 条
2026-06-16 14:12:01,845 [INFO] [839/5283] 002390.SZ 写入 0 条
2026-06-16 14:12:02,374 [INFO] [840/5283] 002391.SZ 写入 0 条
2026-06-16 14:12:02,904 [INFO] [841/5283] 002392.SZ 写入 0 条
2026-06-16 14:12:03,456 [INFO] [842/5283] 002393.SZ 写入 0 条
2026-06-16 14:12:04,010 [INFO] [843/5283] 002394.SZ 写入 0 条
2026-06-16 14:12:04,536 [INFO] [844/5283] 002395.SZ 写入 0 条
2026-06-16 14:12:05,063 [INFO] [845/5283] 002396.SZ 写入 0 条
2026-06-16 14:12:05,585 [INFO] [846/5283] 002397.SZ 写入 0 条
2026-06-16 14:12:06,116 [INFO] [847/5283] 002398.SZ 写入 0 条
2026-06-16 14:12:06,647 [INFO] [848/5283] 002399.SZ 写入 0 条
2026-06-16 14:12:07,174 [INFO] [849/5283] 002400.SZ 写入 0 条
2026-06-16 14:12:07,719 [INFO] [850/5283] 002401.SZ 写入 0 条
2026-06-16 14:12:08,073 [INFO] 进度: 已完成 850, 失败 0, 跳过 0
2026-06-16 14:12:08,255 [INFO] [851/5283] 002402.SZ 写入 0 条
2026-06-16 14:12:08,772 [INFO] [852/5283] 002403.SZ 写入 0 条
2026-06-16 14:12:09,311 [INFO] [853/5283] 002404.SZ 写入 0 条
2026-06-16 14:12:09,858 [INFO] [854/5283] 002405.SZ 写入 0 条
2026-06-16 14:12:10,409 [INFO] [855/5283] 002406.SZ 写入 0 条
2026-06-16 14:12:10,945 [INFO] [856/5283] 002407.SZ 写入 0 条
2026-06-16 14:12:11,470 [INFO] [857/5283] 002408.SZ 写入 0 条
2026-06-16 14:12:12,007 [INFO] [858/5283] 002409.SZ 写入 0 条
2026-06-16 14:12:12,534 [INFO] [859/5283] 002410.SZ 写入 0 条
2026-06-16 14:12:13,064 [INFO] [860/5283] 002412.SZ 写入 0 条
2026-06-16 14:12:13,586 [INFO] [861/5283] 002413.SZ 写入 0 条
2026-06-16 14:12:14,283 [INFO] [862/5283] 002414.SZ 写入 0 条
2026-06-16 14:12:14,821 [INFO] [863/5283] 002415.SZ 写入 0 条
2026-06-16 14:12:15,354 [INFO] [864/5283] 002416.SZ 写入 0 条
2026-06-16 14:12:15,896 [INFO] [865/5283] 002418.SZ 写入 0 条
2026-06-16 14:12:16,417 [INFO] [866/5283] 002419.SZ 写入 0 条
2026-06-16 14:12:16,941 [INFO] [867/5283] 002420.SZ 写入 0 条
2026-06-16 14:12:17,473 [INFO] [868/5283] 002421.SZ 写入 0 条
2026-06-16 14:12:18,037 [INFO] [869/5283] 002422.SZ 写入 0 条
2026-06-16 14:12:18,561 [INFO] [870/5283] 002423.SZ 写入 0 条
2026-06-16 14:12:19,099 [INFO] [871/5283] 002425.SZ 写入 0 条
2026-06-16 14:12:19,620 [INFO] [872/5283] 002426.SZ 写入 0 条
2026-06-16 14:12:20,139 [INFO] [873/5283] 002427.SZ 写入 0 条
2026-06-16 14:12:20,672 [INFO] [874/5283] 002428.SZ 写入 0 条
2026-06-16 14:12:21,198 [INFO] [875/5283] 002429.SZ 写入 0 条
2026-06-16 14:12:21,732 [INFO] [876/5283] 002430.SZ 写入 0 条
2026-06-16 14:12:22,320 [INFO] [877/5283] 002432.SZ 写入 0 条
2026-06-16 14:12:22,846 [INFO] [878/5283] 002434.SZ 写入 0 条
2026-06-16 14:12:23,382 [INFO] [879/5283] 002436.SZ 写入 0 条
2026-06-16 14:12:23,911 [INFO] [880/5283] 002437.SZ 写入 0 条
2026-06-16 14:12:24,459 [INFO] [881/5283] 002438.SZ 写入 0 条
2026-06-16 14:12:24,984 [INFO] [882/5283] 002439.SZ 写入 0 条
2026-06-16 14:12:25,507 [INFO] [883/5283] 002440.SZ 写入 0 条
2026-06-16 14:12:26,035 [INFO] [884/5283] 002441.SZ 写入 0 条
2026-06-16 14:12:26,575 [INFO] [885/5283] 002442.SZ 写入 0 条
2026-06-16 14:12:27,104 [INFO] [886/5283] 002443.SZ 写入 0 条
2026-06-16 14:12:27,630 [INFO] [887/5283] 002444.SZ 写入 0 条
2026-06-16 14:12:28,163 [INFO] [888/5283] 002445.SZ 写入 0 条
2026-06-16 14:12:28,695 [INFO] [889/5283] 002446.SZ 写入 0 条
2026-06-16 14:12:29,225 [INFO] [890/5283] 002448.SZ 写入 0 条
2026-06-16 14:12:29,757 [INFO] [891/5283] 002449.SZ 写入 0 条
2026-06-16 14:12:30,283 [INFO] [892/5283] 002451.SZ 写入 0 条
2026-06-16 14:12:30,827 [INFO] [893/5283] 002452.SZ 写入 0 条
2026-06-16 14:12:31,350 [INFO] [894/5283] 002453.SZ 写入 0 条
2026-06-16 14:12:31,879 [INFO] [895/5283] 002454.SZ 写入 0 条
2026-06-16 14:12:32,407 [INFO] [896/5283] 002455.SZ 写入 0 条
2026-06-16 14:12:32,930 [INFO] [897/5283] 002456.SZ 写入 0 条
2026-06-16 14:12:33,592 [INFO] [898/5283] 002457.SZ 写入 0 条
2026-06-16 14:12:34,130 [INFO] [899/5283] 002458.SZ 写入 0 条
2026-06-16 14:12:34,654 [INFO] [900/5283] 002459.SZ 写入 0 条
2026-06-16 14:12:35,008 [INFO] 进度: 已完成 900, 失败 0, 跳过 0
2026-06-16 14:12:35,193 [INFO] [901/5283] 002460.SZ 写入 0 条
2026-06-16 14:12:35,722 [INFO] [902/5283] 002461.SZ 写入 0 条
2026-06-16 14:12:36,286 [INFO] [903/5283] 002462.SZ 写入 0 条
2026-06-16 14:12:36,812 [INFO] [904/5283] 002463.SZ 写入 0 条
2026-06-16 14:12:37,346 [INFO] [905/5283] 002465.SZ 写入 0 条
2026-06-16 14:12:37,885 [INFO] [906/5283] 002466.SZ 写入 0 条
2026-06-16 14:12:38,410 [INFO] [907/5283] 002467.SZ 写入 0 条
2026-06-16 14:12:39,006 [INFO] [908/5283] 002468.SZ 写入 0 条
2026-06-16 14:12:39,605 [INFO] [909/5283] 002469.SZ 写入 0 条
2026-06-16 14:12:40,163 [INFO] [910/5283] 002470.SZ 写入 0 条
2026-06-16 14:12:40,693 [INFO] [911/5283] 002471.SZ 写入 0 条
2026-06-16 14:12:41,218 [INFO] [912/5283] 002472.SZ 写入 0 条
2026-06-16 14:12:41,742 [INFO] [913/5283] 002474.SZ 写入 0 条
2026-06-16 14:12:42,261 [INFO] [914/5283] 002475.SZ 写入 0 条
2026-06-16 14:12:42,795 [INFO] [915/5283] 002476.SZ 写入 0 条
2026-06-16 14:12:43,325 [INFO] [916/5283] 002478.SZ 写入 0 条
2026-06-16 14:12:43,845 [INFO] [917/5283] 002479.SZ 写入 0 条
2026-06-16 14:12:44,374 [INFO] [918/5283] 002480.SZ 写入 0 条
2026-06-16 14:12:44,910 [INFO] [919/5283] 002481.SZ 写入 0 条
2026-06-16 14:12:45,431 [INFO] [920/5283] 002482.SZ 写入 0 条
2026-06-16 14:12:46,227 [INFO] [921/5283] 002483.SZ 写入 0 条
2026-06-16 14:12:46,768 [INFO] [922/5283] 002484.SZ 写入 0 条
2026-06-16 14:12:47,294 [INFO] [923/5283] 002486.SZ 写入 0 条
2026-06-16 14:12:47,857 [INFO] [924/5283] 002487.SZ 写入 0 条
2026-06-16 14:12:48,635 [INFO] [925/5283] 002488.SZ 写入 0 条
2026-06-16 14:12:49,224 [INFO] [926/5283] 002489.SZ 写入 0 条
2026-06-16 14:12:49,787 [INFO] [927/5283] 002490.SZ 写入 0 条
2026-06-16 14:12:50,337 [INFO] [928/5283] 002491.SZ 写入 0 条
2026-06-16 14:12:50,909 [INFO] [929/5283] 002492.SZ 写入 0 条
2026-06-16 14:12:51,439 [INFO] [930/5283] 002493.SZ 写入 0 条
2026-06-16 14:12:51,964 [INFO] [931/5283] 002494.SZ 写入 0 条
2026-06-16 14:12:52,502 [INFO] [932/5283] 002495.SZ 写入 0 条
2026-06-16 14:12:53,044 [INFO] [933/5283] 002497.SZ 写入 0 条
2026-06-16 14:12:53,561 [INFO] [934/5283] 002498.SZ 写入 0 条
2026-06-16 14:12:54,110 [INFO] [935/5283] 002500.SZ 写入 0 条
2026-06-16 14:12:54,632 [INFO] [936/5283] 002506.SZ 写入 0 条
2026-06-16 14:12:55,180 [INFO] [937/5283] 002507.SZ 写入 0 条
2026-06-16 14:12:55,699 [INFO] [938/5283] 002508.SZ 写入 0 条
2026-06-16 14:12:56,218 [INFO] [939/5283] 002510.SZ 写入 0 条
2026-06-16 14:12:56,772 [INFO] [940/5283] 002511.SZ 写入 0 条
2026-06-16 14:12:57,691 [INFO] [941/5283] 002513.SZ 写入 0 条
2026-06-16 14:12:58,484 [INFO] [942/5283] 002515.SZ 写入 0 条
2026-06-16 14:12:59,067 [INFO] [943/5283] 002516.SZ 写入 0 条
2026-06-16 14:12:59,686 [INFO] [944/5283] 002517.SZ 写入 0 条
2026-06-16 14:13:00,334 [INFO] [945/5283] 002518.SZ 写入 0 条
2026-06-16 14:13:00,895 [INFO] [946/5283] 002519.SZ 写入 0 条
2026-06-16 14:13:02,466 [INFO] [947/5283] 002520.SZ 写入 0 条
2026-06-16 14:13:03,212 [INFO] [948/5283] 002521.SZ 写入 0 条
2026-06-16 14:13:04,183 [INFO] [949/5283] 002522.SZ 写入 0 条
2026-06-16 14:13:04,773 [INFO] [950/5283] 002523.SZ 写入 0 条
2026-06-16 14:13:05,133 [INFO] 进度: 已完成 950, 失败 0, 跳过 0
2026-06-16 14:13:05,406 [INFO] [951/5283] 002524.SZ 写入 0 条
2026-06-16 14:13:06,006 [INFO] [952/5283] 002526.SZ 写入 0 条
2026-06-16 14:13:06,583 [INFO] [953/5283] 002527.SZ 写入 0 条
2026-06-16 14:13:07,188 [INFO] [954/5283] 002530.SZ 写入 0 条
2026-06-16 14:13:07,855 [INFO] [955/5283] 002531.SZ 写入 0 条
2026-06-16 14:13:08,430 [INFO] [956/5283] 002532.SZ 写入 0 条
2026-06-16 14:13:09,066 [INFO] [957/5283] 002533.SZ 写入 0 条
2026-06-16 14:13:09,628 [INFO] [958/5283] 002534.SZ 写入 0 条
2026-06-16 14:13:10,467 [INFO] [959/5283] 002535.SZ 写入 0 条
2026-06-16 14:13:11,030 [INFO] [960/5283] 002536.SZ 写入 0 条
2026-06-16 14:13:11,631 [INFO] [961/5283] 002537.SZ 写入 0 条
2026-06-16 14:13:12,189 [INFO] [962/5283] 002539.SZ 写入 0 条
2026-06-16 14:13:12,782 [INFO] [963/5283] 002540.SZ 写入 0 条
2026-06-16 14:13:13,335 [INFO] [964/5283] 002541.SZ 写入 0 条
2026-06-16 14:13:13,906 [INFO] [965/5283] 002543.SZ 写入 0 条
2026-06-16 14:13:14,455 [INFO] [966/5283] 002544.SZ 写入 0 条
2026-06-16 14:13:15,003 [INFO] [967/5283] 002545.SZ 写入 0 条
2026-06-16 14:13:15,569 [INFO] [968/5283] 002546.SZ 写入 0 条
2026-06-16 14:13:16,117 [INFO] [969/5283] 002548.SZ 写入 0 条
2026-06-16 14:13:16,692 [INFO] [970/5283] 002549.SZ 写入 0 条
2026-06-16 14:13:17,255 [INFO] [971/5283] 002550.SZ 写入 0 条
2026-06-16 14:13:17,862 [INFO] [972/5283] 002551.SZ 写入 0 条
2026-06-16 14:13:18,428 [INFO] [973/5283] 002552.SZ 写入 0 条
2026-06-16 14:13:19,029 [INFO] [974/5283] 002553.SZ 写入 0 条
2026-06-16 14:13:19,663 [INFO] [975/5283] 002554.SZ 写入 0 条
2026-06-16 14:13:20,223 [INFO] [976/5283] 002555.SZ 写入 0 条
2026-06-16 14:13:20,788 [INFO] [977/5283] 002556.SZ 写入 0 条
2026-06-16 14:13:21,343 [INFO] [978/5283] 002557.SZ 写入 0 条
2026-06-16 14:13:21,895 [INFO] [979/5283] 002558.SZ 写入 0 条
2026-06-16 14:13:22,460 [INFO] [980/5283] 002559.SZ 写入 0 条
2026-06-16 14:13:23,021 [INFO] [981/5283] 002560.SZ 写入 0 条
2026-06-16 14:13:23,587 [INFO] [982/5283] 002561.SZ 写入 0 条
2026-06-16 14:13:24,193 [INFO] [983/5283] 002562.SZ 写入 0 条
2026-06-16 14:13:24,961 [INFO] [984/5283] 002563.SZ 写入 0 条
2026-06-16 14:13:25,550 [INFO] [985/5283] 002564.SZ 写入 0 条
2026-06-16 14:13:26,098 [INFO] [986/5283] 002565.SZ 写入 0 条
2026-06-16 14:13:26,649 [INFO] [987/5283] 002566.SZ 写入 0 条
2026-06-16 14:13:27,211 [INFO] [988/5283] 002567.SZ 写入 0 条
2026-06-16 14:13:27,814 [INFO] [989/5283] 002568.SZ 写入 0 条
2026-06-16 14:13:28,373 [INFO] [990/5283] 002570.SZ 写入 0 条
2026-06-16 14:13:28,938 [INFO] [991/5283] 002571.SZ 写入 0 条
2026-06-16 14:13:29,485 [INFO] [992/5283] 002572.SZ 写入 0 条
2026-06-16 14:13:30,047 [INFO] [993/5283] 002573.SZ 写入 0 条
2026-06-16 14:13:30,593 [INFO] [994/5283] 002574.SZ 写入 0 条
2026-06-16 14:13:31,145 [INFO] [995/5283] 002575.SZ 写入 0 条
2026-06-16 14:13:31,710 [INFO] [996/5283] 002576.SZ 写入 0 条
2026-06-16 14:13:32,269 [INFO] [997/5283] 002577.SZ 写入 0 条
2026-06-16 14:13:32,835 [INFO] [998/5283] 002578.SZ 写入 0 条
2026-06-16 14:13:33,397 [INFO] [999/5283] 002579.SZ 写入 0 条
2026-06-16 14:13:33,953 [INFO] [1000/5283] 002580.SZ 写入 0 条
2026-06-16 14:13:34,313 [INFO] 进度: 已完成 1000, 失败 0, 跳过 0
2026-06-16 14:13:34,509 [INFO] [1001/5283] 002582.SZ 写入 0 条
2026-06-16 14:13:35,126 [INFO] [1002/5283] 002583.SZ 写入 0 条
2026-06-16 14:13:35,755 [INFO] [1003/5283] 002584.SZ 写入 0 条
2026-06-16 14:13:36,361 [INFO] [1004/5283] 002585.SZ 写入 0 条
2026-06-16 14:13:37,071 [INFO] [1005/5283] 002587.SZ 写入 0 条
2026-06-16 14:13:37,702 [INFO] [1006/5283] 002588.SZ 写入 0 条
2026-06-16 14:13:38,265 [INFO] [1007/5283] 002589.SZ 写入 0 条
2026-06-16 14:13:38,821 [INFO] [1008/5283] 002590.SZ 写入 0 条
2026-06-16 14:13:39,445 [INFO] [1009/5283] 002591.SZ 写入 0 条
2026-06-16 14:13:40,210 [INFO] [1010/5283] 002593.SZ 写入 0 条
2026-06-16 14:13:40,748 [INFO] [1011/5283] 002594.SZ 写入 0 条
2026-06-16 14:13:41,295 [INFO] [1012/5283] 002595.SZ 写入 0 条
2026-06-16 14:13:41,829 [INFO] [1013/5283] 002596.SZ 写入 0 条
2026-06-16 14:13:42,361 [INFO] [1014/5283] 002597.SZ 写入 0 条
2026-06-16 14:13:42,895 [INFO] [1015/5283] 002599.SZ 写入 0 条
2026-06-16 14:13:43,442 [INFO] [1016/5283] 002600.SZ 写入 0 条
2026-06-16 14:13:43,977 [INFO] [1017/5283] 002601.SZ 写入 0 条
2026-06-16 14:13:44,506 [INFO] [1018/5283] 002602.SZ 写入 0 条
2026-06-16 14:13:45,039 [INFO] [1019/5283] 002603.SZ 写入 0 条
2026-06-16 14:13:45,565 [INFO] [1020/5283] 002605.SZ 写入 0 条
2026-06-16 14:13:46,099 [INFO] [1021/5283] 002606.SZ 写入 0 条
2026-06-16 14:13:46,627 [INFO] [1022/5283] 002607.SZ 写入 0 条
2026-06-16 14:13:47,154 [INFO] [1023/5283] 002608.SZ 写入 0 条
2026-06-16 14:13:47,680 [INFO] [1024/5283] 002609.SZ 写入 0 条
2026-06-16 14:13:48,203 [INFO] [1025/5283] 002611.SZ 写入 0 条
2026-06-16 14:13:48,734 [INFO] [1026/5283] 002612.SZ 写入 0 条
2026-06-16 14:13:49,335 [INFO] [1027/5283] 002613.SZ 写入 0 条
2026-06-16 14:13:49,866 [INFO] [1028/5283] 002614.SZ 写入 0 条
2026-06-16 14:13:50,423 [INFO] [1029/5283] 002615.SZ 写入 0 条
2026-06-16 14:13:50,976 [INFO] [1030/5283] 002616.SZ 写入 0 条
2026-06-16 14:13:51,506 [INFO] [1031/5283] 002617.SZ 写入 0 条
2026-06-16 14:13:52,033 [INFO] [1032/5283] 002622.SZ 写入 0 条
2026-06-16 14:13:52,586 [INFO] [1033/5283] 002623.SZ 写入 0 条
2026-06-16 14:13:53,124 [INFO] [1034/5283] 002624.SZ 写入 0 条
2026-06-16 14:13:53,656 [INFO] [1035/5283] 002625.SZ 写入 0 条
2026-06-16 14:13:54,202 [INFO] [1036/5283] 002626.SZ 写入 0 条
2026-06-16 14:13:54,738 [INFO] [1037/5283] 002627.SZ 写入 0 条
2026-06-16 14:13:55,285 [INFO] [1038/5283] 002628.SZ 写入 0 条
2026-06-16 14:13:55,830 [INFO] [1039/5283] 002629.SZ 写入 0 条
2026-06-16 14:13:56,352 [INFO] [1040/5283] 002631.SZ 写入 0 条
2026-06-16 14:13:56,892 [INFO] [1041/5283] 002632.SZ 写入 0 条
2026-06-16 14:13:57,434 [INFO] [1042/5283] 002633.SZ 写入 0 条
2026-06-16 14:13:57,969 [INFO] [1043/5283] 002635.SZ 写入 0 条
2026-06-16 14:13:58,488 [INFO] [1044/5283] 002636.SZ 写入 0 条
2026-06-16 14:13:59,036 [INFO] [1045/5283] 002637.SZ 写入 0 条
2026-06-16 14:13:59,570 [INFO] [1046/5283] 002638.SZ 写入 0 条
2026-06-16 14:14:00,114 [INFO] [1047/5283] 002639.SZ 写入 0 条
2026-06-16 14:14:00,644 [INFO] [1048/5283] 002640.SZ 写入 0 条
2026-06-16 14:14:01,173 [INFO] [1049/5283] 002641.SZ 写入 0 条
2026-06-16 14:14:01,701 [INFO] [1050/5283] 002642.SZ 写入 0 条
2026-06-16 14:14:02,056 [INFO] 进度: 已完成 1050, 失败 0, 跳过 0
2026-06-16 14:14:02,351 [INFO] [1051/5283] 002643.SZ 写入 0 条
2026-06-16 14:14:02,877 [INFO] [1052/5283] 002644.SZ 写入 0 条
2026-06-16 14:14:03,512 [INFO] [1053/5283] 002645.SZ 写入 0 条
2026-06-16 14:14:04,038 [INFO] [1054/5283] 002646.SZ 写入 0 条
2026-06-16 14:14:04,563 [INFO] [1055/5283] 002647.SZ 写入 0 条
2026-06-16 14:14:05,112 [INFO] [1056/5283] 002648.SZ 写入 0 条
2026-06-16 14:14:05,638 [INFO] [1057/5283] 002649.SZ 写入 0 条
2026-06-16 14:14:06,175 [INFO] [1058/5283] 002651.SZ 写入 0 条
2026-06-16 14:14:06,707 [INFO] [1059/5283] 002652.SZ 写入 0 条
2026-06-16 14:14:07,243 [INFO] [1060/5283] 002653.SZ 写入 0 条
2026-06-16 14:14:07,773 [INFO] [1061/5283] 002654.SZ 写入 0 条
2026-06-16 14:14:08,300 [INFO] [1062/5283] 002655.SZ 写入 0 条
2026-06-16 14:14:08,827 [INFO] [1063/5283] 002657.SZ 写入 0 条
2026-06-16 14:14:09,374 [INFO] [1064/5283] 002658.SZ 写入 0 条
2026-06-16 14:14:09,918 [INFO] [1065/5283] 002659.SZ 写入 0 条
2026-06-16 14:14:10,489 [INFO] [1066/5283] 002660.SZ 写入 0 条
2026-06-16 14:14:11,033 [INFO] [1067/5283] 002661.SZ 写入 0 条
2026-06-16 14:14:11,566 [INFO] [1068/5283] 002662.SZ 写入 0 条
2026-06-16 14:14:12,233 [INFO] [1069/5283] 002663.SZ 写入 0 条
2026-06-16 14:14:12,765 [INFO] [1070/5283] 002664.SZ 写入 0 条
2026-06-16 14:14:13,286 [INFO] [1071/5283] 002666.SZ 写入 0 条
2026-06-16 14:14:13,821 [INFO] [1072/5283] 002668.SZ 写入 0 条
2026-06-16 14:14:14,380 [INFO] [1073/5283] 002669.SZ 写入 0 条
2026-06-16 14:14:14,905 [INFO] [1074/5283] 002670.SZ 写入 0 条
2026-06-16 14:14:15,460 [INFO] [1075/5283] 002671.SZ 写入 0 条
2026-06-16 14:14:15,993 [INFO] [1076/5283] 002672.SZ 写入 0 条
2026-06-16 14:14:16,531 [INFO] [1077/5283] 002673.SZ 写入 0 条
2026-06-16 14:14:17,053 [INFO] [1078/5283] 002674.SZ 写入 0 条
2026-06-16 14:14:17,590 [INFO] [1079/5283] 002675.SZ 写入 0 条
2026-06-16 14:14:18,284 [INFO] [1080/5283] 002676.SZ 写入 0 条
2026-06-16 14:14:18,835 [INFO] [1081/5283] 002677.SZ 写入 0 条
2026-06-16 14:14:19,374 [INFO] [1082/5283] 002678.SZ 写入 0 条
2026-06-16 14:14:20,056 [INFO] [1083/5283] 002679.SZ 写入 0 条
2026-06-16 14:14:20,796 [INFO] [1084/5283] 002681.SZ 写入 0 条
2026-06-16 14:14:21,372 [INFO] [1085/5283] 002682.SZ 写入 0 条
2026-06-16 14:14:21,904 [INFO] [1086/5283] 002683.SZ 写入 0 条
2026-06-16 14:14:22,444 [INFO] [1087/5283] 002685.SZ 写入 0 条
2026-06-16 14:14:22,972 [INFO] [1088/5283] 002686.SZ 写入 0 条
2026-06-16 14:14:23,509 [INFO] [1089/5283] 002687.SZ 写入 0 条
2026-06-16 14:14:24,087 [INFO] [1090/5283] 002688.SZ 写入 0 条
2026-06-16 14:14:24,614 [INFO] [1091/5283] 002690.SZ 写入 0 条
2026-06-16 14:14:25,153 [INFO] [1092/5283] 002692.SZ 写入 0 条
2026-06-16 14:14:25,677 [INFO] [1093/5283] 002693.SZ 写入 0 条
2026-06-16 14:14:26,198 [INFO] [1094/5283] 002695.SZ 写入 0 条
2026-06-16 14:14:26,723 [INFO] [1095/5283] 002696.SZ 写入 0 条
2026-06-16 14:14:27,247 [INFO] [1096/5283] 002697.SZ 写入 0 条
2026-06-16 14:14:27,786 [INFO] [1097/5283] 002698.SZ 写入 0 条
2026-06-16 14:14:28,314 [INFO] [1098/5283] 002700.SZ 写入 0 条
2026-06-16 14:14:28,842 [INFO] [1099/5283] 002701.SZ 写入 0 条
2026-06-16 14:14:29,368 [INFO] [1100/5283] 002702.SZ 写入 0 条
2026-06-16 14:14:29,724 [INFO] 进度: 已完成 1100, 失败 0, 跳过 0
2026-06-16 14:14:29,923 [INFO] [1101/5283] 002703.SZ 写入 0 条
2026-06-16 14:14:30,454 [INFO] [1102/5283] 002705.SZ 写入 0 条
2026-06-16 14:14:30,966 [INFO] [1103/5283] 002706.SZ 写入 0 条
2026-06-16 14:14:31,498 [INFO] [1104/5283] 002707.SZ 写入 0 条
2026-06-16 14:14:32,082 [INFO] [1105/5283] 002708.SZ 写入 0 条
2026-06-16 14:14:32,583 [INFO] [1106/5283] 002709.SZ 写入 0 条
2026-06-16 14:14:33,124 [INFO] [1107/5283] 002712.SZ 写入 0 条
2026-06-16 14:14:33,644 [INFO] [1108/5283] 002714.SZ 写入 0 条
2026-06-16 14:14:34,224 [INFO] [1109/5283] 002715.SZ 写入 0 条
2026-06-16 14:14:34,750 [INFO] [1110/5283] 002716.SZ 写入 0 条
2026-06-16 14:14:35,296 [INFO] [1111/5283] 002718.SZ 写入 0 条
2026-06-16 14:14:35,848 [INFO] [1112/5283] 002721.SZ 写入 0 条
2026-06-16 14:14:36,429 [INFO] [1113/5283] 002722.SZ 写入 0 条
2026-06-16 14:14:36,953 [INFO] [1114/5283] 002723.SZ 写入 0 条
2026-06-16 14:14:37,470 [INFO] [1115/5283] 002724.SZ 写入 0 条
2026-06-16 14:14:37,996 [INFO] [1116/5283] 002725.SZ 写入 0 条
2026-06-16 14:14:39,178 [INFO] [1117/5283] 002727.SZ 写入 0 条
2026-06-16 14:14:40,067 [INFO] [1118/5283] 002728.SZ 写入 0 条
2026-06-16 14:14:41,234 [INFO] [1119/5283] 002729.SZ 写入 0 条
2026-06-16 14:14:42,007 [INFO] [1120/5283] 002730.SZ 写入 0 条
2026-06-16 14:14:42,890 [INFO] [1121/5283] 002732.SZ 写入 0 条
2026-06-16 14:14:43,965 [INFO] [1122/5283] 002733.SZ 写入 0 条
2026-06-16 14:14:44,486 [INFO] [1123/5283] 002734.SZ 写入 0 条
2026-06-16 14:14:45,006 [INFO] [1124/5283] 002735.SZ 写入 0 条
2026-06-16 14:14:45,521 [INFO] [1125/5283] 002736.SZ 写入 0 条
2026-06-16 14:14:46,036 [INFO] [1126/5283] 002737.SZ 写入 0 条
2026-06-16 14:14:46,560 [INFO] [1127/5283] 002738.SZ 写入 0 条
2026-06-16 14:14:47,078 [INFO] [1128/5283] 002739.SZ 写入 0 条
2026-06-16 14:14:47,841 [INFO] [1129/5283] 002741.SZ 写入 0 条
2026-06-16 14:14:48,399 [INFO] [1130/5283] 002742.SZ 写入 0 条
2026-06-16 14:14:49,139 [INFO] [1131/5283] 002743.SZ 写入 0 条
2026-06-16 14:14:49,676 [INFO] [1132/5283] 002745.SZ 写入 0 条
2026-06-16 14:14:50,223 [INFO] [1133/5283] 002746.SZ 写入 0 条
2026-06-16 14:14:50,742 [INFO] [1134/5283] 002747.SZ 写入 0 条
2026-06-16 14:14:51,258 [INFO] [1135/5283] 002748.SZ 写入 0 条
2026-06-16 14:14:51,901 [INFO] [1136/5283] 002749.SZ 写入 0 条
2026-06-16 14:14:52,419 [INFO] [1137/5283] 002752.SZ 写入 0 条
2026-06-16 14:14:52,935 [INFO] [1138/5283] 002753.SZ 写入 0 条
2026-06-16 14:14:53,455 [INFO] [1139/5283] 002755.SZ 写入 0 条
2026-06-16 14:14:54,012 [INFO] [1140/5283] 002756.SZ 写入 0 条
2026-06-16 14:14:54,530 [INFO] [1141/5283] 002757.SZ 写入 0 条
2026-06-16 14:14:55,044 [INFO] [1142/5283] 002758.SZ 写入 0 条
2026-06-16 14:14:55,566 [INFO] [1143/5283] 002759.SZ 写入 0 条
2026-06-16 14:14:56,191 [INFO] [1144/5283] 002760.SZ 写入 0 条
2026-06-16 14:14:56,703 [INFO] [1145/5283] 002761.SZ 写入 0 条
2026-06-16 14:14:57,212 [INFO] [1146/5283] 002763.SZ 写入 0 条
2026-06-16 14:14:57,729 [INFO] [1147/5283] 002765.SZ 写入 0 条
2026-06-16 14:14:58,280 [INFO] [1148/5283] 002766.SZ 写入 0 条
2026-06-16 14:14:58,877 [INFO] [1149/5283] 002767.SZ 写入 0 条
2026-06-16 14:14:59,394 [INFO] [1150/5283] 002768.SZ 写入 0 条
2026-06-16 14:14:59,749 [INFO] 进度: 已完成 1150, 失败 0, 跳过 0
2026-06-16 14:14:59,909 [INFO] [1151/5283] 002769.SZ 写入 0 条
2026-06-16 14:15:00,430 [INFO] [1152/5283] 002771.SZ 写入 0 条
2026-06-16 14:15:00,978 [INFO] [1153/5283] 002772.SZ 写入 0 条
2026-06-16 14:15:01,499 [INFO] [1154/5283] 002773.SZ 写入 0 条
2026-06-16 14:15:02,043 [INFO] [1155/5283] 002774.SZ 写入 0 条
2026-06-16 14:15:02,582 [INFO] [1156/5283] 002775.SZ 写入 0 条
2026-06-16 14:15:03,124 [INFO] [1157/5283] 002777.SZ 写入 0 条
2026-06-16 14:15:03,658 [INFO] [1158/5283] 002778.SZ 写入 0 条
2026-06-16 14:15:04,180 [INFO] [1159/5283] 002779.SZ 写入 0 条
2026-06-16 14:15:04,687 [INFO] [1160/5283] 002780.SZ 写入 0 条
2026-06-16 14:15:05,219 [INFO] [1161/5283] 002782.SZ 写入 0 条
2026-06-16 14:15:05,753 [INFO] [1162/5283] 002783.SZ 写入 0 条
2026-06-16 14:15:06,279 [INFO] [1163/5283] 002785.SZ 写入 0 条
2026-06-16 14:15:06,794 [INFO] [1164/5283] 002786.SZ 写入 0 条
2026-06-16 14:15:07,314 [INFO] [1165/5283] 002787.SZ 写入 0 条
2026-06-16 14:15:07,829 [INFO] [1166/5283] 002788.SZ 写入 0 条
2026-06-16 14:15:08,364 [INFO] [1167/5283] 002790.SZ 写入 0 条
2026-06-16 14:15:08,870 [INFO] [1168/5283] 002791.SZ 写入 0 条
2026-06-16 14:15:09,399 [INFO] [1169/5283] 002792.SZ 写入 0 条
2026-06-16 14:15:09,995 [INFO] [1170/5283] 002793.SZ 写入 0 条
2026-06-16 14:15:10,507 [INFO] [1171/5283] 002795.SZ 写入 0 条
2026-06-16 14:15:11,022 [INFO] [1172/5283] 002796.SZ 写入 0 条
2026-06-16 14:15:11,825 [INFO] [1173/5283] 002797.SZ 写入 0 条
2026-06-16 14:15:12,337 [INFO] [1174/5283] 002798.SZ 写入 0 条
2026-06-16 14:15:12,852 [INFO] [1175/5283] 002799.SZ 写入 0 条
2026-06-16 14:15:13,363 [INFO] [1176/5283] 002800.SZ 写入 0 条
2026-06-16 14:15:13,859 [INFO] [1177/5283] 002801.SZ 写入 0 条
2026-06-16 14:15:14,444 [INFO] [1178/5283] 002802.SZ 写入 0 条
2026-06-16 14:15:14,959 [INFO] [1179/5283] 002803.SZ 写入 0 条
2026-06-16 14:15:15,486 [INFO] [1180/5283] 002805.SZ 写入 0 条
2026-06-16 14:15:16,006 [INFO] [1181/5283] 002806.SZ 写入 0 条
2026-06-16 14:15:16,533 [INFO] [1182/5283] 002807.SZ 写入 0 条
2026-06-16 14:15:17,052 [INFO] [1183/5283] 002809.SZ 写入 0 条
2026-06-16 14:15:17,565 [INFO] [1184/5283] 002810.SZ 写入 0 条
2026-06-16 14:15:18,078 [INFO] [1185/5283] 002811.SZ 写入 0 条
2026-06-16 14:15:18,588 [INFO] [1186/5283] 002812.SZ 写入 0 条
2026-06-16 14:15:19,140 [INFO] [1187/5283] 002813.SZ 写入 0 条
2026-06-16 14:15:19,794 [INFO] [1188/5283] 002815.SZ 写入 0 条
2026-06-16 14:15:20,319 [INFO] [1189/5283] 002817.SZ 写入 0 条
2026-06-16 14:15:20,843 [INFO] [1190/5283] 002818.SZ 写入 0 条
2026-06-16 14:15:21,357 [INFO] [1191/5283] 002819.SZ 写入 0 条
2026-06-16 14:15:21,896 [INFO] [1192/5283] 002820.SZ 写入 0 条
2026-06-16 14:15:22,428 [INFO] [1193/5283] 002821.SZ 写入 0 条
2026-06-16 14:15:23,026 [INFO] [1194/5283] 002823.SZ 写入 0 条
2026-06-16 14:15:23,537 [INFO] [1195/5283] 002824.SZ 写入 0 条
2026-06-16 14:15:24,071 [INFO] [1196/5283] 002825.SZ 写入 0 条
2026-06-16 14:15:24,590 [INFO] [1197/5283] 002826.SZ 写入 0 条
2026-06-16 14:15:25,113 [INFO] [1198/5283] 002827.SZ 写入 0 条
2026-06-16 14:15:25,626 [INFO] [1199/5283] 002828.SZ 写入 0 条
2026-06-16 14:15:26,138 [INFO] [1200/5283] 002829.SZ 写入 0 条
2026-06-16 14:15:26,492 [INFO] 进度: 已完成 1200, 失败 0, 跳过 0
2026-06-16 14:15:26,660 [INFO] [1201/5283] 002830.SZ 写入 0 条
2026-06-16 14:15:27,210 [INFO] [1202/5283] 002831.SZ 写入 0 条
2026-06-16 14:15:27,728 [INFO] [1203/5283] 002832.SZ 写入 0 条
2026-06-16 14:15:28,246 [INFO] [1204/5283] 002833.SZ 写入 0 条
2026-06-16 14:15:28,774 [INFO] [1205/5283] 002835.SZ 写入 0 条
2026-06-16 14:15:29,335 [INFO] [1206/5283] 002836.SZ 写入 0 条
2026-06-16 14:15:29,882 [INFO] [1207/5283] 002837.SZ 写入 0 条
2026-06-16 14:15:30,411 [INFO] [1208/5283] 002838.SZ 写入 0 条
2026-06-16 14:15:30,973 [INFO] [1209/5283] 002839.SZ 写入 0 条
2026-06-16 14:15:31,477 [INFO] [1210/5283] 002840.SZ 写入 0 条
2026-06-16 14:15:32,007 [INFO] [1211/5283] 002841.SZ 写入 0 条
2026-06-16 14:15:32,525 [INFO] [1212/5283] 002842.SZ 写入 0 条
2026-06-16 14:15:33,044 [INFO] [1213/5283] 002843.SZ 写入 0 条
2026-06-16 14:15:33,550 [INFO] [1214/5283] 002845.SZ 写入 0 条
2026-06-16 14:15:34,192 [INFO] [1215/5283] 002846.SZ 写入 0 条
2026-06-16 14:15:34,707 [INFO] [1216/5283] 002847.SZ 写入 0 条
2026-06-16 14:15:35,223 [INFO] [1217/5283] 002848.SZ 写入 0 条
2026-06-16 14:15:35,746 [INFO] [1218/5283] 002849.SZ 写入 0 条
2026-06-16 14:15:36,254 [INFO] [1219/5283] 002850.SZ 写入 0 条
2026-06-16 14:15:36,764 [INFO] [1220/5283] 002851.SZ 写入 0 条
2026-06-16 14:15:37,284 [INFO] [1221/5283] 002852.SZ 写入 0 条
2026-06-16 14:15:37,801 [INFO] [1222/5283] 002853.SZ 写入 0 条
2026-06-16 14:15:38,317 [INFO] [1223/5283] 002855.SZ 写入 0 条
2026-06-16 14:15:38,857 [INFO] [1224/5283] 002857.SZ 写入 0 条
2026-06-16 14:15:39,724 [INFO] [1225/5283] 002858.SZ 写入 0 条
2026-06-16 14:15:40,362 [INFO] [1226/5283] 002859.SZ 写入 0 条
2026-06-16 14:15:41,082 [INFO] [1227/5283] 002860.SZ 写入 0 条
2026-06-16 14:15:41,629 [INFO] [1228/5283] 002861.SZ 写入 0 条
2026-06-16 14:15:42,136 [INFO] [1229/5283] 002862.SZ 写入 0 条
2026-06-16 14:15:42,679 [INFO] [1230/5283] 002863.SZ 写入 0 条
2026-06-16 14:15:43,239 [INFO] [1231/5283] 002864.SZ 写入 0 条
2026-06-16 14:15:43,748 [INFO] [1232/5283] 002865.SZ 写入 0 条
2026-06-16 14:15:44,287 [INFO] [1233/5283] 002866.SZ 写入 0 条
2026-06-16 14:15:44,804 [INFO] [1234/5283] 002867.SZ 写入 0 条
2026-06-16 14:15:45,305 [INFO] [1235/5283] 002868.SZ 写入 0 条
2026-06-16 14:15:45,820 [INFO] [1236/5283] 002869.SZ 写入 0 条
2026-06-16 14:15:46,337 [INFO] [1237/5283] 002870.SZ 写入 0 条
2026-06-16 14:15:46,847 [INFO] [1238/5283] 002871.SZ 写入 0 条
2026-06-16 14:15:47,388 [INFO] [1239/5283] 002873.SZ 写入 0 条
2026-06-16 14:15:47,941 [INFO] [1240/5283] 002875.SZ 写入 0 条
2026-06-16 14:15:48,505 [INFO] [1241/5283] 002876.SZ 写入 0 条
2026-06-16 14:15:49,300 [INFO] [1242/5283] 002877.SZ 写入 0 条
2026-06-16 14:15:49,925 [INFO] [1243/5283] 002878.SZ 写入 0 条
2026-06-16 14:15:50,666 [INFO] [1244/5283] 002879.SZ 写入 0 条
2026-06-16 14:15:51,189 [INFO] [1245/5283] 002880.SZ 写入 0 条
2026-06-16 14:15:51,719 [INFO] [1246/5283] 002881.SZ 写入 0 条
2026-06-16 14:15:52,232 [INFO] [1247/5283] 002882.SZ 写入 0 条
2026-06-16 14:15:52,742 [INFO] [1248/5283] 002884.SZ 写入 0 条
2026-06-16 14:15:53,257 [INFO] [1249/5283] 002885.SZ 写入 0 条
2026-06-16 14:15:53,768 [INFO] [1250/5283] 002886.SZ 写入 0 条
2026-06-16 14:15:54,144 [INFO] 进度: 已完成 1250, 失败 0, 跳过 0
2026-06-16 14:15:54,310 [INFO] [1251/5283] 002887.SZ 写入 0 条
2026-06-16 14:15:54,822 [INFO] [1252/5283] 002888.SZ 写入 0 条
2026-06-16 14:15:55,387 [INFO] [1253/5283] 002889.SZ 写入 0 条
2026-06-16 14:15:55,901 [INFO] [1254/5283] 002890.SZ 写入 0 条
2026-06-16 14:15:56,408 [INFO] [1255/5283] 002891.SZ 写入 0 条
2026-06-16 14:15:56,911 [INFO] [1256/5283] 002892.SZ 写入 0 条
2026-06-16 14:15:57,425 [INFO] [1257/5283] 002893.SZ 写入 0 条
2026-06-16 14:15:57,948 [INFO] [1258/5283] 002895.SZ 写入 0 条
2026-06-16 14:15:58,490 [INFO] [1259/5283] 002896.SZ 写入 0 条
2026-06-16 14:15:58,995 [INFO] [1260/5283] 002897.SZ 写入 0 条
2026-06-16 14:15:59,504 [INFO] [1261/5283] 002899.SZ 写入 0 条
2026-06-16 14:16:00,024 [INFO] [1262/5283] 002900.SZ 写入 0 条
2026-06-16 14:16:00,538 [INFO] [1263/5283] 002901.SZ 写入 0 条
2026-06-16 14:16:01,042 [INFO] [1264/5283] 002902.SZ 写入 0 条
2026-06-16 14:16:01,549 [INFO] [1265/5283] 002903.SZ 写入 0 条
2026-06-16 14:16:02,061 [INFO] [1266/5283] 002905.SZ 写入 0 条
2026-06-16 14:16:02,560 [INFO] [1267/5283] 002906.SZ 写入 0 条
2026-06-16 14:16:03,062 [INFO] [1268/5283] 002907.SZ 写入 0 条
2026-06-16 14:16:03,573 [INFO] [1269/5283] 002908.SZ 写入 0 条
2026-06-16 14:16:04,155 [INFO] [1270/5283] 002909.SZ 写入 0 条
2026-06-16 14:16:04,651 [INFO] [1271/5283] 002910.SZ 写入 0 条
2026-06-16 14:16:05,177 [INFO] [1272/5283] 002911.SZ 写入 0 条
2026-06-16 14:16:05,685 [INFO] [1273/5283] 002912.SZ 写入 0 条
2026-06-16 14:16:06,237 [INFO] [1274/5283] 002913.SZ 写入 0 条
2026-06-16 14:16:06,740 [INFO] [1275/5283] 002915.SZ 写入 0 条
2026-06-16 14:16:07,264 [INFO] [1276/5283] 002916.SZ 写入 0 条
2026-06-16 14:16:07,787 [INFO] [1277/5283] 002917.SZ 写入 0 条
2026-06-16 14:16:08,296 [INFO] [1278/5283] 002918.SZ 写入 0 条
2026-06-16 14:16:08,818 [INFO] [1279/5283] 002919.SZ 写入 0 条
2026-06-16 14:16:09,364 [INFO] [1280/5283] 002920.SZ 写入 0 条
2026-06-16 14:16:09,884 [INFO] [1281/5283] 002921.SZ 写入 0 条
2026-06-16 14:16:10,477 [INFO] [1282/5283] 002922.SZ 写入 0 条
2026-06-16 14:16:10,990 [INFO] [1283/5283] 002923.SZ 写入 0 条
2026-06-16 14:16:11,507 [INFO] [1284/5283] 002925.SZ 写入 0 条
2026-06-16 14:16:12,039 [INFO] [1285/5283] 002926.SZ 写入 0 条
2026-06-16 14:16:12,537 [INFO] [1286/5283] 002927.SZ 写入 0 条
2026-06-16 14:16:13,061 [INFO] [1287/5283] 002928.SZ 写入 0 条
2026-06-16 14:16:13,574 [INFO] [1288/5283] 002929.SZ 写入 0 条
2026-06-16 14:16:14,080 [INFO] [1289/5283] 002930.SZ 写入 0 条
2026-06-16 14:16:14,584 [INFO] [1290/5283] 002931.SZ 写入 0 条
2026-06-16 14:16:15,085 [INFO] [1291/5283] 002933.SZ 写入 0 条
2026-06-16 14:16:15,594 [INFO] [1292/5283] 002935.SZ 写入 0 条
2026-06-16 14:16:16,118 [INFO] [1293/5283] 002936.SZ 写入 0 条
2026-06-16 14:16:16,614 [INFO] [1294/5283] 002937.SZ 写入 0 条
2026-06-16 14:16:17,102 [INFO] [1295/5283] 002938.SZ 写入 0 条
2026-06-16 14:16:17,628 [INFO] [1296/5283] 002939.SZ 写入 0 条
2026-06-16 14:16:18,133 [INFO] [1297/5283] 002940.SZ 写入 0 条
2026-06-16 14:16:18,690 [INFO] [1298/5283] 002941.SZ 写入 0 条
2026-06-16 14:16:19,203 [INFO] [1299/5283] 002942.SZ 写入 0 条
2026-06-16 14:16:19,707 [INFO] [1300/5283] 002943.SZ 写入 0 条
2026-06-16 14:16:20,063 [INFO] 进度: 已完成 1300, 失败 0, 跳过 0
2026-06-16 14:16:20,245 [INFO] [1301/5283] 002945.SZ 写入 0 条
2026-06-16 14:16:20,749 [INFO] [1302/5283] 002946.SZ 写入 0 条
2026-06-16 14:16:21,273 [INFO] [1303/5283] 002947.SZ 写入 0 条
2026-06-16 14:16:21,809 [INFO] [1304/5283] 002948.SZ 写入 0 条
2026-06-16 14:16:22,322 [INFO] [1305/5283] 002949.SZ 写入 0 条
2026-06-16 14:16:22,920 [INFO] [1306/5283] 002950.SZ 写入 0 条
2026-06-16 14:16:23,424 [INFO] [1307/5283] 002951.SZ 写入 0 条
2026-06-16 14:16:23,974 [INFO] [1308/5283] 002952.SZ 写入 0 条
2026-06-16 14:16:24,490 [INFO] [1309/5283] 002953.SZ 写入 0 条
2026-06-16 14:16:24,985 [INFO] [1310/5283] 002955.SZ 写入 0 条
2026-06-16 14:16:25,498 [INFO] [1311/5283] 002956.SZ 写入 0 条
2026-06-16 14:16:26,004 [INFO] [1312/5283] 002957.SZ 写入 0 条
2026-06-16 14:16:26,603 [INFO] [1313/5283] 002958.SZ 写入 0 条
2026-06-16 14:16:27,104 [INFO] [1314/5283] 002959.SZ 写入 0 条
2026-06-16 14:16:27,764 [INFO] [1315/5283] 002960.SZ 写入 0 条
2026-06-16 14:16:28,271 [INFO] [1316/5283] 002961.SZ 写入 0 条
2026-06-16 14:16:28,759 [INFO] [1317/5283] 002962.SZ 写入 0 条
2026-06-16 14:16:29,260 [INFO] [1318/5283] 002963.SZ 写入 0 条
2026-06-16 14:16:29,763 [INFO] [1319/5283] 002965.SZ 写入 0 条
2026-06-16 14:16:30,294 [INFO] [1320/5283] 002966.SZ 写入 0 条
2026-06-16 14:16:30,810 [INFO] [1321/5283] 002967.SZ 写入 0 条
2026-06-16 14:16:31,307 [INFO] [1322/5283] 002968.SZ 写入 0 条
2026-06-16 14:16:31,816 [INFO] [1323/5283] 002969.SZ 写入 0 条
2026-06-16 14:16:32,341 [INFO] [1324/5283] 002970.SZ 写入 0 条
2026-06-16 14:16:32,851 [INFO] [1325/5283] 002971.SZ 写入 0 条
2026-06-16 14:16:33,421 [INFO] [1326/5283] 002972.SZ 写入 0 条
2026-06-16 14:16:33,920 [INFO] [1327/5283] 002973.SZ 写入 0 条
2026-06-16 14:16:34,428 [INFO] [1328/5283] 002975.SZ 写入 0 条
2026-06-16 14:16:35,021 [INFO] [1329/5283] 002976.SZ 写入 0 条
2026-06-16 14:16:35,530 [INFO] [1330/5283] 002978.SZ 写入 0 条
2026-06-16 14:16:36,042 [INFO] [1331/5283] 002979.SZ 写入 0 条
2026-06-16 14:16:36,541 [INFO] [1332/5283] 002980.SZ 写入 0 条
2026-06-16 14:16:37,054 [INFO] [1333/5283] 002981.SZ 写入 0 条
2026-06-16 14:16:37,568 [INFO] [1334/5283] 002982.SZ 写入 0 条
2026-06-16 14:16:38,082 [INFO] [1335/5283] 002983.SZ 写入 0 条
2026-06-16 14:16:38,581 [INFO] [1336/5283] 002984.SZ 写入 0 条
2026-06-16 14:16:39,115 [INFO] [1337/5283] 002985.SZ 写入 0 条
2026-06-16 14:16:39,622 [INFO] [1338/5283] 002986.SZ 写入 0 条
2026-06-16 14:16:40,126 [INFO] [1339/5283] 002987.SZ 写入 0 条
2026-06-16 14:16:40,630 [INFO] [1340/5283] 002988.SZ 写入 0 条
2026-06-16 14:16:41,141 [INFO] [1341/5283] 002989.SZ 写入 0 条
2026-06-16 14:16:41,633 [INFO] [1342/5283] 002990.SZ 写入 0 条
2026-06-16 14:16:42,122 [INFO] [1343/5283] 002991.SZ 写入 0 条
2026-06-16 14:16:42,674 [INFO] [1344/5283] 002992.SZ 写入 0 条
2026-06-16 14:16:43,172 [INFO] [1345/5283] 002993.SZ 写入 0 条
2026-06-16 14:16:43,672 [INFO] [1346/5283] 002995.SZ 写入 0 条
2026-06-16 14:16:44,187 [INFO] [1347/5283] 002996.SZ 写入 0 条
2026-06-16 14:16:44,936 [INFO] [1348/5283] 002997.SZ 写入 0 条
2026-06-16 14:16:45,430 [INFO] [1349/5283] 002998.SZ 写入 0 条
2026-06-16 14:16:45,948 [INFO] [1350/5283] 002999.SZ 写入 0 条
2026-06-16 14:16:46,304 [INFO] 进度: 已完成 1350, 失败 0, 跳过 0
2026-06-16 14:16:46,466 [INFO] [1351/5283] 003000.SZ 写入 0 条
2026-06-16 14:16:46,961 [INFO] [1352/5283] 003001.SZ 写入 0 条
2026-06-16 14:16:47,470 [INFO] [1353/5283] 003002.SZ 写入 0 条
2026-06-16 14:16:47,981 [INFO] [1354/5283] 003003.SZ 写入 0 条
2026-06-16 14:16:48,496 [INFO] [1355/5283] 003004.SZ 写入 0 条
2026-06-16 14:16:49,029 [INFO] [1356/5283] 003005.SZ 写入 0 条
2026-06-16 14:16:49,558 [INFO] [1357/5283] 003006.SZ 写入 0 条
2026-06-16 14:16:50,105 [INFO] [1358/5283] 003007.SZ 写入 0 条
2026-06-16 14:16:50,600 [INFO] [1359/5283] 003008.SZ 写入 0 条
2026-06-16 14:16:51,114 [INFO] [1360/5283] 003009.SZ 写入 0 条
2026-06-16 14:16:51,628 [INFO] [1361/5283] 003010.SZ 写入 0 条
2026-06-16 14:16:52,143 [INFO] [1362/5283] 003011.SZ 写入 0 条
2026-06-16 14:16:52,634 [INFO] [1363/5283] 003012.SZ 写入 0 条
2026-06-16 14:16:53,264 [INFO] [1364/5283] 003013.SZ 写入 0 条
2026-06-16 14:16:53,769 [INFO] [1365/5283] 003015.SZ 写入 0 条
2026-06-16 14:16:54,271 [INFO] [1366/5283] 003016.SZ 写入 0 条
2026-06-16 14:16:54,777 [INFO] [1367/5283] 003017.SZ 写入 0 条
2026-06-16 14:16:55,258 [INFO] [1368/5283] 003018.SZ 写入 0 条
2026-06-16 14:16:55,749 [INFO] [1369/5283] 003019.SZ 写入 0 条
2026-06-16 14:16:56,251 [INFO] [1370/5283] 003020.SZ 写入 0 条
2026-06-16 14:16:56,731 [INFO] [1371/5283] 003021.SZ 写入 0 条
2026-06-16 14:16:57,226 [INFO] [1372/5283] 003022.SZ 写入 0 条
2026-06-16 14:16:57,708 [INFO] [1373/5283] 003023.SZ 写入 0 条
2026-06-16 14:16:58,194 [INFO] [1374/5283] 003025.SZ 写入 0 条
2026-06-16 14:16:58,696 [INFO] [1375/5283] 003026.SZ 写入 0 条
2026-06-16 14:16:59,187 [INFO] [1376/5283] 003027.SZ 写入 0 条
2026-06-16 14:16:59,680 [INFO] [1377/5283] 003028.SZ 写入 0 条
2026-06-16 14:17:00,162 [INFO] [1378/5283] 003029.SZ 写入 0 条
2026-06-16 14:17:00,660 [INFO] [1379/5283] 003030.SZ 写入 0 条
2026-06-16 14:17:01,153 [INFO] [1380/5283] 003031.SZ 写入 0 条
2026-06-16 14:17:01,672 [INFO] [1381/5283] 003032.SZ 写入 0 条
2026-06-16 14:17:02,156 [INFO] [1382/5283] 003033.SZ 写入 0 条
2026-06-16 14:17:02,663 [INFO] [1383/5283] 003035.SZ 写入 0 条
2026-06-16 14:17:03,175 [INFO] [1384/5283] 003036.SZ 写入 0 条
2026-06-16 14:17:03,679 [INFO] [1385/5283] 003037.SZ 写入 0 条
2026-06-16 14:17:04,165 [INFO] [1386/5283] 003038.SZ 写入 0 条
2026-06-16 14:17:04,711 [INFO] [1387/5283] 003039.SZ 写入 0 条
2026-06-16 14:17:05,224 [INFO] [1388/5283] 003040.SZ 写入 0 条
2026-06-16 14:17:05,710 [INFO] [1389/5283] 003041.SZ 写入 0 条
2026-06-16 14:17:06,364 [INFO] [1390/5283] 003042.SZ 写入 0 条
2026-06-16 14:17:06,858 [INFO] [1391/5283] 003043.SZ 写入 0 条
2026-06-16 14:17:07,529 [INFO] [1392/5283] 003816.SZ 写入 0 条
2026-06-16 14:17:08,065 [INFO] [1393/5283] 300001.SZ 写入 0 条
2026-06-16 14:17:08,585 [INFO] [1394/5283] 300002.SZ 写入 0 条
2026-06-16 14:17:09,132 [INFO] [1395/5283] 300003.SZ 写入 0 条
2026-06-16 14:17:09,648 [INFO] [1396/5283] 300004.SZ 写入 0 条
2026-06-16 14:17:10,216 [INFO] [1397/5283] 300005.SZ 写入 0 条
2026-06-16 14:17:10,743 [INFO] [1398/5283] 300006.SZ 写入 0 条
2026-06-16 14:17:11,268 [INFO] [1399/5283] 300007.SZ 写入 0 条
2026-06-16 14:17:11,801 [INFO] [1400/5283] 300008.SZ 写入 0 条
2026-06-16 14:17:12,158 [INFO] 进度: 已完成 1400, 失败 0, 跳过 0
2026-06-16 14:17:12,337 [INFO] [1401/5283] 300009.SZ 写入 0 条
2026-06-16 14:17:12,861 [INFO] [1402/5283] 300011.SZ 写入 0 条
2026-06-16 14:17:13,381 [INFO] [1403/5283] 300012.SZ 写入 0 条
2026-06-16 14:17:13,908 [INFO] [1404/5283] 300013.SZ 写入 0 条
2026-06-16 14:17:14,500 [INFO] [1405/5283] 300014.SZ 写入 0 条
2026-06-16 14:17:15,031 [INFO] [1406/5283] 300015.SZ 写入 0 条
2026-06-16 14:17:15,557 [INFO] [1407/5283] 300016.SZ 写入 0 条
2026-06-16 14:17:16,083 [INFO] [1408/5283] 300017.SZ 写入 0 条
2026-06-16 14:17:16,655 [INFO] [1409/5283] 300018.SZ 写入 0 条
2026-06-16 14:17:17,174 [INFO] [1410/5283] 300019.SZ 写入 0 条
2026-06-16 14:17:17,723 [INFO] [1411/5283] 300021.SZ 写入 0 条
2026-06-16 14:17:18,231 [INFO] [1412/5283] 300022.SZ 写入 0 条
2026-06-16 14:17:18,803 [INFO] [1413/5283] 300024.SZ 写入 0 条
2026-06-16 14:17:19,331 [INFO] [1414/5283] 300025.SZ 写入 0 条
2026-06-16 14:17:19,848 [INFO] [1415/5283] 300026.SZ 写入 0 条
2026-06-16 14:17:20,407 [INFO] [1416/5283] 300030.SZ 写入 0 条
2026-06-16 14:17:20,936 [INFO] [1417/5283] 300031.SZ 写入 0 条
2026-06-16 14:17:21,464 [INFO] [1418/5283] 300032.SZ 写入 0 条
2026-06-16 14:17:21,996 [INFO] [1419/5283] 300033.SZ 写入 0 条
2026-06-16 14:17:22,517 [INFO] [1420/5283] 300034.SZ 写入 0 条
2026-06-16 14:17:23,057 [INFO] [1421/5283] 300035.SZ 写入 0 条
2026-06-16 14:17:23,696 [INFO] [1422/5283] 300036.SZ 写入 0 条
2026-06-16 14:17:24,227 [INFO] [1423/5283] 300037.SZ 写入 0 条
2026-06-16 14:17:24,751 [INFO] [1424/5283] 300039.SZ 写入 0 条
2026-06-16 14:17:25,271 [INFO] [1425/5283] 300040.SZ 写入 0 条
2026-06-16 14:17:25,807 [INFO] [1426/5283] 300041.SZ 写入 0 条
2026-06-16 14:17:26,355 [INFO] [1427/5283] 300042.SZ 写入 0 条
2026-06-16 14:17:26,912 [INFO] [1428/5283] 300043.SZ 写入 0 条
2026-06-16 14:17:27,545 [INFO] [1429/5283] 300045.SZ 写入 0 条
2026-06-16 14:17:28,084 [INFO] [1430/5283] 300046.SZ 写入 0 条
2026-06-16 14:17:28,610 [INFO] [1431/5283] 300047.SZ 写入 0 条
2026-06-16 14:17:29,155 [INFO] [1432/5283] 300048.SZ 写入 0 条
2026-06-16 14:17:29,877 [INFO] [1433/5283] 300049.SZ 写入 0 条
2026-06-16 14:17:30,449 [INFO] [1434/5283] 300050.SZ 写入 0 条
2026-06-16 14:17:30,973 [INFO] [1435/5283] 300051.SZ 写入 0 条
2026-06-16 14:17:31,515 [INFO] [1436/5283] 300052.SZ 写入 0 条
2026-06-16 14:17:32,047 [INFO] [1437/5283] 300053.SZ 写入 0 条
2026-06-16 14:17:32,567 [INFO] [1438/5283] 300054.SZ 写入 0 条
2026-06-16 14:17:33,085 [INFO] [1439/5283] 300055.SZ 写入 0 条
2026-06-16 14:17:33,661 [INFO] [1440/5283] 300056.SZ 写入 0 条
2026-06-16 14:17:34,252 [INFO] [1441/5283] 300057.SZ 写入 0 条
2026-06-16 14:17:34,782 [INFO] [1442/5283] 300058.SZ 写入 0 条
2026-06-16 14:17:35,310 [INFO] [1443/5283] 300059.SZ 写入 0 条
2026-06-16 14:17:35,849 [INFO] [1444/5283] 300061.SZ 写入 0 条
2026-06-16 14:17:36,426 [INFO] [1445/5283] 300062.SZ 写入 0 条
2026-06-16 14:17:36,955 [INFO] [1446/5283] 300063.SZ 写入 0 条
2026-06-16 14:17:37,489 [INFO] [1447/5283] 300065.SZ 写入 0 条
2026-06-16 14:17:38,019 [INFO] [1448/5283] 300066.SZ 写入 0 条
2026-06-16 14:17:38,551 [INFO] [1449/5283] 300067.SZ 写入 0 条
2026-06-16 14:17:39,113 [INFO] [1450/5283] 300069.SZ 写入 0 条
2026-06-16 14:17:39,471 [INFO] 进度: 已完成 1450, 失败 0, 跳过 0
2026-06-16 14:17:39,665 [INFO] [1451/5283] 300070.SZ 写入 0 条
2026-06-16 14:17:40,192 [INFO] [1452/5283] 300071.SZ 写入 0 条
2026-06-16 14:17:40,723 [INFO] [1453/5283] 300072.SZ 写入 0 条
2026-06-16 14:17:41,273 [INFO] [1454/5283] 300073.SZ 写入 0 条
2026-06-16 14:17:41,850 [INFO] [1455/5283] 300074.SZ 写入 0 条
2026-06-16 14:17:42,380 [INFO] [1456/5283] 300075.SZ 写入 0 条
2026-06-16 14:17:42,916 [INFO] [1457/5283] 300077.SZ 写入 0 条
2026-06-16 14:17:43,513 [INFO] [1458/5283] 300078.SZ 写入 0 条
2026-06-16 14:17:44,044 [INFO] [1459/5283] 300079.SZ 写入 0 条
2026-06-16 14:17:44,575 [INFO] [1460/5283] 300080.SZ 写入 0 条
2026-06-16 14:17:45,114 [INFO] [1461/5283] 300082.SZ 写入 0 条
2026-06-16 14:17:45,642 [INFO] [1462/5283] 300083.SZ 写入 0 条
2026-06-16 14:17:46,180 [INFO] [1463/5283] 300084.SZ 写入 0 条
2026-06-16 14:17:46,725 [INFO] [1464/5283] 300085.SZ 写入 0 条
2026-06-16 14:17:47,258 [INFO] [1465/5283] 300086.SZ 写入 0 条
2026-06-16 14:17:47,782 [INFO] [1466/5283] 300087.SZ 写入 0 条
2026-06-16 14:17:48,323 [INFO] [1467/5283] 300088.SZ 写入 0 条
2026-06-16 14:17:49,096 [INFO] [1468/5283] 300092.SZ 写入 0 条
2026-06-16 14:17:49,641 [INFO] [1469/5283] 300094.SZ 写入 0 条
2026-06-16 14:17:50,180 [INFO] [1470/5283] 300095.SZ 写入 0 条
2026-06-16 14:17:50,696 [INFO] [1471/5283] 300097.SZ 写入 0 条
2026-06-16 14:17:51,219 [INFO] [1472/5283] 300098.SZ 写入 0 条
2026-06-16 14:17:51,789 [INFO] [1473/5283] 300099.SZ 写入 0 条
2026-06-16 14:17:52,317 [INFO] [1474/5283] 300100.SZ 写入 0 条
2026-06-16 14:17:52,844 [INFO] [1475/5283] 300101.SZ 写入 0 条
2026-06-16 14:17:53,445 [INFO] [1476/5283] 300102.SZ 写入 0 条
2026-06-16 14:17:53,999 [INFO] [1477/5283] 300103.SZ 写入 0 条
2026-06-16 14:17:54,520 [INFO] [1478/5283] 300105.SZ 写入 0 条
2026-06-16 14:17:55,038 [INFO] [1479/5283] 300106.SZ 写入 0 条
2026-06-16 14:17:55,564 [INFO] [1480/5283] 300107.SZ 写入 0 条
2026-06-16 14:17:56,083 [INFO] [1481/5283] 300109.SZ 写入 0 条
2026-06-16 14:17:56,629 [INFO] [1482/5283] 300110.SZ 写入 0 条
2026-06-16 14:17:57,159 [INFO] [1483/5283] 300111.SZ 写入 0 条
2026-06-16 14:17:57,689 [INFO] [1484/5283] 300112.SZ 写入 0 条
2026-06-16 14:17:58,208 [INFO] [1485/5283] 300113.SZ 写入 0 条
2026-06-16 14:17:58,744 [INFO] [1486/5283] 300115.SZ 写入 0 条
2026-06-16 14:17:59,269 [INFO] [1487/5283] 300118.SZ 写入 0 条
2026-06-16 14:17:59,796 [INFO] [1488/5283] 300119.SZ 写入 0 条
2026-06-16 14:18:00,324 [INFO] [1489/5283] 300120.SZ 写入 0 条
2026-06-16 14:18:00,851 [INFO] [1490/5283] 300121.SZ 写入 0 条
2026-06-16 14:18:01,369 [INFO] [1491/5283] 300122.SZ 写入 0 条
2026-06-16 14:18:01,899 [INFO] [1492/5283] 300124.SZ 写入 0 条
2026-06-16 14:18:02,429 [INFO] [1493/5283] 300126.SZ 写入 0 条
2026-06-16 14:18:02,948 [INFO] [1494/5283] 300127.SZ 写入 0 条
2026-06-16 14:18:03,473 [INFO] [1495/5283] 300128.SZ 写入 0 条
2026-06-16 14:18:04,003 [INFO] [1496/5283] 300129.SZ 写入 0 条
2026-06-16 14:18:04,543 [INFO] [1497/5283] 300130.SZ 写入 0 条
2026-06-16 14:18:05,148 [INFO] [1498/5283] 300131.SZ 写入 0 条
2026-06-16 14:18:05,675 [INFO] [1499/5283] 300132.SZ 写入 0 条
2026-06-16 14:18:06,220 [INFO] [1500/5283] 300133.SZ 写入 0 条
2026-06-16 14:18:06,578 [INFO] 进度: 已完成 1500, 失败 0, 跳过 0
2026-06-16 14:18:06,756 [INFO] [1501/5283] 300134.SZ 写入 0 条
2026-06-16 14:18:07,281 [INFO] [1502/5283] 300135.SZ 写入 0 条
2026-06-16 14:18:07,813 [INFO] [1503/5283] 300136.SZ 写入 0 条
2026-06-16 14:18:08,340 [INFO] [1504/5283] 300137.SZ 写入 0 条
2026-06-16 14:18:08,849 [INFO] [1505/5283] 300138.SZ 写入 0 条
2026-06-16 14:18:09,380 [INFO] [1506/5283] 300139.SZ 写入 0 条
2026-06-16 14:18:09,910 [INFO] [1507/5283] 300140.SZ 写入 0 条
2026-06-16 14:18:10,432 [INFO] [1508/5283] 300141.SZ 写入 0 条
2026-06-16 14:18:10,967 [INFO] [1509/5283] 300142.SZ 写入 0 条
2026-06-16 14:18:11,503 [INFO] [1510/5283] 300143.SZ 写入 0 条
2026-06-16 14:18:12,034 [INFO] [1511/5283] 300144.SZ 写入 0 条
2026-06-16 14:18:12,560 [INFO] [1512/5283] 300145.SZ 写入 0 条
2026-06-16 14:18:13,190 [INFO] [1513/5283] 300146.SZ 写入 0 条
2026-06-16 14:18:13,720 [INFO] [1514/5283] 300148.SZ 写入 0 条
2026-06-16 14:18:14,251 [INFO] [1515/5283] 300149.SZ 写入 0 条
2026-06-16 14:18:14,776 [INFO] [1516/5283] 300150.SZ 写入 0 条
2026-06-16 14:18:15,291 [INFO] [1517/5283] 300151.SZ 写入 0 条
2026-06-16 14:18:15,856 [INFO] [1518/5283] 300153.SZ 写入 0 条
2026-06-16 14:18:16,368 [INFO] [1519/5283] 300154.SZ 写入 0 条
2026-06-16 14:18:16,897 [INFO] [1520/5283] 300155.SZ 写入 0 条
2026-06-16 14:18:17,413 [INFO] [1521/5283] 300157.SZ 写入 0 条
2026-06-16 14:18:17,925 [INFO] [1522/5283] 300158.SZ 写入 0 条
2026-06-16 14:18:18,432 [INFO] [1523/5283] 300160.SZ 写入 0 条
2026-06-16 14:18:18,956 [INFO] [1524/5283] 300161.SZ 写入 0 条
2026-06-16 14:18:19,484 [INFO] [1525/5283] 300162.SZ 写入 0 条
2026-06-16 14:18:20,033 [INFO] [1526/5283] 300163.SZ 写入 0 条
2026-06-16 14:18:20,560 [INFO] [1527/5283] 300164.SZ 写入 0 条
2026-06-16 14:18:21,081 [INFO] [1528/5283] 300165.SZ 写入 0 条
2026-06-16 14:18:21,614 [INFO] [1529/5283] 300166.SZ 写入 0 条
2026-06-16 14:18:22,131 [INFO] [1530/5283] 300168.SZ 写入 0 条
2026-06-16 14:18:22,651 [INFO] [1531/5283] 300169.SZ 写入 0 条
2026-06-16 14:18:23,204 [INFO] [1532/5283] 300170.SZ 写入 0 条
2026-06-16 14:18:23,732 [INFO] [1533/5283] 300171.SZ 写入 0 条
2026-06-16 14:18:24,264 [INFO] [1534/5283] 300172.SZ 写入 0 条
2026-06-16 14:18:24,792 [INFO] [1535/5283] 300174.SZ 写入 0 条
2026-06-16 14:18:25,335 [INFO] [1536/5283] 300175.SZ 写入 0 条
2026-06-16 14:18:25,867 [INFO] [1537/5283] 300176.SZ 写入 0 条
2026-06-16 14:18:26,388 [INFO] [1538/5283] 300177.SZ 写入 0 条
2026-06-16 14:18:26,913 [INFO] [1539/5283] 300179.SZ 写入 0 条
2026-06-16 14:18:27,445 [INFO] [1540/5283] 300180.SZ 写入 0 条
2026-06-16 14:18:27,969 [INFO] [1541/5283] 300181.SZ 写入 0 条
2026-06-16 14:18:28,498 [INFO] [1542/5283] 300182.SZ 写入 0 条
2026-06-16 14:18:29,042 [INFO] [1543/5283] 300183.SZ 写入 0 条
2026-06-16 14:18:29,614 [INFO] [1544/5283] 300184.SZ 写入 0 条
2026-06-16 14:18:30,155 [INFO] [1545/5283] 300185.SZ 写入 0 条
2026-06-16 14:18:30,680 [INFO] [1546/5283] 300187.SZ 写入 0 条
2026-06-16 14:18:31,288 [INFO] [1547/5283] 300188.SZ 写入 0 条
2026-06-16 14:18:31,912 [INFO] [1548/5283] 300189.SZ 写入 0 条
2026-06-16 14:18:32,467 [INFO] [1549/5283] 300190.SZ 写入 0 条
2026-06-16 14:18:33,066 [INFO] [1550/5283] 300191.SZ 写入 0 条
2026-06-16 14:18:33,423 [INFO] 进度: 已完成 1550, 失败 0, 跳过 0
2026-06-16 14:18:33,620 [INFO] [1551/5283] 300192.SZ 写入 0 条
2026-06-16 14:18:34,160 [INFO] [1552/5283] 300193.SZ 写入 0 条
2026-06-16 14:18:34,678 [INFO] [1553/5283] 300194.SZ 写入 0 条
2026-06-16 14:18:35,220 [INFO] [1554/5283] 300195.SZ 写入 0 条
2026-06-16 14:18:35,763 [INFO] [1555/5283] 300196.SZ 写入 0 条
2026-06-16 14:18:36,297 [INFO] [1556/5283] 300197.SZ 写入 0 条
2026-06-16 14:18:36,810 [INFO] [1557/5283] 300199.SZ 写入 0 条
2026-06-16 14:18:37,343 [INFO] [1558/5283] 300200.SZ 写入 0 条
2026-06-16 14:18:37,883 [INFO] [1559/5283] 300201.SZ 写入 0 条
2026-06-16 14:18:38,415 [INFO] [1560/5283] 300203.SZ 写入 0 条
2026-06-16 14:18:38,975 [INFO] [1561/5283] 300204.SZ 写入 0 条
2026-06-16 14:18:39,530 [INFO] [1562/5283] 300206.SZ 写入 0 条
2026-06-16 14:18:40,055 [INFO] [1563/5283] 300207.SZ 写入 0 条
2026-06-16 14:18:40,595 [INFO] [1564/5283] 300209.SZ 写入 0 条
2026-06-16 14:18:41,146 [INFO] [1565/5283] 300210.SZ 写入 0 条
2026-06-16 14:18:41,689 [INFO] [1566/5283] 300213.SZ 写入 0 条
2026-06-16 14:18:42,208 [INFO] [1567/5283] 300214.SZ 写入 0 条
2026-06-16 14:18:42,745 [INFO] [1568/5283] 300215.SZ 写入 0 条
2026-06-16 14:18:43,290 [INFO] [1569/5283] 300217.SZ 写入 0 条
2026-06-16 14:18:43,855 [INFO] [1570/5283] 300218.SZ 写入 0 条
2026-06-16 14:18:44,367 [INFO] [1571/5283] 300219.SZ 写入 0 条
2026-06-16 14:18:44,885 [INFO] [1572/5283] 300220.SZ 写入 0 条
2026-06-16 14:18:45,439 [INFO] [1573/5283] 300221.SZ 写入 0 条
2026-06-16 14:18:45,954 [INFO] [1574/5283] 300222.SZ 写入 0 条
2026-06-16 14:18:46,495 [INFO] [1575/5283] 300223.SZ 写入 0 条
2026-06-16 14:18:47,032 [INFO] [1576/5283] 300224.SZ 写入 0 条
2026-06-16 14:18:47,575 [INFO] [1577/5283] 300225.SZ 写入 0 条
2026-06-16 14:18:48,117 [INFO] [1578/5283] 300226.SZ 写入 0 条
2026-06-16 14:18:48,645 [INFO] [1579/5283] 300227.SZ 写入 0 条
2026-06-16 14:18:49,172 [INFO] [1580/5283] 300228.SZ 写入 0 条
2026-06-16 14:18:50,008 [INFO] [1581/5283] 300229.SZ 写入 0 条
2026-06-16 14:18:50,570 [INFO] [1582/5283] 300230.SZ 写入 0 条
2026-06-16 14:18:51,077 [INFO] [1583/5283] 300231.SZ 写入 0 条
2026-06-16 14:18:51,665 [INFO] [1584/5283] 300232.SZ 写入 0 条
2026-06-16 14:18:52,215 [INFO] [1585/5283] 300233.SZ 写入 0 条
2026-06-16 14:18:52,812 [INFO] [1586/5283] 300234.SZ 写入 0 条
2026-06-16 14:18:53,395 [INFO] [1587/5283] 300235.SZ 写入 0 条
2026-06-16 14:18:53,912 [INFO] [1588/5283] 300236.SZ 写入 0 条
2026-06-16 14:18:54,447 [INFO] [1589/5283] 300238.SZ 写入 0 条
2026-06-16 14:18:54,983 [INFO] [1590/5283] 300239.SZ 写入 0 条
2026-06-16 14:18:55,542 [INFO] [1591/5283] 300240.SZ 写入 0 条
2026-06-16 14:18:56,073 [INFO] [1592/5283] 300241.SZ 写入 0 条
2026-06-16 14:18:56,629 [INFO] [1593/5283] 300242.SZ 写入 0 条
2026-06-16 14:18:57,192 [INFO] [1594/5283] 300243.SZ 写入 0 条
2026-06-16 14:18:57,748 [INFO] [1595/5283] 300244.SZ 写入 0 条
2026-06-16 14:18:58,289 [INFO] [1596/5283] 300246.SZ 写入 0 条
2026-06-16 14:18:58,841 [INFO] [1597/5283] 300247.SZ 写入 0 条
2026-06-16 14:18:59,356 [INFO] [1598/5283] 300248.SZ 写入 0 条
2026-06-16 14:18:59,879 [INFO] [1599/5283] 300249.SZ 写入 0 条
2026-06-16 14:19:00,431 [INFO] [1600/5283] 300250.SZ 写入 0 条
2026-06-16 14:19:00,834 [INFO] 进度: 已完成 1600, 失败 0, 跳过 0
2026-06-16 14:19:01,033 [INFO] [1601/5283] 300251.SZ 写入 0 条
2026-06-16 14:19:01,601 [INFO] [1602/5283] 300252.SZ 写入 0 条
2026-06-16 14:19:02,140 [INFO] [1603/5283] 300253.SZ 写入 0 条
2026-06-16 14:19:02,672 [INFO] [1604/5283] 300254.SZ 写入 0 条
2026-06-16 14:19:03,211 [INFO] [1605/5283] 300255.SZ 写入 0 条
2026-06-16 14:19:03,776 [INFO] [1606/5283] 300256.SZ 写入 0 条
2026-06-16 14:19:04,326 [INFO] [1607/5283] 300257.SZ 写入 0 条
2026-06-16 14:19:04,887 [INFO] [1608/5283] 300258.SZ 写入 0 条
2026-06-16 14:19:05,438 [INFO] [1609/5283] 300259.SZ 写入 0 条
2026-06-16 14:19:05,963 [INFO] [1610/5283] 300260.SZ 写入 0 条
2026-06-16 14:19:06,508 [INFO] [1611/5283] 300261.SZ 写入 0 条
2026-06-16 14:19:07,044 [INFO] [1612/5283] 300263.SZ 写入 0 条
2026-06-16 14:19:07,608 [INFO] [1613/5283] 300264.SZ 写入 0 条
2026-06-16 14:19:08,163 [INFO] [1614/5283] 300265.SZ 写入 0 条
2026-06-16 14:19:08,705 [INFO] [1615/5283] 300266.SZ 写入 0 条
2026-06-16 14:19:09,222 [INFO] [1616/5283] 300267.SZ 写入 0 条
2026-06-16 14:19:09,799 [INFO] [1617/5283] 300268.SZ 写入 0 条
2026-06-16 14:19:10,339 [INFO] [1618/5283] 300269.SZ 写入 0 条
2026-06-16 14:19:10,860 [INFO] [1619/5283] 300270.SZ 写入 0 条
2026-06-16 14:19:11,392 [INFO] [1620/5283] 300271.SZ 写入 0 条
2026-06-16 14:19:11,932 [INFO] [1621/5283] 300272.SZ 写入 0 条
2026-06-16 14:19:12,520 [INFO] [1622/5283] 300274.SZ 写入 0 条
2026-06-16 14:19:13,072 [INFO] [1623/5283] 300275.SZ 写入 0 条
2026-06-16 14:19:13,620 [INFO] [1624/5283] 300276.SZ 写入 0 条
2026-06-16 14:19:14,160 [INFO] [1625/5283] 300277.SZ 写入 0 条
2026-06-16 14:19:14,752 [INFO] [1626/5283] 300278.SZ 写入 0 条
2026-06-16 14:19:15,275 [INFO] [1627/5283] 300279.SZ 写入 0 条
2026-06-16 14:19:15,858 [INFO] [1628/5283] 300281.SZ 写入 0 条
2026-06-16 14:19:16,399 [INFO] [1629/5283] 300283.SZ 写入 0 条
2026-06-16 14:19:16,959 [INFO] [1630/5283] 300284.SZ 写入 0 条
2026-06-16 14:19:17,527 [INFO] [1631/5283] 300285.SZ 写入 0 条
2026-06-16 14:19:18,073 [INFO] [1632/5283] 300286.SZ 写入 0 条
2026-06-16 14:19:18,596 [INFO] [1633/5283] 300287.SZ 写入 0 条
2026-06-16 14:19:19,276 [INFO] [1634/5283] 300288.SZ 写入 0 条
2026-06-16 14:19:19,978 [INFO] [1635/5283] 300289.SZ 写入 0 条
2026-06-16 14:19:20,522 [INFO] [1636/5283] 300290.SZ 写入 0 条
2026-06-16 14:19:21,053 [INFO] [1637/5283] 300291.SZ 写入 0 条
2026-06-16 14:19:21,567 [INFO] [1638/5283] 300292.SZ 写入 0 条
2026-06-16 14:19:22,165 [INFO] [1639/5283] 300293.SZ 写入 0 条
2026-06-16 14:19:22,710 [INFO] [1640/5283] 300294.SZ 写入 0 条
2026-06-16 14:19:23,244 [INFO] [1641/5283] 300296.SZ 写入 0 条
2026-06-16 14:19:23,782 [INFO] [1642/5283] 300298.SZ 写入 0 条
2026-06-16 14:19:24,359 [INFO] [1643/5283] 300299.SZ 写入 0 条
2026-06-16 14:19:24,914 [INFO] [1644/5283] 300300.SZ 写入 0 条
2026-06-16 14:19:25,445 [INFO] [1645/5283] 300302.SZ 写入 0 条
2026-06-16 14:19:25,971 [INFO] [1646/5283] 300303.SZ 写入 0 条
2026-06-16 14:19:26,517 [INFO] [1647/5283] 300304.SZ 写入 0 条
2026-06-16 14:19:27,069 [INFO] [1648/5283] 300305.SZ 写入 0 条
2026-06-16 14:19:27,581 [INFO] [1649/5283] 300306.SZ 写入 0 条
2026-06-16 14:19:28,109 [INFO] [1650/5283] 300307.SZ 写入 0 条
2026-06-16 14:19:28,471 [INFO] 进度: 已完成 1650, 失败 0, 跳过 0
2026-06-16 14:19:28,636 [INFO] [1651/5283] 300308.SZ 写入 0 条
2026-06-16 14:19:29,160 [INFO] [1652/5283] 300310.SZ 写入 0 条
2026-06-16 14:19:29,709 [INFO] [1653/5283] 300314.SZ 写入 0 条
2026-06-16 14:19:30,225 [INFO] [1654/5283] 300315.SZ 写入 0 条
2026-06-16 14:19:30,767 [INFO] [1655/5283] 300316.SZ 写入 0 条
2026-06-16 14:19:31,294 [INFO] [1656/5283] 300317.SZ 写入 0 条
2026-06-16 14:19:31,827 [INFO] [1657/5283] 300318.SZ 写入 0 条
2026-06-16 14:19:32,370 [INFO] [1658/5283] 300319.SZ 写入 0 条
2026-06-16 14:19:32,911 [INFO] [1659/5283] 300320.SZ 写入 0 条
2026-06-16 14:19:33,455 [INFO] [1660/5283] 300321.SZ 写入 0 条
2026-06-16 14:19:33,984 [INFO] [1661/5283] 300322.SZ 写入 0 条
2026-06-16 14:19:34,550 [INFO] [1662/5283] 300323.SZ 写入 0 条
2026-06-16 14:19:35,274 [INFO] [1663/5283] 300324.SZ 写入 0 条
2026-06-16 14:19:35,817 [INFO] [1664/5283] 300327.SZ 写入 0 条
2026-06-16 14:19:36,486 [INFO] [1665/5283] 300328.SZ 写入 0 条
2026-06-16 14:19:37,005 [INFO] [1666/5283] 300329.SZ 写入 0 条
2026-06-16 14:19:37,524 [INFO] [1667/5283] 300331.SZ 写入 0 条
2026-06-16 14:19:38,060 [INFO] [1668/5283] 300332.SZ 写入 0 条
2026-06-16 14:19:38,752 [INFO] [1669/5283] 300333.SZ 写入 0 条
2026-06-16 14:19:39,308 [INFO] [1670/5283] 300334.SZ 写入 0 条
2026-06-16 14:19:39,843 [INFO] [1671/5283] 300335.SZ 写入 0 条
2026-06-16 14:19:40,354 [INFO] [1672/5283] 300337.SZ 写入 0 条
2026-06-16 14:19:40,892 [INFO] [1673/5283] 300339.SZ 写入 0 条
2026-06-16 14:19:41,441 [INFO] [1674/5283] 300340.SZ 写入 0 条
2026-06-16 14:19:42,023 [INFO] [1675/5283] 300341.SZ 写入 0 条
2026-06-16 14:19:42,723 [INFO] [1676/5283] 300342.SZ 写入 0 条
2026-06-16 14:19:43,404 [INFO] [1677/5283] 300345.SZ 写入 0 条
2026-06-16 14:19:44,049 [INFO] [1678/5283] 300346.SZ 写入 0 条
2026-06-16 14:19:45,886 [INFO] [1679/5283] 300347.SZ 写入 0 条
2026-06-16 14:19:46,395 [INFO] [1680/5283] 300348.SZ 写入 0 条
2026-06-16 14:19:46,928 [INFO] [1681/5283] 300349.SZ 写入 0 条
2026-06-16 14:19:47,487 [INFO] [1682/5283] 300350.SZ 写入 0 条
2026-06-16 14:19:48,019 [INFO] [1683/5283] 300351.SZ 写入 0 条
2026-06-16 14:19:48,540 [INFO] [1684/5283] 300353.SZ 写入 0 条
2026-06-16 14:19:49,742 [INFO] [1685/5283] 300354.SZ 写入 0 条
2026-06-16 14:19:50,297 [INFO] [1686/5283] 300355.SZ 写入 0 条
2026-06-16 14:19:50,830 [INFO] [1687/5283] 300357.SZ 写入 0 条
2026-06-16 14:19:51,400 [INFO] [1688/5283] 300358.SZ 写入 0 条
2026-06-16 14:19:51,955 [INFO] [1689/5283] 300359.SZ 写入 0 条
2026-06-16 14:19:52,543 [INFO] [1690/5283] 300360.SZ 写入 0 条
2026-06-16 14:19:53,076 [INFO] [1691/5283] 300363.SZ 写入 0 条
2026-06-16 14:19:53,622 [INFO] [1692/5283] 300364.SZ 写入 0 条
2026-06-16 14:19:54,137 [INFO] [1693/5283] 300365.SZ 写入 0 条
2026-06-16 14:19:54,689 [INFO] [1694/5283] 300368.SZ 写入 0 条
2026-06-16 14:19:55,225 [INFO] [1695/5283] 300369.SZ 写入 0 条
2026-06-16 14:19:55,761 [INFO] [1696/5283] 300370.SZ 写入 0 条
2026-06-16 14:19:56,289 [INFO] [1697/5283] 300371.SZ 写入 0 条
2026-06-16 14:19:56,823 [INFO] [1698/5283] 300373.SZ 写入 0 条
2026-06-16 14:19:57,384 [INFO] [1699/5283] 300374.SZ 写入 0 条
2026-06-16 14:19:57,943 [INFO] [1700/5283] 300375.SZ 写入 0 条
2026-06-16 14:19:58,304 [INFO] 进度: 已完成 1700, 失败 0, 跳过 0
2026-06-16 14:19:58,489 [INFO] [1701/5283] 300376.SZ 写入 0 条
2026-06-16 14:19:59,081 [INFO] [1702/5283] 300377.SZ 写入 0 条
2026-06-16 14:20:00,255 [INFO] [1703/5283] 300378.SZ 写入 0 条
2026-06-16 14:20:00,785 [INFO] [1704/5283] 300380.SZ 写入 0 条
2026-06-16 14:20:01,344 [INFO] [1705/5283] 300381.SZ 写入 0 条
2026-06-16 14:20:01,863 [INFO] [1706/5283] 300382.SZ 写入 0 条
2026-06-16 14:20:02,406 [INFO] [1707/5283] 300383.SZ 写入 0 条
2026-06-16 14:20:02,972 [INFO] [1708/5283] 300384.SZ 写入 0 条
2026-06-16 14:20:03,513 [INFO] [1709/5283] 300386.SZ 写入 0 条
2026-06-16 14:20:04,050 [INFO] [1710/5283] 300387.SZ 写入 0 条
2026-06-16 14:20:04,620 [INFO] [1711/5283] 300388.SZ 写入 0 条
2026-06-16 14:20:05,161 [INFO] [1712/5283] 300389.SZ 写入 0 条
2026-06-16 14:20:05,689 [INFO] [1713/5283] 300390.SZ 写入 0 条
2026-06-16 14:20:06,234 [INFO] [1714/5283] 300393.SZ 写入 0 条
2026-06-16 14:20:06,816 [INFO] [1715/5283] 300394.SZ 写入 0 条
2026-06-16 14:20:07,370 [INFO] [1716/5283] 300395.SZ 写入 0 条
2026-06-16 14:20:07,912 [INFO] [1717/5283] 300397.SZ 写入 0 条
2026-06-16 14:20:08,454 [INFO] [1718/5283] 300398.SZ 写入 0 条
2026-06-16 14:20:09,012 [INFO] [1719/5283] 300399.SZ 写入 0 条
2026-06-16 14:20:09,529 [INFO] [1720/5283] 300400.SZ 写入 0 条
2026-06-16 14:20:10,064 [INFO] [1721/5283] 300401.SZ 写入 0 条
2026-06-16 14:20:10,601 [INFO] [1722/5283] 300402.SZ 写入 0 条
2026-06-16 14:20:11,149 [INFO] [1723/5283] 300403.SZ 写入 0 条
2026-06-16 14:20:11,662 [INFO] [1724/5283] 300404.SZ 写入 0 条
2026-06-16 14:20:12,209 [INFO] [1725/5283] 300405.SZ 写入 0 条
2026-06-16 14:20:12,753 [INFO] [1726/5283] 300406.SZ 写入 0 条
2026-06-16 14:20:13,285 [INFO] [1727/5283] 300407.SZ 写入 0 条
2026-06-16 14:20:13,835 [INFO] [1728/5283] 300408.SZ 写入 0 条
2026-06-16 14:20:14,410 [INFO] [1729/5283] 300409.SZ 写入 0 条
2026-06-16 14:20:14,925 [INFO] [1730/5283] 300410.SZ 写入 0 条
2026-06-16 14:20:15,468 [INFO] [1731/5283] 300411.SZ 写入 0 条
2026-06-16 14:20:16,047 [INFO] [1732/5283] 300412.SZ 写入 0 条
2026-06-16 14:20:16,605 [INFO] [1733/5283] 300413.SZ 写入 0 条
2026-06-16 14:20:17,223 [INFO] [1734/5283] 300414.SZ 写入 0 条
2026-06-16 14:20:17,743 [INFO] [1735/5283] 300415.SZ 写入 0 条
2026-06-16 14:20:18,584 [INFO] [1736/5283] 300416.SZ 写入 0 条
2026-06-16 14:20:19,111 [INFO] [1737/5283] 300417.SZ 写入 0 条
2026-06-16 14:20:19,652 [INFO] [1738/5283] 300418.SZ 写入 0 条
2026-06-16 14:20:20,192 [INFO] [1739/5283] 300420.SZ 写入 0 条
2026-06-16 14:20:20,711 [INFO] [1740/5283] 300421.SZ 写入 0 条
2026-06-16 14:20:21,248 [INFO] [1741/5283] 300422.SZ 写入 0 条
2026-06-16 14:20:21,772 [INFO] [1742/5283] 300423.SZ 写入 0 条
2026-06-16 14:20:22,336 [INFO] [1743/5283] 300424.SZ 写入 0 条
2026-06-16 14:20:22,912 [INFO] [1744/5283] 300425.SZ 写入 0 条
2026-06-16 14:20:23,439 [INFO] [1745/5283] 300426.SZ 写入 0 条
2026-06-16 14:20:24,071 [INFO] [1746/5283] 300427.SZ 写入 0 条
2026-06-16 14:20:24,644 [INFO] [1747/5283] 300428.SZ 写入 0 条
2026-06-16 14:20:25,221 [INFO] [1748/5283] 300429.SZ 写入 0 条
2026-06-16 14:20:25,772 [INFO] [1749/5283] 300432.SZ 写入 0 条
2026-06-16 14:20:26,321 [INFO] [1750/5283] 300433.SZ 写入 0 条
2026-06-16 14:20:26,676 [INFO] 进度: 已完成 1750, 失败 0, 跳过 0
2026-06-16 14:20:26,870 [INFO] [1751/5283] 300434.SZ 写入 0 条
2026-06-16 14:20:27,410 [INFO] [1752/5283] 300435.SZ 写入 0 条
2026-06-16 14:20:27,932 [INFO] [1753/5283] 300436.SZ 写入 0 条
2026-06-16 14:20:28,443 [INFO] [1754/5283] 300437.SZ 写入 0 条
2026-06-16 14:20:28,975 [INFO] [1755/5283] 300438.SZ 写入 0 条
2026-06-16 14:20:29,542 [INFO] [1756/5283] 300439.SZ 写入 0 条
2026-06-16 14:20:30,059 [INFO] [1757/5283] 300440.SZ 写入 0 条
2026-06-16 14:20:30,613 [INFO] [1758/5283] 300441.SZ 写入 0 条
2026-06-16 14:20:31,137 [INFO] [1759/5283] 300442.SZ 写入 0 条
2026-06-16 14:20:31,671 [INFO] [1760/5283] 300443.SZ 写入 0 条
2026-06-16 14:20:32,195 [INFO] [1761/5283] 300444.SZ 写入 0 条
2026-06-16 14:20:32,716 [INFO] [1762/5283] 300445.SZ 写入 0 条
2026-06-16 14:20:33,240 [INFO] [1763/5283] 300446.SZ 写入 0 条
2026-06-16 14:20:33,786 [INFO] [1764/5283] 300447.SZ 写入 0 条
2026-06-16 14:20:34,303 [INFO] [1765/5283] 300448.SZ 写入 0 条
2026-06-16 14:20:34,819 [INFO] [1766/5283] 300449.SZ 写入 0 条
2026-06-16 14:20:35,361 [INFO] [1767/5283] 300450.SZ 写入 0 条
2026-06-16 14:20:35,876 [INFO] [1768/5283] 300451.SZ 写入 0 条
2026-06-16 14:20:36,391 [INFO] [1769/5283] 300452.SZ 写入 0 条
2026-06-16 14:20:36,905 [INFO] [1770/5283] 300453.SZ 写入 0 条
2026-06-16 14:20:37,423 [INFO] [1771/5283] 300454.SZ 写入 0 条
2026-06-16 14:20:37,947 [INFO] [1772/5283] 300455.SZ 写入 0 条
2026-06-16 14:20:38,446 [INFO] [1773/5283] 300456.SZ 写入 0 条
2026-06-16 14:20:38,970 [INFO] [1774/5283] 300457.SZ 写入 0 条
2026-06-16 14:20:39,484 [INFO] [1775/5283] 300458.SZ 写入 0 条
2026-06-16 14:20:40,058 [INFO] [1776/5283] 300459.SZ 写入 0 条
2026-06-16 14:20:40,622 [INFO] [1777/5283] 300461.SZ 写入 0 条
2026-06-16 14:20:41,139 [INFO] [1778/5283] 300463.SZ 写入 0 条
2026-06-16 14:20:41,691 [INFO] [1779/5283] 300464.SZ 写入 0 条
2026-06-16 14:20:42,226 [INFO] [1780/5283] 300465.SZ 写入 0 条
2026-06-16 14:20:42,747 [INFO] [1781/5283] 300466.SZ 写入 0 条
2026-06-16 14:20:43,246 [INFO] [1782/5283] 300467.SZ 写入 0 条
2026-06-16 14:20:43,764 [INFO] [1783/5283] 300468.SZ 写入 0 条
2026-06-16 14:20:44,298 [INFO] [1784/5283] 300469.SZ 写入 0 条
2026-06-16 14:20:44,852 [INFO] [1785/5283] 300470.SZ 写入 0 条
2026-06-16 14:20:45,407 [INFO] [1786/5283] 300471.SZ 写入 0 条
2026-06-16 14:20:45,978 [INFO] [1787/5283] 300473.SZ 写入 0 条
2026-06-16 14:20:46,485 [INFO] [1788/5283] 300474.SZ 写入 0 条
2026-06-16 14:20:47,062 [INFO] [1789/5283] 300475.SZ 写入 0 条
2026-06-16 14:20:47,631 [INFO] [1790/5283] 300476.SZ 写入 0 条
2026-06-16 14:20:48,172 [INFO] [1791/5283] 300478.SZ 写入 0 条
2026-06-16 14:20:48,721 [INFO] [1792/5283] 300479.SZ 写入 0 条
2026-06-16 14:20:49,267 [INFO] [1793/5283] 300480.SZ 写入 0 条
2026-06-16 14:20:49,784 [INFO] [1794/5283] 300481.SZ 写入 0 条
2026-06-16 14:20:50,314 [INFO] [1795/5283] 300482.SZ 写入 0 条
2026-06-16 14:20:50,832 [INFO] [1796/5283] 300483.SZ 写入 0 条
2026-06-16 14:20:51,370 [INFO] [1797/5283] 300484.SZ 写入 0 条
2026-06-16 14:20:51,879 [INFO] [1798/5283] 300485.SZ 写入 0 条
2026-06-16 14:20:52,403 [INFO] [1799/5283] 300486.SZ 写入 0 条
2026-06-16 14:20:52,937 [INFO] [1800/5283] 300487.SZ 写入 0 条
2026-06-16 14:20:53,297 [INFO] 进度: 已完成 1800, 失败 0, 跳过 0
2026-06-16 14:20:53,490 [INFO] [1801/5283] 300488.SZ 写入 0 条
2026-06-16 14:20:54,021 [INFO] [1802/5283] 300489.SZ 写入 0 条
2026-06-16 14:20:54,575 [INFO] [1803/5283] 300490.SZ 写入 0 条
2026-06-16 14:20:55,095 [INFO] [1804/5283] 300491.SZ 写入 0 条
2026-06-16 14:20:55,650 [INFO] [1805/5283] 300492.SZ 写入 0 条
2026-06-16 14:20:56,183 [INFO] [1806/5283] 300493.SZ 写入 0 条
2026-06-16 14:20:56,754 [INFO] [1807/5283] 300494.SZ 写入 0 条
2026-06-16 14:20:57,255 [INFO] [1808/5283] 300496.SZ 写入 0 条
2026-06-16 14:20:57,809 [INFO] [1809/5283] 300497.SZ 写入 0 条
2026-06-16 14:20:58,328 [INFO] [1810/5283] 300498.SZ 写入 0 条
2026-06-16 14:20:58,869 [INFO] [1811/5283] 300499.SZ 写入 0 条
2026-06-16 14:20:59,413 [INFO] [1812/5283] 300500.SZ 写入 0 条
2026-06-16 14:20:59,930 [INFO] [1813/5283] 300501.SZ 写入 0 条
2026-06-16 14:21:00,471 [INFO] [1814/5283] 300502.SZ 写入 0 条
2026-06-16 14:21:00,977 [INFO] [1815/5283] 300503.SZ 写入 0 条
2026-06-16 14:21:01,473 [INFO] [1816/5283] 300504.SZ 写入 0 条
2026-06-16 14:21:01,982 [INFO] [1817/5283] 300505.SZ 写入 0 条
2026-06-16 14:21:02,513 [INFO] [1818/5283] 300507.SZ 写入 0 条
2026-06-16 14:21:03,052 [INFO] [1819/5283] 300508.SZ 写入 0 条
2026-06-16 14:21:03,582 [INFO] [1820/5283] 300509.SZ 写入 0 条
2026-06-16 14:21:04,118 [INFO] [1821/5283] 300510.SZ 写入 0 条
2026-06-16 14:21:04,641 [INFO] [1822/5283] 300511.SZ 写入 0 条
2026-06-16 14:21:05,185 [INFO] [1823/5283] 300512.SZ 写入 0 条
2026-06-16 14:21:05,725 [INFO] [1824/5283] 300513.SZ 写入 0 条
2026-06-16 14:21:06,239 [INFO] [1825/5283] 300514.SZ 写入 0 条
2026-06-16 14:21:06,763 [INFO] [1826/5283] 300515.SZ 写入 0 条
2026-06-16 14:21:07,286 [INFO] [1827/5283] 300516.SZ 写入 0 条
2026-06-16 14:21:07,810 [INFO] [1828/5283] 300517.SZ 写入 0 条
2026-06-16 14:21:08,359 [INFO] [1829/5283] 300518.SZ 写入 0 条
2026-06-16 14:21:08,874 [INFO] [1830/5283] 300519.SZ 写入 0 条
2026-06-16 14:21:09,367 [INFO] [1831/5283] 300520.SZ 写入 0 条
2026-06-16 14:21:09,954 [INFO] [1832/5283] 300521.SZ 写入 0 条
2026-06-16 14:21:10,460 [INFO] [1833/5283] 300522.SZ 写入 0 条
2026-06-16 14:21:10,970 [INFO] [1834/5283] 300523.SZ 写入 0 条
2026-06-16 14:21:11,513 [INFO] [1835/5283] 300525.SZ 写入 0 条
2026-06-16 14:21:12,029 [INFO] [1836/5283] 300528.SZ 写入 0 条
2026-06-16 14:21:12,559 [INFO] [1837/5283] 300529.SZ 写入 0 条
2026-06-16 14:21:13,093 [INFO] [1838/5283] 300530.SZ 写入 0 条
2026-06-16 14:21:13,650 [INFO] [1839/5283] 300531.SZ 写入 0 条
2026-06-16 14:21:14,193 [INFO] [1840/5283] 300532.SZ 写入 0 条
2026-06-16 14:21:14,742 [INFO] [1841/5283] 300533.SZ 写入 0 条
2026-06-16 14:21:15,250 [INFO] [1842/5283] 300534.SZ 写入 0 条
2026-06-16 14:21:15,802 [INFO] [1843/5283] 300535.SZ 写入 0 条
2026-06-16 14:21:16,337 [INFO] [1844/5283] 300536.SZ 写入 0 条
2026-06-16 14:21:16,872 [INFO] [1845/5283] 300537.SZ 写入 0 条
2026-06-16 14:21:17,415 [INFO] [1846/5283] 300538.SZ 写入 0 条
2026-06-16 14:21:17,922 [INFO] [1847/5283] 300539.SZ 写入 0 条
2026-06-16 14:21:18,483 [INFO] [1848/5283] 300540.SZ 写入 0 条
2026-06-16 14:21:19,010 [INFO] [1849/5283] 300541.SZ 写入 0 条
2026-06-16 14:21:19,529 [INFO] [1850/5283] 300542.SZ 写入 0 条
2026-06-16 14:21:19,887 [INFO] 进度: 已完成 1850, 失败 0, 跳过 0
2026-06-16 14:21:20,077 [INFO] [1851/5283] 300543.SZ 写入 0 条
2026-06-16 14:21:20,591 [INFO] [1852/5283] 300545.SZ 写入 0 条
2026-06-16 14:21:21,122 [INFO] [1853/5283] 300546.SZ 写入 0 条
2026-06-16 14:21:21,641 [INFO] [1854/5283] 300547.SZ 写入 0 条
2026-06-16 14:21:22,182 [INFO] [1855/5283] 300548.SZ 写入 0 条
2026-06-16 14:21:22,708 [INFO] [1856/5283] 300549.SZ 写入 0 条
2026-06-16 14:21:23,219 [INFO] [1857/5283] 300550.SZ 写入 0 条
2026-06-16 14:21:23,750 [INFO] [1858/5283] 300551.SZ 写入 0 条
2026-06-16 14:21:24,273 [INFO] [1859/5283] 300552.SZ 写入 0 条
2026-06-16 14:21:24,778 [INFO] [1860/5283] 300553.SZ 写入 0 条
2026-06-16 14:21:25,295 [INFO] [1861/5283] 300554.SZ 写入 0 条
2026-06-16 14:21:25,802 [INFO] [1862/5283] 300556.SZ 写入 0 条
2026-06-16 14:21:26,361 [INFO] [1863/5283] 300557.SZ 写入 0 条
2026-06-16 14:21:26,898 [INFO] [1864/5283] 300558.SZ 写入 0 条
2026-06-16 14:21:27,435 [INFO] [1865/5283] 300559.SZ 写入 0 条
2026-06-16 14:21:27,976 [INFO] [1866/5283] 300560.SZ 写入 0 条
2026-06-16 14:21:28,478 [INFO] [1867/5283] 300561.SZ 写入 0 条
2026-06-16 14:21:29,024 [INFO] [1868/5283] 300562.SZ 写入 0 条
2026-06-16 14:21:29,536 [INFO] [1869/5283] 300563.SZ 写入 0 条
2026-06-16 14:21:30,030 [INFO] [1870/5283] 300564.SZ 写入 0 条
2026-06-16 14:21:30,561 [INFO] [1871/5283] 300565.SZ 写入 0 条
2026-06-16 14:21:31,075 [INFO] [1872/5283] 300566.SZ 写入 0 条
2026-06-16 14:21:31,611 [INFO] [1873/5283] 300567.SZ 写入 0 条
2026-06-16 14:21:32,169 [INFO] [1874/5283] 300568.SZ 写入 0 条
2026-06-16 14:21:32,682 [INFO] [1875/5283] 300569.SZ 写入 0 条
2026-06-16 14:21:33,247 [INFO] [1876/5283] 300570.SZ 写入 0 条
2026-06-16 14:21:33,796 [INFO] [1877/5283] 300571.SZ 写入 0 条
2026-06-16 14:21:34,314 [INFO] [1878/5283] 300572.SZ 写入 0 条
2026-06-16 14:21:34,850 [INFO] [1879/5283] 300573.SZ 写入 0 条
2026-06-16 14:21:35,372 [INFO] [1880/5283] 300575.SZ 写入 0 条
2026-06-16 14:21:35,987 [INFO] [1881/5283] 300576.SZ 写入 0 条
2026-06-16 14:21:37,180 [INFO] [1882/5283] 300577.SZ 写入 0 条
2026-06-16 14:21:37,715 [INFO] [1883/5283] 300578.SZ 写入 0 条
2026-06-16 14:21:38,254 [INFO] [1884/5283] 300579.SZ 写入 0 条
2026-06-16 14:21:38,787 [INFO] [1885/5283] 300580.SZ 写入 0 条
2026-06-16 14:21:39,303 [INFO] [1886/5283] 300581.SZ 写入 0 条
2026-06-16 14:21:39,847 [INFO] [1887/5283] 300582.SZ 写入 0 条
2026-06-16 14:21:40,374 [INFO] [1888/5283] 300583.SZ 写入 0 条
2026-06-16 14:21:40,885 [INFO] [1889/5283] 300584.SZ 写入 0 条
2026-06-16 14:21:41,409 [INFO] [1890/5283] 300585.SZ 写入 0 条
2026-06-16 14:21:41,956 [INFO] [1891/5283] 300586.SZ 写入 0 条
2026-06-16 14:21:42,471 [INFO] [1892/5283] 300587.SZ 写入 0 条
2026-06-16 14:21:42,978 [INFO] [1893/5283] 300588.SZ 写入 0 条
2026-06-16 14:21:43,493 [INFO] [1894/5283] 300589.SZ 写入 0 条
2026-06-16 14:21:44,025 [INFO] [1895/5283] 300590.SZ 写入 0 条
2026-06-16 14:21:44,535 [INFO] [1896/5283] 300591.SZ 写入 0 条
2026-06-16 14:21:45,067 [INFO] [1897/5283] 300592.SZ 写入 0 条
2026-06-16 14:21:45,596 [INFO] [1898/5283] 300593.SZ 写入 0 条
2026-06-16 14:21:46,111 [INFO] [1899/5283] 300595.SZ 写入 0 条
2026-06-16 14:21:46,649 [INFO] [1900/5283] 300596.SZ 写入 0 条
2026-06-16 14:21:47,008 [INFO] 进度: 已完成 1900, 失败 0, 跳过 0
2026-06-16 14:21:47,203 [INFO] [1901/5283] 300597.SZ 写入 0 条
2026-06-16 14:21:47,709 [INFO] [1902/5283] 300598.SZ 写入 0 条
2026-06-16 14:21:48,308 [INFO] [1903/5283] 300599.SZ 写入 0 条
2026-06-16 14:21:48,848 [INFO] [1904/5283] 300600.SZ 写入 0 条
2026-06-16 14:21:49,365 [INFO] [1905/5283] 300601.SZ 写入 0 条
2026-06-16 14:21:49,878 [INFO] [1906/5283] 300602.SZ 写入 0 条
2026-06-16 14:21:50,398 [INFO] [1907/5283] 300603.SZ 写入 0 条
2026-06-16 14:21:50,914 [INFO] [1908/5283] 300604.SZ 写入 0 条
2026-06-16 14:21:51,432 [INFO] [1909/5283] 300605.SZ 写入 0 条
2026-06-16 14:21:51,972 [INFO] [1910/5283] 300606.SZ 写入 0 条
2026-06-16 14:21:52,507 [INFO] [1911/5283] 300607.SZ 写入 0 条
2026-06-16 14:21:53,028 [INFO] [1912/5283] 300608.SZ 写入 0 条
2026-06-16 14:21:53,541 [INFO] [1913/5283] 300609.SZ 写入 0 条
2026-06-16 14:21:54,058 [INFO] [1914/5283] 300610.SZ 写入 0 条
2026-06-16 14:21:54,739 [INFO] [1915/5283] 300611.SZ 写入 0 条
2026-06-16 14:21:55,254 [INFO] [1916/5283] 300612.SZ 写入 0 条
2026-06-16 14:21:55,914 [INFO] [1917/5283] 300613.SZ 写入 0 条
2026-06-16 14:21:56,438 [INFO] [1918/5283] 300614.SZ 写入 0 条
2026-06-16 14:21:56,953 [INFO] [1919/5283] 300615.SZ 写入 0 条
2026-06-16 14:21:57,492 [INFO] [1920/5283] 300616.SZ 写入 0 条
2026-06-16 14:21:58,066 [INFO] [1921/5283] 300617.SZ 写入 0 条
2026-06-16 14:21:58,576 [INFO] [1922/5283] 300618.SZ 写入 0 条
2026-06-16 14:21:59,121 [INFO] [1923/5283] 300619.SZ 写入 0 条
2026-06-16 14:21:59,615 [INFO] [1924/5283] 300620.SZ 写入 0 条
2026-06-16 14:22:00,146 [INFO] [1925/5283] 300621.SZ 写入 0 条
2026-06-16 14:22:00,814 [INFO] [1926/5283] 300622.SZ 写入 0 条
2026-06-16 14:22:01,364 [INFO] [1927/5283] 300623.SZ 写入 0 条
2026-06-16 14:22:02,110 [INFO] [1928/5283] 300624.SZ 写入 0 条
2026-06-16 14:22:02,633 [INFO] [1929/5283] 300625.SZ 写入 0 条
2026-06-16 14:22:03,228 [INFO] [1930/5283] 300626.SZ 写入 0 条
2026-06-16 14:22:03,737 [INFO] [1931/5283] 300627.SZ 写入 0 条
2026-06-16 14:22:04,270 [INFO] [1932/5283] 300628.SZ 写入 0 条
2026-06-16 14:22:04,974 [INFO] [1933/5283] 300629.SZ 写入 0 条
2026-06-16 14:22:05,539 [INFO] [1934/5283] 300631.SZ 写入 0 条
2026-06-16 14:22:06,088 [INFO] [1935/5283] 300632.SZ 写入 0 条
2026-06-16 14:22:06,599 [INFO] [1936/5283] 300633.SZ 写入 0 条
2026-06-16 14:22:07,122 [INFO] [1937/5283] 300634.SZ 写入 0 条
2026-06-16 14:22:07,647 [INFO] [1938/5283] 300635.SZ 写入 0 条
2026-06-16 14:22:08,282 [INFO] [1939/5283] 300636.SZ 写入 0 条
2026-06-16 14:22:08,801 [INFO] [1940/5283] 300637.SZ 写入 0 条
2026-06-16 14:22:09,297 [INFO] [1941/5283] 300638.SZ 写入 0 条
2026-06-16 14:22:09,818 [INFO] [1942/5283] 300639.SZ 写入 0 条
2026-06-16 14:22:10,356 [INFO] [1943/5283] 300640.SZ 写入 0 条
2026-06-16 14:22:10,865 [INFO] [1944/5283] 300641.SZ 写入 0 条
2026-06-16 14:22:11,374 [INFO] [1945/5283] 300642.SZ 写入 0 条
2026-06-16 14:22:11,884 [INFO] [1946/5283] 300643.SZ 写入 0 条
2026-06-16 14:22:12,401 [INFO] [1947/5283] 300644.SZ 写入 0 条
2026-06-16 14:22:12,903 [INFO] [1948/5283] 300645.SZ 写入 0 条
2026-06-16 14:22:13,437 [INFO] [1949/5283] 300647.SZ 写入 0 条
2026-06-16 14:22:13,955 [INFO] [1950/5283] 300648.SZ 写入 0 条
2026-06-16 14:22:14,321 [INFO] 进度: 已完成 1950, 失败 0, 跳过 0
2026-06-16 14:22:14,536 [INFO] [1951/5283] 300649.SZ 写入 0 条
2026-06-16 14:22:15,077 [INFO] [1952/5283] 300650.SZ 写入 0 条
2026-06-16 14:22:15,609 [INFO] [1953/5283] 300651.SZ 写入 0 条
2026-06-16 14:22:16,157 [INFO] [1954/5283] 300652.SZ 写入 0 条
2026-06-16 14:22:16,676 [INFO] [1955/5283] 300653.SZ 写入 0 条
2026-06-16 14:22:17,176 [INFO] [1956/5283] 300654.SZ 写入 0 条
2026-06-16 14:22:17,702 [INFO] [1957/5283] 300655.SZ 写入 0 条
2026-06-16 14:22:18,232 [INFO] [1958/5283] 300656.SZ 写入 0 条
2026-06-16 14:22:18,767 [INFO] [1959/5283] 300657.SZ 写入 0 条
2026-06-16 14:22:19,301 [INFO] [1960/5283] 300658.SZ 写入 0 条
2026-06-16 14:22:19,834 [INFO] [1961/5283] 300659.SZ 写入 0 条
2026-06-16 14:22:20,379 [INFO] [1962/5283] 300660.SZ 写入 0 条
2026-06-16 14:22:20,903 [INFO] [1963/5283] 300661.SZ 写入 0 条
2026-06-16 14:22:21,563 [INFO] [1964/5283] 300662.SZ 写入 0 条
2026-06-16 14:22:22,094 [INFO] [1965/5283] 300663.SZ 写入 0 条
2026-06-16 14:22:22,597 [INFO] [1966/5283] 300664.SZ 写入 0 条
2026-06-16 14:22:23,144 [INFO] [1967/5283] 300665.SZ 写入 0 条
2026-06-16 14:22:23,648 [INFO] [1968/5283] 300666.SZ 写入 0 条
2026-06-16 14:22:24,133 [INFO] [1969/5283] 300667.SZ 写入 0 条
2026-06-16 14:22:24,665 [INFO] [1970/5283] 300668.SZ 写入 0 条
2026-06-16 14:22:25,190 [INFO] [1971/5283] 300669.SZ 写入 0 条
2026-06-16 14:22:25,726 [INFO] [1972/5283] 300670.SZ 写入 0 条
2026-06-16 14:22:26,307 [INFO] [1973/5283] 300671.SZ 写入 0 条
2026-06-16 14:22:26,850 [INFO] [1974/5283] 300672.SZ 写入 0 条
2026-06-16 14:22:27,370 [INFO] [1975/5283] 300673.SZ 写入 0 条
2026-06-16 14:22:27,878 [INFO] [1976/5283] 300674.SZ 写入 0 条
2026-06-16 14:22:28,398 [INFO] [1977/5283] 300675.SZ 写入 0 条
2026-06-16 14:22:28,940 [INFO] [1978/5283] 300676.SZ 写入 0 条
2026-06-16 14:22:29,475 [INFO] [1979/5283] 300677.SZ 写入 0 条
2026-06-16 14:22:30,052 [INFO] [1980/5283] 300678.SZ 写入 0 条
2026-06-16 14:22:30,565 [INFO] [1981/5283] 300679.SZ 写入 0 条
2026-06-16 14:22:31,097 [INFO] [1982/5283] 300680.SZ 写入 0 条
2026-06-16 14:22:31,668 [INFO] [1983/5283] 300681.SZ 写入 0 条
2026-06-16 14:22:32,179 [INFO] [1984/5283] 300682.SZ 写入 0 条
2026-06-16 14:22:32,687 [INFO] [1985/5283] 300683.SZ 写入 0 条
2026-06-16 14:22:33,227 [INFO] [1986/5283] 300684.SZ 写入 0 条
2026-06-16 14:22:33,738 [INFO] [1987/5283] 300685.SZ 写入 0 条
2026-06-16 14:22:34,447 [INFO] [1988/5283] 300686.SZ 写入 0 条
2026-06-16 14:22:35,004 [INFO] [1989/5283] 300687.SZ 写入 0 条
2026-06-16 14:22:35,515 [INFO] [1990/5283] 300688.SZ 写入 0 条
2026-06-16 14:22:36,059 [INFO] [1991/5283] 300689.SZ 写入 0 条
2026-06-16 14:22:36,604 [INFO] [1992/5283] 300690.SZ 写入 0 条
2026-06-16 14:22:37,107 [INFO] [1993/5283] 300691.SZ 写入 0 条
2026-06-16 14:22:37,621 [INFO] [1994/5283] 300692.SZ 写入 0 条
2026-06-16 14:22:38,134 [INFO] [1995/5283] 300693.SZ 写入 0 条
2026-06-16 14:22:38,630 [INFO] [1996/5283] 300694.SZ 写入 0 条
2026-06-16 14:22:39,160 [INFO] [1997/5283] 300695.SZ 写入 0 条
2026-06-16 14:22:39,670 [INFO] [1998/5283] 300696.SZ 写入 0 条
2026-06-16 14:22:40,186 [INFO] [1999/5283] 300697.SZ 写入 0 条
2026-06-16 14:22:40,722 [INFO] [2000/5283] 300698.SZ 写入 0 条
2026-06-16 14:22:41,079 [INFO] 进度: 已完成 2000, 失败 0, 跳过 0
2026-06-16 14:22:41,247 [INFO] [2001/5283] 300699.SZ 写入 0 条
2026-06-16 14:22:41,794 [INFO] [2002/5283] 300700.SZ 写入 0 条
2026-06-16 14:22:42,326 [INFO] [2003/5283] 300701.SZ 写入 0 条
2026-06-16 14:22:42,845 [INFO] [2004/5283] 300702.SZ 写入 0 条
2026-06-16 14:22:43,367 [INFO] [2005/5283] 300703.SZ 写入 0 条
2026-06-16 14:22:43,907 [INFO] [2006/5283] 300705.SZ 写入 0 条
2026-06-16 14:22:44,534 [INFO] [2007/5283] 300706.SZ 写入 0 条
2026-06-16 14:22:45,100 [INFO] [2008/5283] 300707.SZ 写入 0 条
2026-06-16 14:22:45,608 [INFO] [2009/5283] 300708.SZ 写入 0 条
2026-06-16 14:22:46,134 [INFO] [2010/5283] 300709.SZ 写入 0 条
2026-06-16 14:22:46,659 [INFO] [2011/5283] 300710.SZ 写入 0 条
2026-06-16 14:22:47,183 [INFO] [2012/5283] 300711.SZ 写入 0 条
2026-06-16 14:22:47,700 [INFO] [2013/5283] 300712.SZ 写入 0 条
2026-06-16 14:22:48,220 [INFO] [2014/5283] 300713.SZ 写入 0 条
2026-06-16 14:22:48,860 [INFO] [2015/5283] 300715.SZ 写入 0 条
2026-06-16 14:22:49,529 [INFO] [2016/5283] 300717.SZ 写入 0 条
2026-06-16 14:22:50,098 [INFO] [2017/5283] 300718.SZ 写入 0 条
2026-06-16 14:22:50,603 [INFO] [2018/5283] 300719.SZ 写入 0 条
2026-06-16 14:22:51,123 [INFO] [2019/5283] 300720.SZ 写入 0 条
2026-06-16 14:22:51,645 [INFO] [2020/5283] 300721.SZ 写入 0 条
2026-06-16 14:22:52,173 [INFO] [2021/5283] 300722.SZ 写入 0 条
2026-06-16 14:22:52,678 [INFO] [2022/5283] 300723.SZ 写入 0 条
2026-06-16 14:22:53,210 [INFO] [2023/5283] 300724.SZ 写入 0 条
2026-06-16 14:22:53,717 [INFO] [2024/5283] 300725.SZ 写入 0 条
2026-06-16 14:22:54,217 [INFO] [2025/5283] 300726.SZ 写入 0 条
2026-06-16 14:22:54,730 [INFO] [2026/5283] 300727.SZ 写入 0 条
2026-06-16 14:22:55,430 [INFO] [2027/5283] 300729.SZ 写入 0 条
2026-06-16 14:22:55,946 [INFO] [2028/5283] 300730.SZ 写入 0 条
2026-06-16 14:22:56,544 [INFO] [2029/5283] 300731.SZ 写入 0 条
2026-06-16 14:22:57,146 [INFO] [2030/5283] 300732.SZ 写入 0 条
2026-06-16 14:22:57,999 [INFO] [2031/5283] 300733.SZ 写入 0 条
2026-06-16 14:22:58,509 [INFO] [2032/5283] 300735.SZ 写入 0 条
2026-06-16 14:22:59,029 [INFO] [2033/5283] 300736.SZ 写入 0 条
2026-06-16 14:22:59,548 [INFO] [2034/5283] 300737.SZ 写入 0 条
2026-06-16 14:23:00,094 [INFO] [2035/5283] 300738.SZ 写入 0 条
2026-06-16 14:23:00,612 [INFO] [2036/5283] 300739.SZ 写入 0 条
2026-06-16 14:23:01,155 [INFO] [2037/5283] 300740.SZ 写入 0 条
2026-06-16 14:23:01,663 [INFO] [2038/5283] 300741.SZ 写入 0 条
2026-06-16 14:23:02,165 [INFO] [2039/5283] 300743.SZ 写入 0 条
2026-06-16 14:23:02,739 [INFO] [2040/5283] 300745.SZ 写入 0 条
2026-06-16 14:23:03,318 [INFO] [2041/5283] 300746.SZ 写入 0 条
2026-06-16 14:23:03,844 [INFO] [2042/5283] 300747.SZ 写入 0 条
2026-06-16 14:23:04,375 [INFO] [2043/5283] 300748.SZ 写入 0 条
2026-06-16 14:23:04,884 [INFO] [2044/5283] 300749.SZ 写入 0 条
2026-06-16 14:23:05,402 [INFO] [2045/5283] 300750.SZ 写入 0 条
2026-06-16 14:23:05,913 [INFO] [2046/5283] 300751.SZ 写入 0 条
2026-06-16 14:23:06,436 [INFO] [2047/5283] 300752.SZ 写入 0 条
2026-06-16 14:23:06,990 [INFO] [2048/5283] 300753.SZ 写入 0 条
2026-06-16 14:23:07,493 [INFO] [2049/5283] 300755.SZ 写入 0 条
2026-06-16 14:23:08,020 [INFO] [2050/5283] 300756.SZ 写入 0 条
2026-06-16 14:23:08,384 [INFO] 进度: 已完成 2050, 失败 0, 跳过 0
2026-06-16 14:23:08,552 [INFO] [2051/5283] 300757.SZ 写入 0 条
2026-06-16 14:23:09,067 [INFO] [2052/5283] 300758.SZ 写入 0 条
2026-06-16 14:23:09,578 [INFO] [2053/5283] 300759.SZ 写入 0 条
2026-06-16 14:23:10,930 [INFO] [2054/5283] 300760.SZ 写入 0 条
2026-06-16 14:23:11,514 [INFO] [2055/5283] 300761.SZ 写入 0 条
2026-06-16 14:23:12,285 [INFO] [2056/5283] 300762.SZ 写入 0 条
2026-06-16 14:23:13,056 [INFO] [2057/5283] 300763.SZ 写入 0 条
2026-06-16 14:23:13,629 [INFO] [2058/5283] 300765.SZ 写入 0 条
2026-06-16 14:23:14,270 [INFO] [2059/5283] 300766.SZ 写入 0 条
2026-06-16 14:23:14,790 [INFO] [2060/5283] 300767.SZ 写入 0 条
2026-06-16 14:23:15,518 [INFO] [2061/5283] 300768.SZ 写入 0 条
2026-06-16 14:23:16,034 [INFO] [2062/5283] 300769.SZ 写入 0 条
2026-06-16 14:23:16,599 [INFO] [2063/5283] 300770.SZ 写入 0 条
2026-06-16 14:23:17,109 [INFO] [2064/5283] 300771.SZ 写入 0 条
2026-06-16 14:23:17,664 [INFO] [2065/5283] 300772.SZ 写入 0 条
2026-06-16 14:23:18,200 [INFO] [2066/5283] 300773.SZ 写入 0 条
2026-06-16 14:23:18,727 [INFO] [2067/5283] 300774.SZ 写入 0 条
2026-06-16 14:23:19,366 [INFO] [2068/5283] 300775.SZ 写入 0 条
2026-06-16 14:23:19,886 [INFO] [2069/5283] 300776.SZ 写入 0 条
2026-06-16 14:23:20,389 [INFO] [2070/5283] 300777.SZ 写入 0 条
2026-06-16 14:23:20,934 [INFO] [2071/5283] 300778.SZ 写入 0 条
2026-06-16 14:23:21,518 [INFO] [2072/5283] 300779.SZ 写入 0 条
2026-06-16 14:23:22,029 [INFO] [2073/5283] 300780.SZ 写入 0 条
2026-06-16 14:23:22,594 [INFO] [2074/5283] 300781.SZ 写入 0 条
2026-06-16 14:23:23,289 [INFO] [2075/5283] 300782.SZ 写入 0 条
2026-06-16 14:23:23,846 [INFO] [2076/5283] 300783.SZ 写入 0 条
2026-06-16 14:23:24,368 [INFO] [2077/5283] 300784.SZ 写入 0 条
2026-06-16 14:23:24,898 [INFO] [2078/5283] 300785.SZ 写入 0 条
2026-06-16 14:23:25,454 [INFO] [2079/5283] 300786.SZ 写入 0 条
2026-06-16 14:23:26,414 [INFO] [2080/5283] 300787.SZ 写入 0 条
2026-06-16 14:23:26,946 [INFO] [2081/5283] 300788.SZ 写入 0 条
2026-06-16 14:23:27,522 [INFO] [2082/5283] 300789.SZ 写入 0 条
2026-06-16 14:23:28,080 [INFO] [2083/5283] 300790.SZ 写入 0 条
2026-06-16 14:23:28,601 [INFO] [2084/5283] 300791.SZ 写入 0 条
2026-06-16 14:23:29,111 [INFO] [2085/5283] 300792.SZ 写入 0 条
2026-06-16 14:23:29,610 [INFO] [2086/5283] 300793.SZ 写入 0 条
2026-06-16 14:23:30,130 [INFO] [2087/5283] 300795.SZ 写入 0 条
2026-06-16 14:23:30,641 [INFO] [2088/5283] 300796.SZ 写入 0 条
2026-06-16 14:23:31,138 [INFO] [2089/5283] 300797.SZ 写入 0 条
2026-06-16 14:23:31,648 [INFO] [2090/5283] 300798.SZ 写入 0 条
2026-06-16 14:23:32,168 [INFO] [2091/5283] 300800.SZ 写入 0 条
2026-06-16 14:23:32,685 [INFO] [2092/5283] 300801.SZ 写入 0 条
2026-06-16 14:23:33,195 [INFO] [2093/5283] 300802.SZ 写入 0 条
2026-06-16 14:23:33,741 [INFO] [2094/5283] 300803.SZ 写入 0 条
2026-06-16 14:23:34,227 [INFO] [2095/5283] 300804.SZ 写入 0 条
2026-06-16 14:23:34,736 [INFO] [2096/5283] 300805.SZ 写入 0 条
2026-06-16 14:23:35,265 [INFO] [2097/5283] 300806.SZ 写入 0 条
2026-06-16 14:23:35,810 [INFO] [2098/5283] 300807.SZ 写入 0 条
2026-06-16 14:23:36,359 [INFO] [2099/5283] 300808.SZ 写入 0 条
2026-06-16 14:23:36,892 [INFO] [2100/5283] 300809.SZ 写入 0 条
2026-06-16 14:23:37,251 [INFO] 进度: 已完成 2100, 失败 0, 跳过 0
2026-06-16 14:23:37,414 [INFO] [2101/5283] 300810.SZ 写入 0 条
2026-06-16 14:23:37,924 [INFO] [2102/5283] 300811.SZ 写入 0 条
2026-06-16 14:23:38,424 [INFO] [2103/5283] 300812.SZ 写入 0 条
2026-06-16 14:23:38,946 [INFO] [2104/5283] 300813.SZ 写入 0 条
2026-06-16 14:23:39,485 [INFO] [2105/5283] 300814.SZ 写入 0 条
2026-06-16 14:23:40,082 [INFO] [2106/5283] 300815.SZ 写入 0 条
2026-06-16 14:23:40,678 [INFO] [2107/5283] 300816.SZ 写入 0 条
2026-06-16 14:23:41,412 [INFO] [2108/5283] 300817.SZ 写入 0 条
2026-06-16 14:23:41,951 [INFO] [2109/5283] 300818.SZ 写入 0 条
2026-06-16 14:23:42,486 [INFO] [2110/5283] 300819.SZ 写入 0 条
2026-06-16 14:23:43,044 [INFO] [2111/5283] 300820.SZ 写入 0 条
2026-06-16 14:23:43,547 [INFO] [2112/5283] 300821.SZ 写入 0 条
2026-06-16 14:23:44,411 [INFO] [2113/5283] 300822.SZ 写入 0 条
2026-06-16 14:23:45,027 [INFO] [2114/5283] 300823.SZ 写入 0 条
2026-06-16 14:23:45,551 [INFO] [2115/5283] 300824.SZ 写入 0 条
2026-06-16 14:23:46,200 [INFO] [2116/5283] 300825.SZ 写入 0 条
2026-06-16 14:23:46,725 [INFO] [2117/5283] 300826.SZ 写入 0 条
2026-06-16 14:23:47,248 [INFO] [2118/5283] 300827.SZ 写入 0 条
2026-06-16 14:23:47,917 [INFO] [2119/5283] 300828.SZ 写入 0 条
2026-06-16 14:23:48,544 [INFO] [2120/5283] 300829.SZ 写入 0 条
2026-06-16 14:23:49,208 [INFO] [2121/5283] 300830.SZ 写入 0 条
2026-06-16 14:23:49,929 [INFO] [2122/5283] 300832.SZ 写入 0 条
2026-06-16 14:23:50,607 [INFO] [2123/5283] 300833.SZ 写入 0 条
2026-06-16 14:23:51,117 [INFO] [2124/5283] 300834.SZ 写入 0 条
2026-06-16 14:23:51,644 [INFO] [2125/5283] 300835.SZ 写入 0 条
2026-06-16 14:23:52,162 [INFO] [2126/5283] 300836.SZ 写入 0 条
2026-06-16 14:23:52,988 [INFO] [2127/5283] 300837.SZ 写入 0 条
2026-06-16 14:23:53,509 [INFO] [2128/5283] 300838.SZ 写入 0 条
2026-06-16 14:23:54,060 [INFO] [2129/5283] 300839.SZ 写入 0 条
2026-06-16 14:23:54,563 [INFO] [2130/5283] 300840.SZ 写入 0 条
2026-06-16 14:23:55,120 [INFO] [2131/5283] 300841.SZ 写入 0 条
2026-06-16 14:23:55,623 [INFO] [2132/5283] 300842.SZ 写入 0 条
2026-06-16 14:23:56,169 [INFO] [2133/5283] 300843.SZ 写入 0 条
2026-06-16 14:23:56,692 [INFO] [2134/5283] 300844.SZ 写入 0 条
2026-06-16 14:23:57,226 [INFO] [2135/5283] 300845.SZ 写入 0 条
2026-06-16 14:23:57,731 [INFO] [2136/5283] 300846.SZ 写入 0 条
2026-06-16 14:23:58,271 [INFO] [2137/5283] 300847.SZ 写入 0 条
2026-06-16 14:23:58,793 [INFO] [2138/5283] 300848.SZ 写入 0 条
2026-06-16 14:23:59,321 [INFO] [2139/5283] 300849.SZ 写入 0 条
2026-06-16 14:23:59,830 [INFO] [2140/5283] 300850.SZ 写入 0 条
2026-06-16 14:24:00,464 [INFO] [2141/5283] 300851.SZ 写入 0 条
2026-06-16 14:24:00,965 [INFO] [2142/5283] 300852.SZ 写入 0 条
2026-06-16 14:24:01,509 [INFO] [2143/5283] 300853.SZ 写入 0 条
2026-06-16 14:24:02,042 [INFO] [2144/5283] 300854.SZ 写入 0 条
2026-06-16 14:24:02,725 [INFO] [2145/5283] 300855.SZ 写入 0 条
2026-06-16 14:24:03,274 [INFO] [2146/5283] 300856.SZ 写入 0 条
2026-06-16 14:24:03,830 [INFO] [2147/5283] 300857.SZ 写入 0 条
2026-06-16 14:24:04,340 [INFO] [2148/5283] 300858.SZ 写入 0 条
2026-06-16 14:24:04,862 [INFO] [2149/5283] 300859.SZ 写入 0 条
2026-06-16 14:24:05,430 [INFO] [2150/5283] 300860.SZ 写入 0 条
2026-06-16 14:24:05,796 [INFO] 进度: 已完成 2150, 失败 0, 跳过 0
2026-06-16 14:24:06,100 [INFO] [2151/5283] 300861.SZ 写入 0 条
2026-06-16 14:24:06,752 [INFO] [2152/5283] 300862.SZ 写入 0 条
2026-06-16 14:24:07,301 [INFO] [2153/5283] 300863.SZ 写入 0 条
2026-06-16 14:24:07,819 [INFO] [2154/5283] 300864.SZ 写入 0 条
2026-06-16 14:24:08,344 [INFO] [2155/5283] 300865.SZ 写入 0 条
2026-06-16 14:24:08,841 [INFO] [2156/5283] 300866.SZ 写入 0 条
2026-06-16 14:24:09,373 [INFO] [2157/5283] 300867.SZ 写入 0 条
2026-06-16 14:24:09,905 [INFO] [2158/5283] 300868.SZ 写入 0 条
2026-06-16 14:24:10,462 [INFO] [2159/5283] 300869.SZ 写入 0 条
2026-06-16 14:24:10,983 [INFO] [2160/5283] 300870.SZ 写入 0 条
2026-06-16 14:24:11,482 [INFO] [2161/5283] 300871.SZ 写入 0 条
2026-06-16 14:24:12,075 [INFO] [2162/5283] 300872.SZ 写入 0 条
2026-06-16 14:24:12,663 [INFO] [2163/5283] 300873.SZ 写入 0 条
2026-06-16 14:24:13,259 [INFO] [2164/5283] 300875.SZ 写入 0 条
2026-06-16 14:24:13,747 [INFO] [2165/5283] 300876.SZ 写入 0 条
2026-06-16 14:24:14,259 [INFO] [2166/5283] 300877.SZ 写入 0 条
2026-06-16 14:24:14,757 [INFO] [2167/5283] 300878.SZ 写入 0 条
2026-06-16 14:24:15,275 [INFO] [2168/5283] 300879.SZ 写入 0 条
2026-06-16 14:24:15,758 [INFO] [2169/5283] 300880.SZ 写入 0 条
2026-06-16 14:24:16,307 [INFO] [2170/5283] 300881.SZ 写入 0 条
2026-06-16 14:24:16,812 [INFO] [2171/5283] 300882.SZ 写入 0 条
2026-06-16 14:24:17,315 [INFO] [2172/5283] 300883.SZ 写入 0 条
2026-06-16 14:24:17,828 [INFO] [2173/5283] 300884.SZ 写入 0 条
2026-06-16 14:24:18,316 [INFO] [2174/5283] 300885.SZ 写入 0 条
2026-06-16 14:24:18,844 [INFO] [2175/5283] 300886.SZ 写入 0 条
2026-06-16 14:24:19,349 [INFO] [2176/5283] 300887.SZ 写入 0 条
2026-06-16 14:24:19,855 [INFO] [2177/5283] 300888.SZ 写入 0 条
2026-06-16 14:24:20,409 [INFO] [2178/5283] 300889.SZ 写入 0 条
2026-06-16 14:24:20,942 [INFO] [2179/5283] 300890.SZ 写入 0 条
2026-06-16 14:24:21,450 [INFO] [2180/5283] 300891.SZ 写入 0 条
2026-06-16 14:24:21,954 [INFO] [2181/5283] 300892.SZ 写入 0 条
2026-06-16 14:24:22,443 [INFO] [2182/5283] 300893.SZ 写入 0 条
2026-06-16 14:24:22,954 [INFO] [2183/5283] 300894.SZ 写入 0 条
2026-06-16 14:24:23,780 [INFO] [2184/5283] 300895.SZ 写入 0 条
2026-06-16 14:24:24,382 [INFO] [2185/5283] 300896.SZ 写入 0 条
2026-06-16 14:24:25,150 [INFO] [2186/5283] 300897.SZ 写入 0 条
2026-06-16 14:24:26,051 [INFO] [2187/5283] 300898.SZ 写入 0 条
2026-06-16 14:24:26,768 [INFO] [2188/5283] 300899.SZ 写入 0 条
2026-06-16 14:24:27,491 [INFO] [2189/5283] 300900.SZ 写入 0 条
2026-06-16 14:24:28,188 [INFO] [2190/5283] 300901.SZ 写入 0 条
2026-06-16 14:24:28,726 [INFO] [2191/5283] 300902.SZ 写入 0 条
2026-06-16 14:24:29,308 [INFO] [2192/5283] 300903.SZ 写入 0 条
2026-06-16 14:24:29,860 [INFO] [2193/5283] 300904.SZ 写入 0 条
2026-06-16 14:24:30,383 [INFO] [2194/5283] 300905.SZ 写入 0 条
2026-06-16 14:24:30,954 [INFO] [2195/5283] 300906.SZ 写入 0 条
2026-06-16 14:24:31,454 [INFO] [2196/5283] 300907.SZ 写入 0 条
2026-06-16 14:24:32,019 [INFO] [2197/5283] 300908.SZ 写入 0 条
2026-06-16 14:24:32,577 [INFO] [2198/5283] 300909.SZ 写入 0 条
2026-06-16 14:24:33,179 [INFO] [2199/5283] 300910.SZ 写入 0 条
2026-06-16 14:24:33,703 [INFO] [2200/5283] 300911.SZ 写入 0 条
2026-06-16 14:24:34,066 [INFO] 进度: 已完成 2200, 失败 0, 跳过 0
2026-06-16 14:24:34,257 [INFO] [2201/5283] 300912.SZ 写入 0 条
2026-06-16 14:24:34,788 [INFO] [2202/5283] 300913.SZ 写入 0 条
2026-06-16 14:24:35,348 [INFO] [2203/5283] 300915.SZ 写入 0 条
2026-06-16 14:24:35,889 [INFO] [2204/5283] 300916.SZ 写入 0 条
2026-06-16 14:24:36,459 [INFO] [2205/5283] 300917.SZ 写入 0 条
2026-06-16 14:24:37,066 [INFO] [2206/5283] 300918.SZ 写入 0 条
2026-06-16 14:24:37,605 [INFO] [2207/5283] 300919.SZ 写入 0 条
2026-06-16 14:24:38,137 [INFO] [2208/5283] 300920.SZ 写入 0 条
2026-06-16 14:24:38,639 [INFO] [2209/5283] 300921.SZ 写入 0 条
2026-06-16 14:24:39,736 [INFO] [2210/5283] 300922.SZ 写入 0 条
2026-06-16 14:24:40,425 [INFO] [2211/5283] 300923.SZ 写入 0 条
2026-06-16 14:24:41,095 [INFO] [2212/5283] 300925.SZ 写入 0 条
2026-06-16 14:24:41,616 [INFO] [2213/5283] 300926.SZ 写入 0 条
2026-06-16 14:24:42,219 [INFO] [2214/5283] 300927.SZ 写入 0 条
2026-06-16 14:24:42,725 [INFO] [2215/5283] 300928.SZ 写入 0 条
2026-06-16 14:24:43,243 [INFO] [2216/5283] 300929.SZ 写入 0 条
2026-06-16 14:24:43,732 [INFO] [2217/5283] 300930.SZ 写入 0 条
2026-06-16 14:24:44,274 [INFO] [2218/5283] 300931.SZ 写入 0 条
2026-06-16 14:24:44,749 [INFO] [2219/5283] 300932.SZ 写入 0 条
2026-06-16 14:24:45,283 [INFO] [2220/5283] 300933.SZ 写入 0 条
2026-06-16 14:24:45,786 [INFO] [2221/5283] 300935.SZ 写入 0 条
2026-06-16 14:24:46,298 [INFO] [2222/5283] 300936.SZ 写入 0 条
2026-06-16 14:24:46,831 [INFO] [2223/5283] 300937.SZ 写入 0 条
2026-06-16 14:24:47,359 [INFO] [2224/5283] 300938.SZ 写入 0 条
2026-06-16 14:24:47,885 [INFO] [2225/5283] 300939.SZ 写入 0 条
2026-06-16 14:24:48,386 [INFO] [2226/5283] 300940.SZ 写入 0 条
2026-06-16 14:24:48,935 [INFO] [2227/5283] 300941.SZ 写入 0 条
2026-06-16 14:24:49,449 [INFO] [2228/5283] 300942.SZ 写入 0 条
2026-06-16 14:24:49,977 [INFO] [2229/5283] 300943.SZ 写入 0 条
2026-06-16 14:24:50,473 [INFO] [2230/5283] 300945.SZ 写入 0 条
2026-06-16 14:24:51,013 [INFO] [2231/5283] 300946.SZ 写入 0 条
2026-06-16 14:24:51,492 [INFO] [2232/5283] 300947.SZ 写入 0 条
2026-06-16 14:24:52,008 [INFO] [2233/5283] 300948.SZ 写入 0 条
2026-06-16 14:24:52,519 [INFO] [2234/5283] 300949.SZ 写入 0 条
2026-06-16 14:24:53,027 [INFO] [2235/5283] 300950.SZ 写入 0 条
2026-06-16 14:24:53,503 [INFO] [2236/5283] 300951.SZ 写入 0 条
2026-06-16 14:24:54,002 [INFO] [2237/5283] 300952.SZ 写入 0 条
2026-06-16 14:24:54,487 [INFO] [2238/5283] 300953.SZ 写入 0 条
2026-06-16 14:24:54,977 [INFO] [2239/5283] 300955.SZ 写入 0 条
2026-06-16 14:24:55,473 [INFO] [2240/5283] 300956.SZ 写入 0 条
2026-06-16 14:24:55,959 [INFO] [2241/5283] 300957.SZ 写入 0 条
2026-06-16 14:24:56,462 [INFO] [2242/5283] 300958.SZ 写入 0 条
2026-06-16 14:24:56,991 [INFO] [2243/5283] 300959.SZ 写入 0 条
2026-06-16 14:24:57,536 [INFO] [2244/5283] 300960.SZ 写入 0 条
2026-06-16 14:24:58,077 [INFO] [2245/5283] 300961.SZ 写入 0 条
2026-06-16 14:24:58,569 [INFO] [2246/5283] 300962.SZ 写入 0 条
2026-06-16 14:24:59,086 [INFO] [2247/5283] 300963.SZ 写入 0 条
2026-06-16 14:24:59,788 [INFO] [2248/5283] 300964.SZ 写入 0 条
2026-06-16 14:25:00,459 [INFO] [2249/5283] 300965.SZ 写入 0 条
2026-06-16 14:25:01,004 [INFO] [2250/5283] 300966.SZ 写入 0 条
2026-06-16 14:25:01,443 [INFO] 进度: 已完成 2250, 失败 0, 跳过 0
2026-06-16 14:25:01,935 [INFO] [2251/5283] 300967.SZ 写入 0 条
2026-06-16 14:25:02,427 [INFO] [2252/5283] 300968.SZ 写入 0 条
2026-06-16 14:25:03,367 [INFO] [2253/5283] 300969.SZ 写入 0 条
2026-06-16 14:25:03,901 [INFO] [2254/5283] 300970.SZ 写入 0 条
2026-06-16 14:25:04,424 [INFO] [2255/5283] 300971.SZ 写入 0 条
2026-06-16 14:25:05,012 [INFO] [2256/5283] 300972.SZ 写入 0 条
2026-06-16 14:25:05,526 [INFO] [2257/5283] 300973.SZ 写入 0 条
2026-06-16 14:25:06,496 [INFO] [2258/5283] 300975.SZ 写入 0 条
2026-06-16 14:25:07,046 [INFO] [2259/5283] 300976.SZ 写入 0 条
2026-06-16 14:25:07,589 [INFO] [2260/5283] 300977.SZ 写入 0 条
2026-06-16 14:25:08,132 [INFO] [2261/5283] 300978.SZ 写入 0 条
2026-06-16 14:25:08,662 [INFO] [2262/5283] 300979.SZ 写入 0 条
2026-06-16 14:25:09,264 [INFO] [2263/5283] 300980.SZ 写入 0 条
2026-06-16 14:25:09,913 [INFO] [2264/5283] 300981.SZ 写入 0 条
2026-06-16 14:25:10,650 [INFO] [2265/5283] 300982.SZ 写入 0 条
2026-06-16 14:25:11,268 [INFO] [2266/5283] 300983.SZ 写入 0 条
2026-06-16 14:25:11,815 [INFO] [2267/5283] 300984.SZ 写入 0 条
2026-06-16 14:25:12,360 [INFO] [2268/5283] 300985.SZ 写入 0 条
2026-06-16 14:25:12,875 [INFO] [2269/5283] 300986.SZ 写入 0 条
2026-06-16 14:25:13,478 [INFO] [2270/5283] 300987.SZ 写入 0 条
2026-06-16 14:25:14,016 [INFO] [2271/5283] 300988.SZ 写入 0 条
2026-06-16 14:25:14,618 [INFO] [2272/5283] 300989.SZ 写入 0 条
2026-06-16 14:25:15,189 [INFO] [2273/5283] 300990.SZ 写入 0 条
2026-06-16 14:25:15,797 [INFO] [2274/5283] 300991.SZ 写入 0 条
2026-06-16 14:25:16,292 [INFO] [2275/5283] 300992.SZ 写入 0 条
2026-06-16 14:25:16,800 [INFO] [2276/5283] 300993.SZ 写入 0 条
2026-06-16 14:25:17,296 [INFO] [2277/5283] 300994.SZ 写入 0 条
2026-06-16 14:25:17,814 [INFO] [2278/5283] 300995.SZ 写入 0 条
2026-06-16 14:25:18,331 [INFO] [2279/5283] 300996.SZ 写入 0 条
2026-06-16 14:25:18,850 [INFO] [2280/5283] 300997.SZ 写入 0 条
2026-06-16 14:25:19,381 [INFO] [2281/5283] 300998.SZ 写入 0 条
2026-06-16 14:25:19,918 [INFO] [2282/5283] 300999.SZ 写入 0 条
2026-06-16 14:25:20,925 [INFO] [2283/5283] 301000.SZ 写入 0 条
2026-06-16 14:25:21,503 [INFO] [2284/5283] 301001.SZ 写入 0 条
2026-06-16 14:25:22,040 [INFO] [2285/5283] 301002.SZ 写入 0 条
2026-06-16 14:25:22,565 [INFO] [2286/5283] 301003.SZ 写入 0 条
2026-06-16 14:25:23,098 [INFO] [2287/5283] 301004.SZ 写入 0 条
2026-06-16 14:25:23,630 [INFO] [2288/5283] 301005.SZ 写入 0 条
2026-06-16 14:25:24,202 [INFO] [2289/5283] 301006.SZ 写入 0 条
2026-06-16 14:25:25,288 [INFO] [2290/5283] 301007.SZ 写入 0 条
2026-06-16 14:25:25,818 [INFO] [2291/5283] 301008.SZ 写入 0 条
2026-06-16 14:25:26,313 [INFO] [2292/5283] 301009.SZ 写入 0 条
2026-06-16 14:25:26,820 [INFO] [2293/5283] 301010.SZ 写入 0 条
2026-06-16 14:25:27,354 [INFO] [2294/5283] 301011.SZ 写入 0 条
2026-06-16 14:25:27,932 [INFO] [2295/5283] 301012.SZ 写入 0 条
2026-06-16 14:25:28,527 [INFO] [2296/5283] 301013.SZ 写入 0 条
2026-06-16 14:25:29,042 [INFO] [2297/5283] 301015.SZ 写入 0 条
2026-06-16 14:25:29,540 [INFO] [2298/5283] 301016.SZ 写入 0 条
2026-06-16 14:25:30,031 [INFO] [2299/5283] 301017.SZ 写入 0 条
2026-06-16 14:25:30,524 [INFO] [2300/5283] 301018.SZ 写入 0 条
2026-06-16 14:25:30,881 [INFO] 进度: 已完成 2300, 失败 0, 跳过 0
2026-06-16 14:25:31,330 [INFO] [2301/5283] 301019.SZ 写入 0 条
2026-06-16 14:25:31,838 [INFO] [2302/5283] 301020.SZ 写入 0 条
2026-06-16 14:25:32,345 [INFO] [2303/5283] 301021.SZ 写入 0 条
2026-06-16 14:25:32,841 [INFO] [2304/5283] 301022.SZ 写入 0 条
2026-06-16 14:25:33,350 [INFO] [2305/5283] 301023.SZ 写入 0 条
2026-06-16 14:25:33,880 [INFO] [2306/5283] 301024.SZ 写入 0 条
2026-06-16 14:25:34,447 [INFO] [2307/5283] 301025.SZ 写入 0 条
2026-06-16 14:25:35,070 [INFO] [2308/5283] 301026.SZ 写入 0 条
2026-06-16 14:25:35,583 [INFO] [2309/5283] 301027.SZ 写入 0 条
2026-06-16 14:25:36,101 [INFO] [2310/5283] 301028.SZ 写入 0 条
2026-06-16 14:25:36,597 [INFO] [2311/5283] 301029.SZ 写入 0 条
2026-06-16 14:25:37,129 [INFO] [2312/5283] 301031.SZ 写入 0 条
2026-06-16 14:25:37,633 [INFO] [2313/5283] 301032.SZ 写入 0 条
2026-06-16 14:25:38,123 [INFO] [2314/5283] 301033.SZ 写入 0 条
2026-06-16 14:25:38,662 [INFO] [2315/5283] 301035.SZ 写入 0 条
2026-06-16 14:25:39,175 [INFO] [2316/5283] 301036.SZ 写入 0 条
2026-06-16 14:25:39,686 [INFO] [2317/5283] 301037.SZ 写入 0 条
2026-06-16 14:25:40,287 [INFO] [2318/5283] 301038.SZ 写入 0 条
2026-06-16 14:25:40,785 [INFO] [2319/5283] 301039.SZ 写入 0 条
2026-06-16 14:25:41,770 [INFO] [2320/5283] 301040.SZ 写入 0 条
2026-06-16 14:25:42,334 [INFO] [2321/5283] 301041.SZ 写入 0 条
2026-06-16 14:25:42,836 [INFO] [2322/5283] 301042.SZ 写入 0 条
2026-06-16 14:25:43,407 [INFO] [2323/5283] 301043.SZ 写入 0 条
2026-06-16 14:25:43,905 [INFO] [2324/5283] 301045.SZ 写入 0 条
2026-06-16 14:25:44,393 [INFO] [2325/5283] 301046.SZ 写入 0 条
2026-06-16 14:25:44,914 [INFO] [2326/5283] 301047.SZ 写入 0 条
2026-06-16 14:25:45,423 [INFO] [2327/5283] 301048.SZ 写入 0 条
2026-06-16 14:25:45,955 [INFO] [2328/5283] 301049.SZ 写入 0 条
2026-06-16 14:25:46,635 [INFO] [2329/5283] 301050.SZ 写入 0 条
2026-06-16 14:25:47,166 [INFO] [2330/5283] 301051.SZ 写入 0 条
2026-06-16 14:25:47,675 [INFO] [2331/5283] 301052.SZ 写入 0 条
2026-06-16 14:25:48,284 [INFO] [2332/5283] 301053.SZ 写入 0 条
2026-06-16 14:25:48,854 [INFO] [2333/5283] 301055.SZ 写入 0 条
2026-06-16 14:25:49,532 [INFO] [2334/5283] 301056.SZ 写入 0 条
2026-06-16 14:25:50,462 [INFO] [2335/5283] 301057.SZ 写入 0 条
2026-06-16 14:25:51,085 [INFO] [2336/5283] 301058.SZ 写入 0 条
2026-06-16 14:25:51,677 [INFO] [2337/5283] 301059.SZ 写入 0 条
2026-06-16 14:25:52,203 [INFO] [2338/5283] 301060.SZ 写入 0 条
2026-06-16 14:25:52,848 [INFO] [2339/5283] 301061.SZ 写入 0 条
2026-06-16 14:25:53,424 [INFO] [2340/5283] 301062.SZ 写入 0 条
2026-06-16 14:25:53,966 [INFO] [2341/5283] 301063.SZ 写入 0 条
2026-06-16 14:25:54,476 [INFO] [2342/5283] 301065.SZ 写入 0 条
2026-06-16 14:25:54,960 [INFO] [2343/5283] 301066.SZ 写入 0 条
2026-06-16 14:25:55,494 [INFO] [2344/5283] 301067.SZ 写入 0 条
2026-06-16 14:25:56,523 [INFO] [2345/5283] 301068.SZ 写入 0 条
2026-06-16 14:25:57,101 [INFO] [2346/5283] 301069.SZ 写入 0 条
2026-06-16 14:25:57,612 [INFO] [2347/5283] 301070.SZ 写入 0 条
2026-06-16 14:25:58,130 [INFO] [2348/5283] 301071.SZ 写入 0 条
2026-06-16 14:25:58,639 [INFO] [2349/5283] 301072.SZ 写入 0 条
2026-06-16 14:25:59,169 [INFO] [2350/5283] 301073.SZ 写入 0 条
2026-06-16 14:25:59,528 [INFO] 进度: 已完成 2350, 失败 0, 跳过 0
2026-06-16 14:25:59,666 [INFO] [2351/5283] 301075.SZ 写入 0 条
2026-06-16 14:26:00,189 [INFO] [2352/5283] 301076.SZ 写入 0 条
2026-06-16 14:26:00,689 [INFO] [2353/5283] 301077.SZ 写入 0 条
2026-06-16 14:26:01,539 [INFO] [2354/5283] 301078.SZ 写入 0 条
2026-06-16 14:26:02,047 [INFO] [2355/5283] 301079.SZ 写入 0 条
2026-06-16 14:26:02,567 [INFO] [2356/5283] 301080.SZ 写入 0 条
2026-06-16 14:26:03,068 [INFO] [2357/5283] 301081.SZ 写入 0 条
2026-06-16 14:26:03,603 [INFO] [2358/5283] 301082.SZ 写入 0 条
2026-06-16 14:26:04,156 [INFO] [2359/5283] 301083.SZ 写入 0 条
2026-06-16 14:26:04,642 [INFO] [2360/5283] 301085.SZ 写入 0 条
2026-06-16 14:26:05,212 [INFO] [2361/5283] 301086.SZ 写入 0 条
2026-06-16 14:26:05,713 [INFO] [2362/5283] 301087.SZ 写入 0 条
2026-06-16 14:26:06,258 [INFO] [2363/5283] 301088.SZ 写入 0 条
2026-06-16 14:26:06,763 [INFO] [2364/5283] 301089.SZ 写入 0 条
2026-06-16 14:26:07,284 [INFO] [2365/5283] 301090.SZ 写入 0 条
2026-06-16 14:26:07,831 [INFO] [2366/5283] 301091.SZ 写入 0 条
2026-06-16 14:26:08,343 [INFO] [2367/5283] 301092.SZ 写入 0 条
2026-06-16 14:26:09,063 [INFO] [2368/5283] 301093.SZ 写入 0 条
2026-06-16 14:26:09,772 [INFO] [2369/5283] 301095.SZ 写入 0 条
2026-06-16 14:26:10,323 [INFO] [2370/5283] 301096.SZ 写入 0 条
2026-06-16 14:26:10,851 [INFO] [2371/5283] 301097.SZ 写入 0 条
2026-06-16 14:26:11,337 [INFO] [2372/5283] 301098.SZ 写入 0 条
2026-06-16 14:26:11,819 [INFO] [2373/5283] 301099.SZ 写入 0 条
2026-06-16 14:26:12,307 [INFO] [2374/5283] 301100.SZ 写入 0 条
2026-06-16 14:26:12,806 [INFO] [2375/5283] 301101.SZ 写入 0 条
2026-06-16 14:26:13,371 [INFO] [2376/5283] 301102.SZ 写入 0 条
2026-06-16 14:26:13,892 [INFO] [2377/5283] 301103.SZ 写入 0 条
2026-06-16 14:26:14,392 [INFO] [2378/5283] 301105.SZ 写入 0 条
2026-06-16 14:26:14,900 [INFO] [2379/5283] 301106.SZ 写入 0 条
2026-06-16 14:26:15,424 [INFO] [2380/5283] 301107.SZ 写入 0 条
2026-06-16 14:26:15,942 [INFO] [2381/5283] 301108.SZ 写入 0 条
2026-06-16 14:26:16,519 [INFO] [2382/5283] 301109.SZ 写入 0 条
2026-06-16 14:26:17,063 [INFO] [2383/5283] 301110.SZ 写入 0 条
2026-06-16 14:26:17,663 [INFO] [2384/5283] 301111.SZ 写入 0 条
2026-06-16 14:26:18,163 [INFO] [2385/5283] 301112.SZ 写入 0 条
2026-06-16 14:26:18,689 [INFO] [2386/5283] 301113.SZ 写入 0 条
2026-06-16 14:26:19,217 [INFO] [2387/5283] 301115.SZ 写入 0 条
2026-06-16 14:26:19,751 [INFO] [2388/5283] 301116.SZ 写入 0 条
2026-06-16 14:26:20,291 [INFO] [2389/5283] 301117.SZ 写入 0 条
2026-06-16 14:26:20,834 [INFO] [2390/5283] 301118.SZ 写入 0 条
2026-06-16 14:26:21,344 [INFO] [2391/5283] 301119.SZ 写入 0 条
2026-06-16 14:26:21,863 [INFO] [2392/5283] 301120.SZ 写入 0 条
2026-06-16 14:26:22,355 [INFO] [2393/5283] 301121.SZ 写入 0 条
2026-06-16 14:26:22,878 [INFO] [2394/5283] 301122.SZ 写入 0 条
2026-06-16 14:26:23,397 [INFO] [2395/5283] 301123.SZ 写入 0 条
2026-06-16 14:26:23,915 [INFO] [2396/5283] 301125.SZ 写入 0 条
2026-06-16 14:26:24,443 [INFO] [2397/5283] 301126.SZ 写入 0 条
2026-06-16 14:26:24,976 [INFO] [2398/5283] 301127.SZ 写入 0 条
2026-06-16 14:26:25,477 [INFO] [2399/5283] 301128.SZ 写入 0 条
2026-06-16 14:26:26,094 [INFO] [2400/5283] 301129.SZ 写入 0 条
2026-06-16 14:26:26,458 [INFO] 进度: 已完成 2400, 失败 0, 跳过 0
2026-06-16 14:26:26,602 [INFO] [2401/5283] 301130.SZ 写入 0 条
2026-06-16 14:26:27,087 [INFO] [2402/5283] 301131.SZ 写入 0 条
2026-06-16 14:26:27,578 [INFO] [2403/5283] 301132.SZ 写入 0 条
2026-06-16 14:26:28,073 [INFO] [2404/5283] 301133.SZ 写入 0 条
2026-06-16 14:26:28,584 [INFO] [2405/5283] 301135.SZ 写入 0 条
2026-06-16 14:26:29,092 [INFO] [2406/5283] 301136.SZ 写入 0 条
2026-06-16 14:26:29,590 [INFO] [2407/5283] 301137.SZ 写入 0 条
2026-06-16 14:26:30,073 [INFO] [2408/5283] 301138.SZ 写入 0 条
2026-06-16 14:26:30,566 [INFO] [2409/5283] 301141.SZ 写入 0 条
2026-06-16 14:26:31,082 [INFO] [2410/5283] 301148.SZ 写入 0 条
2026-06-16 14:26:31,603 [INFO] [2411/5283] 301149.SZ 写入 0 条
2026-06-16 14:26:32,100 [INFO] [2412/5283] 301150.SZ 写入 0 条
2026-06-16 14:26:32,616 [INFO] [2413/5283] 301151.SZ 写入 0 条
2026-06-16 14:26:33,129 [INFO] [2414/5283] 301152.SZ 写入 0 条
2026-06-16 14:26:33,630 [INFO] [2415/5283] 301153.SZ 写入 0 条
2026-06-16 14:26:34,134 [INFO] [2416/5283] 301155.SZ 写入 0 条
2026-06-16 14:26:34,629 [INFO] [2417/5283] 301156.SZ 写入 0 条
2026-06-16 14:26:35,153 [INFO] [2418/5283] 301157.SZ 写入 0 条
2026-06-16 14:26:35,662 [INFO] [2419/5283] 301158.SZ 写入 0 条
2026-06-16 14:26:36,161 [INFO] [2420/5283] 301159.SZ 写入 0 条
2026-06-16 14:26:36,675 [INFO] [2421/5283] 301160.SZ 写入 0 条
2026-06-16 14:26:37,166 [INFO] [2422/5283] 301161.SZ 写入 0 条
2026-06-16 14:26:37,656 [INFO] [2423/5283] 301162.SZ 写入 0 条
2026-06-16 14:26:38,138 [INFO] [2424/5283] 301163.SZ 写入 0 条
2026-06-16 14:26:38,623 [INFO] [2425/5283] 301165.SZ 写入 0 条
2026-06-16 14:26:39,112 [INFO] [2426/5283] 301166.SZ 写入 0 条
2026-06-16 14:26:39,605 [INFO] [2427/5283] 301167.SZ 写入 0 条
2026-06-16 14:26:40,104 [INFO] [2428/5283] 301168.SZ 写入 0 条
2026-06-16 14:26:40,616 [INFO] [2429/5283] 301169.SZ 写入 0 条
2026-06-16 14:26:41,226 [INFO] [2430/5283] 301170.SZ 写入 0 条
2026-06-16 14:26:41,730 [INFO] [2431/5283] 301171.SZ 写入 0 条
2026-06-16 14:26:42,277 [INFO] [2432/5283] 301172.SZ 写入 0 条
2026-06-16 14:26:42,762 [INFO] [2433/5283] 301173.SZ 写入 0 条
2026-06-16 14:26:43,292 [INFO] [2434/5283] 301175.SZ 写入 0 条
2026-06-16 14:26:43,855 [INFO] [2435/5283] 301176.SZ 写入 0 条
2026-06-16 14:26:44,568 [INFO] [2436/5283] 301177.SZ 写入 0 条
2026-06-16 14:26:45,096 [INFO] [2437/5283] 301178.SZ 写入 0 条
2026-06-16 14:26:45,590 [INFO] [2438/5283] 301179.SZ 写入 0 条
2026-06-16 14:26:46,067 [INFO] [2439/5283] 301180.SZ 写入 0 条
2026-06-16 14:26:46,556 [INFO] [2440/5283] 301181.SZ 写入 0 条
2026-06-16 14:26:47,063 [INFO] [2441/5283] 301182.SZ 写入 0 条
2026-06-16 14:26:47,544 [INFO] [2442/5283] 301183.SZ 写入 0 条
2026-06-16 14:26:48,040 [INFO] [2443/5283] 301185.SZ 写入 0 条
2026-06-16 14:26:48,608 [INFO] [2444/5283] 301186.SZ 写入 0 条
2026-06-16 14:26:49,195 [INFO] [2445/5283] 301187.SZ 写入 0 条
2026-06-16 14:26:49,743 [INFO] [2446/5283] 301188.SZ 写入 0 条
2026-06-16 14:26:51,029 [INFO] [2447/5283] 301189.SZ 写入 0 条
2026-06-16 14:26:51,543 [INFO] [2448/5283] 301190.SZ 写入 0 条
2026-06-16 14:26:52,044 [INFO] [2449/5283] 301191.SZ 写入 0 条
2026-06-16 14:26:52,546 [INFO] [2450/5283] 301192.SZ 写入 0 条
2026-06-16 14:26:52,906 [INFO] 进度: 已完成 2450, 失败 0, 跳过 0
2026-06-16 14:26:53,077 [INFO] [2451/5283] 301193.SZ 写入 0 条
2026-06-16 14:26:53,574 [INFO] [2452/5283] 301195.SZ 写入 0 条
2026-06-16 14:26:54,137 [INFO] [2453/5283] 301196.SZ 写入 0 条
2026-06-16 14:26:54,681 [INFO] [2454/5283] 301197.SZ 写入 0 条
2026-06-16 14:26:55,236 [INFO] [2455/5283] 301198.SZ 写入 0 条
2026-06-16 14:26:55,726 [INFO] [2456/5283] 301199.SZ 写入 0 条
2026-06-16 14:26:56,226 [INFO] [2457/5283] 301200.SZ 写入 0 条
2026-06-16 14:26:56,720 [INFO] [2458/5283] 301201.SZ 写入 0 条
2026-06-16 14:26:57,211 [INFO] [2459/5283] 301202.SZ 写入 0 条
2026-06-16 14:26:57,703 [INFO] [2460/5283] 301203.SZ 写入 0 条
2026-06-16 14:26:58,189 [INFO] [2461/5283] 301205.SZ 写入 0 条
2026-06-16 14:26:58,706 [INFO] [2462/5283] 301206.SZ 写入 0 条
2026-06-16 14:26:59,206 [INFO] [2463/5283] 301207.SZ 写入 0 条
2026-06-16 14:26:59,709 [INFO] [2464/5283] 301208.SZ 写入 0 条
2026-06-16 14:27:00,223 [INFO] [2465/5283] 301209.SZ 写入 0 条
2026-06-16 14:27:00,726 [INFO] [2466/5283] 301210.SZ 写入 0 条
2026-06-16 14:27:01,227 [INFO] [2467/5283] 301211.SZ 写入 0 条
2026-06-16 14:27:01,716 [INFO] [2468/5283] 301212.SZ 写入 0 条
2026-06-16 14:27:02,207 [INFO] [2469/5283] 301213.SZ 写入 0 条
2026-06-16 14:27:02,725 [INFO] [2470/5283] 301215.SZ 写入 0 条
2026-06-16 14:27:03,218 [INFO] [2471/5283] 301216.SZ 写入 0 条
2026-06-16 14:27:03,758 [INFO] [2472/5283] 301217.SZ 写入 0 条
2026-06-16 14:27:04,266 [INFO] [2473/5283] 301218.SZ 写入 0 条
2026-06-16 14:27:04,849 [INFO] [2474/5283] 301219.SZ 写入 0 条
2026-06-16 14:27:05,372 [INFO] [2475/5283] 301220.SZ 写入 0 条
2026-06-16 14:27:05,951 [INFO] [2476/5283] 301221.SZ 写入 0 条
2026-06-16 14:27:06,662 [INFO] [2477/5283] 301222.SZ 写入 0 条
2026-06-16 14:27:07,177 [INFO] [2478/5283] 301223.SZ 写入 0 条
2026-06-16 14:27:07,691 [INFO] [2479/5283] 301225.SZ 写入 0 条
2026-06-16 14:27:08,238 [INFO] [2480/5283] 301226.SZ 写入 0 条
2026-06-16 14:27:08,734 [INFO] [2481/5283] 301227.SZ 写入 0 条
2026-06-16 14:27:09,256 [INFO] [2482/5283] 301228.SZ 写入 0 条
2026-06-16 14:27:09,736 [INFO] [2483/5283] 301229.SZ 写入 0 条
2026-06-16 14:27:10,394 [INFO] [2484/5283] 301230.SZ 写入 0 条
2026-06-16 14:27:10,900 [INFO] [2485/5283] 301231.SZ 写入 0 条
2026-06-16 14:27:11,417 [INFO] [2486/5283] 301232.SZ 写入 0 条
2026-06-16 14:27:11,912 [INFO] [2487/5283] 301233.SZ 写入 0 条
2026-06-16 14:27:12,441 [INFO] [2488/5283] 301234.SZ 写入 0 条
2026-06-16 14:27:12,938 [INFO] [2489/5283] 301235.SZ 写入 0 条
2026-06-16 14:27:13,509 [INFO] [2490/5283] 301236.SZ 写入 0 条
2026-06-16 14:27:14,041 [INFO] [2491/5283] 301237.SZ 写入 0 条
2026-06-16 14:27:14,553 [INFO] [2492/5283] 301238.SZ 写入 0 条
2026-06-16 14:27:15,110 [INFO] [2493/5283] 301239.SZ 写入 0 条
2026-06-16 14:27:15,657 [INFO] [2494/5283] 301246.SZ 写入 0 条
2026-06-16 14:27:16,293 [INFO] [2495/5283] 301248.SZ 写入 0 条
2026-06-16 14:27:16,787 [INFO] [2496/5283] 301251.SZ 写入 0 条
2026-06-16 14:27:17,346 [INFO] [2497/5283] 301252.SZ 写入 0 条
2026-06-16 14:27:17,864 [INFO] [2498/5283] 301255.SZ 写入 0 条
2026-06-16 14:27:18,427 [INFO] [2499/5283] 301256.SZ 写入 0 条
2026-06-16 14:27:19,239 [INFO] [2500/5283] 301257.SZ 写入 0 条
2026-06-16 14:27:19,599 [INFO] 进度: 已完成 2500, 失败 0, 跳过 0
2026-06-16 14:27:19,773 [INFO] [2501/5283] 301258.SZ 写入 0 条
2026-06-16 14:27:20,302 [INFO] [2502/5283] 301259.SZ 写入 0 条
2026-06-16 14:27:20,902 [INFO] [2503/5283] 301260.SZ 写入 0 条
2026-06-16 14:27:21,384 [INFO] [2504/5283] 301261.SZ 写入 0 条
2026-06-16 14:27:21,870 [INFO] [2505/5283] 301262.SZ 写入 0 条
2026-06-16 14:27:22,384 [INFO] [2506/5283] 301263.SZ 写入 0 条
2026-06-16 14:27:22,878 [INFO] [2507/5283] 301265.SZ 写入 0 条
2026-06-16 14:27:23,461 [INFO] [2508/5283] 301266.SZ 写入 0 条
2026-06-16 14:27:23,985 [INFO] [2509/5283] 301267.SZ 写入 0 条
2026-06-16 14:27:24,478 [INFO] [2510/5283] 301268.SZ 写入 0 条
2026-06-16 14:27:24,974 [INFO] [2511/5283] 301269.SZ 写入 0 条
2026-06-16 14:27:25,461 [INFO] [2512/5283] 301270.SZ 写入 0 条
2026-06-16 14:27:25,965 [INFO] [2513/5283] 301272.SZ 写入 0 条
2026-06-16 14:27:26,481 [INFO] [2514/5283] 301273.SZ 写入 0 条
2026-06-16 14:27:26,967 [INFO] [2515/5283] 301275.SZ 写入 0 条
2026-06-16 14:27:27,480 [INFO] [2516/5283] 301276.SZ 写入 0 条
2026-06-16 14:27:28,034 [INFO] [2517/5283] 301277.SZ 写入 0 条
2026-06-16 14:27:28,528 [INFO] [2518/5283] 301278.SZ 写入 0 条
2026-06-16 14:27:29,030 [INFO] [2519/5283] 301279.SZ 写入 0 条
2026-06-16 14:27:29,545 [INFO] [2520/5283] 301280.SZ 写入 0 条
2026-06-16 14:27:30,256 [INFO] [2521/5283] 301281.SZ 写入 0 条
2026-06-16 14:27:30,927 [INFO] [2522/5283] 301282.SZ 写入 0 条
2026-06-16 14:27:31,459 [INFO] [2523/5283] 301283.SZ 写入 0 条
2026-06-16 14:27:31,947 [INFO] [2524/5283] 301285.SZ 写入 0 条
2026-06-16 14:27:32,441 [INFO] [2525/5283] 301286.SZ 写入 0 条
2026-06-16 14:27:32,931 [INFO] [2526/5283] 301287.SZ 写入 0 条
2026-06-16 14:27:33,445 [INFO] [2527/5283] 301288.SZ 写入 0 条
2026-06-16 14:27:33,947 [INFO] [2528/5283] 301289.SZ 写入 0 条
2026-06-16 14:27:34,442 [INFO] [2529/5283] 301290.SZ 写入 0 条
2026-06-16 14:27:34,943 [INFO] [2530/5283] 301291.SZ 写入 0 条
2026-06-16 14:27:35,414 [INFO] [2531/5283] 301292.SZ 写入 0 条
2026-06-16 14:27:35,899 [INFO] [2532/5283] 301293.SZ 写入 0 条
2026-06-16 14:27:36,408 [INFO] [2533/5283] 301295.SZ 写入 0 条
2026-06-16 14:27:36,939 [INFO] [2534/5283] 301296.SZ 写入 0 条
2026-06-16 14:27:37,438 [INFO] [2535/5283] 301297.SZ 写入 0 条
2026-06-16 14:27:37,951 [INFO] [2536/5283] 301298.SZ 写入 0 条
2026-06-16 14:27:38,455 [INFO] [2537/5283] 301299.SZ 写入 0 条
2026-06-16 14:27:38,964 [INFO] [2538/5283] 301300.SZ 写入 0 条
2026-06-16 14:27:39,447 [INFO] [2539/5283] 301301.SZ 写入 0 条
2026-06-16 14:27:39,977 [INFO] [2540/5283] 301302.SZ 写入 0 条
2026-06-16 14:27:40,465 [INFO] [2541/5283] 301303.SZ 写入 0 条
2026-06-16 14:27:40,949 [INFO] [2542/5283] 301305.SZ 写入 0 条
2026-06-16 14:27:41,437 [INFO] [2543/5283] 301306.SZ 写入 0 条
2026-06-16 14:27:41,905 [INFO] [2544/5283] 301307.SZ 写入 0 条
2026-06-16 14:27:42,383 [INFO] [2545/5283] 301308.SZ 写入 0 条
2026-06-16 14:27:42,867 [INFO] [2546/5283] 301309.SZ 写入 0 条
2026-06-16 14:27:43,358 [INFO] [2547/5283] 301310.SZ 写入 0 条
2026-06-16 14:27:43,837 [INFO] [2548/5283] 301311.SZ 写入 0 条
2026-06-16 14:27:44,359 [INFO] [2549/5283] 301312.SZ 写入 0 条
2026-06-16 14:27:44,869 [INFO] [2550/5283] 301313.SZ 写入 0 条
2026-06-16 14:27:45,232 [INFO] 进度: 已完成 2550, 失败 0, 跳过 0
2026-06-16 14:27:45,377 [INFO] [2551/5283] 301314.SZ 写入 0 条
2026-06-16 14:27:45,857 [INFO] [2552/5283] 301315.SZ 写入 0 条
2026-06-16 14:27:46,383 [INFO] [2553/5283] 301316.SZ 写入 0 条
2026-06-16 14:27:46,881 [INFO] [2554/5283] 301317.SZ 写入 0 条
2026-06-16 14:27:47,399 [INFO] [2555/5283] 301318.SZ 写入 0 条
2026-06-16 14:27:47,904 [INFO] [2556/5283] 301319.SZ 写入 0 条
2026-06-16 14:27:48,400 [INFO] [2557/5283] 301320.SZ 写入 0 条
2026-06-16 14:27:48,942 [INFO] [2558/5283] 301321.SZ 写入 0 条
2026-06-16 14:27:49,418 [INFO] [2559/5283] 301322.SZ 写入 0 条
2026-06-16 14:27:49,913 [INFO] [2560/5283] 301323.SZ 写入 0 条
2026-06-16 14:27:50,391 [INFO] [2561/5283] 301325.SZ 写入 0 条
2026-06-16 14:27:50,870 [INFO] [2562/5283] 301326.SZ 写入 0 条
2026-06-16 14:27:51,386 [INFO] [2563/5283] 301327.SZ 写入 0 条
2026-06-16 14:27:51,857 [INFO] [2564/5283] 301328.SZ 写入 0 条
2026-06-16 14:27:52,361 [INFO] [2565/5283] 301329.SZ 写入 0 条
2026-06-16 14:27:52,860 [INFO] [2566/5283] 301330.SZ 写入 0 条
2026-06-16 14:27:53,350 [INFO] [2567/5283] 301331.SZ 写入 0 条
2026-06-16 14:27:53,841 [INFO] [2568/5283] 301332.SZ 写入 0 条
2026-06-16 14:27:54,320 [INFO] [2569/5283] 301333.SZ 写入 0 条
2026-06-16 14:27:54,817 [INFO] [2570/5283] 301335.SZ 写入 0 条
2026-06-16 14:27:55,294 [INFO] [2571/5283] 301336.SZ 写入 0 条
2026-06-16 14:27:55,798 [INFO] [2572/5283] 301337.SZ 写入 0 条
2026-06-16 14:27:56,301 [INFO] [2573/5283] 301338.SZ 写入 0 条
2026-06-16 14:27:56,807 [INFO] [2574/5283] 301339.SZ 写入 0 条
2026-06-16 14:27:57,291 [INFO] [2575/5283] 301345.SZ 写入 0 条
2026-06-16 14:27:57,779 [INFO] [2576/5283] 301348.SZ 写入 0 条
2026-06-16 14:27:58,287 [INFO] [2577/5283] 301349.SZ 写入 0 条
2026-06-16 14:27:58,818 [INFO] [2578/5283] 301353.SZ 写入 0 条
2026-06-16 14:27:59,314 [INFO] [2579/5283] 301355.SZ 写入 0 条
2026-06-16 14:27:59,803 [INFO] [2580/5283] 301356.SZ 写入 0 条
2026-06-16 14:28:00,279 [INFO] [2581/5283] 301357.SZ 写入 0 条
2026-06-16 14:28:00,766 [INFO] [2582/5283] 301358.SZ 写入 0 条
2026-06-16 14:28:01,252 [INFO] [2583/5283] 301359.SZ 写入 0 条
2026-06-16 14:28:01,723 [INFO] [2584/5283] 301360.SZ 写入 0 条
2026-06-16 14:28:02,233 [INFO] [2585/5283] 301361.SZ 写入 0 条
2026-06-16 14:28:02,745 [INFO] [2586/5283] 301362.SZ 写入 0 条
2026-06-16 14:28:03,227 [INFO] [2587/5283] 301363.SZ 写入 0 条
2026-06-16 14:28:03,710 [INFO] [2588/5283] 301365.SZ 写入 0 条
2026-06-16 14:28:04,184 [INFO] [2589/5283] 301366.SZ 写入 0 条
2026-06-16 14:28:04,695 [INFO] [2590/5283] 301367.SZ 写入 0 条
2026-06-16 14:28:05,188 [INFO] [2591/5283] 301368.SZ 写入 0 条
2026-06-16 14:28:05,709 [INFO] [2592/5283] 301369.SZ 写入 0 条
2026-06-16 14:28:06,202 [INFO] [2593/5283] 301370.SZ 写入 0 条
2026-06-16 14:28:06,695 [INFO] [2594/5283] 301371.SZ 写入 0 条
2026-06-16 14:28:07,200 [INFO] [2595/5283] 301372.SZ 写入 0 条
2026-06-16 14:28:07,696 [INFO] [2596/5283] 301373.SZ 写入 0 条
2026-06-16 14:28:08,204 [INFO] [2597/5283] 301376.SZ 写入 0 条
2026-06-16 14:28:08,689 [INFO] [2598/5283] 301377.SZ 写入 0 条
2026-06-16 14:28:09,404 [INFO] [2599/5283] 301378.SZ 写入 0 条
2026-06-16 14:28:10,147 [INFO] [2600/5283] 301379.SZ 写入 0 条
2026-06-16 14:28:10,524 [INFO] 进度: 已完成 2600, 失败 0, 跳过 0
2026-06-16 14:28:11,179 [INFO] [2601/5283] 301380.SZ 写入 0 条
2026-06-16 14:28:12,067 [INFO] [2602/5283] 301381.SZ 写入 0 条
2026-06-16 14:28:12,948 [INFO] [2603/5283] 301382.SZ 写入 0 条
2026-06-16 14:28:13,472 [INFO] [2604/5283] 301383.SZ 写入 0 条
2026-06-16 14:28:13,980 [INFO] [2605/5283] 301386.SZ 写入 0 条
2026-06-16 14:28:14,504 [INFO] [2606/5283] 301387.SZ 写入 0 条
2026-06-16 14:28:15,031 [INFO] [2607/5283] 301388.SZ 写入 0 条
2026-06-16 14:28:15,549 [INFO] [2608/5283] 301389.SZ 写入 0 条
2026-06-16 14:28:16,078 [INFO] [2609/5283] 301390.SZ 写入 0 条
2026-06-16 14:28:16,577 [INFO] [2610/5283] 301391.SZ 写入 0 条
2026-06-16 14:28:17,074 [INFO] [2611/5283] 301392.SZ 写入 0 条
2026-06-16 14:28:17,615 [INFO] [2612/5283] 301393.SZ 写入 0 条
2026-06-16 14:28:18,129 [INFO] [2613/5283] 301395.SZ 写入 0 条
2026-06-16 14:28:18,634 [INFO] [2614/5283] 301396.SZ 写入 0 条
2026-06-16 14:28:19,139 [INFO] [2615/5283] 301397.SZ 写入 0 条
2026-06-16 14:28:19,645 [INFO] [2616/5283] 301398.SZ 写入 0 条
2026-06-16 14:28:20,289 [INFO] [2617/5283] 301399.SZ 写入 0 条
2026-06-16 14:28:21,160 [INFO] [2618/5283] 301408.SZ 写入 0 条
2026-06-16 14:28:21,651 [INFO] [2619/5283] 301413.SZ 写入 0 条
2026-06-16 14:28:22,168 [INFO] [2620/5283] 301418.SZ 写入 0 条
2026-06-16 14:28:22,676 [INFO] [2621/5283] 301419.SZ 写入 0 条
2026-06-16 14:28:23,224 [INFO] [2622/5283] 301421.SZ 写入 0 条
2026-06-16 14:28:23,741 [INFO] [2623/5283] 301428.SZ 写入 0 条
2026-06-16 14:28:24,279 [INFO] [2624/5283] 301429.SZ 写入 0 条
2026-06-16 14:28:24,905 [INFO] [2625/5283] 301439.SZ 写入 0 条
2026-06-16 14:28:25,442 [INFO] [2626/5283] 301446.SZ 写入 0 条
2026-06-16 14:28:25,941 [INFO] [2627/5283] 301448.SZ 写入 0 条
2026-06-16 14:28:26,412 [INFO] [2628/5283] 301449.SZ 写入 0 条
2026-06-16 14:28:26,913 [INFO] [2629/5283] 301456.SZ 写入 0 条
2026-06-16 14:28:27,406 [INFO] [2630/5283] 301458.SZ 写入 0 条
2026-06-16 14:28:27,906 [INFO] [2631/5283] 301459.SZ 写入 0 条
2026-06-16 14:28:28,402 [INFO] [2632/5283] 301468.SZ 写入 0 条
2026-06-16 14:28:28,899 [INFO] [2633/5283] 301469.SZ 写入 0 条
2026-06-16 14:28:29,397 [INFO] [2634/5283] 301479.SZ 写入 0 条
2026-06-16 14:28:29,905 [INFO] [2635/5283] 301486.SZ 写入 0 条
2026-06-16 14:28:30,426 [INFO] [2636/5283] 301487.SZ 写入 0 条
2026-06-16 14:28:30,991 [INFO] [2637/5283] 301488.SZ 写入 0 条
2026-06-16 14:28:31,514 [INFO] [2638/5283] 301489.SZ 写入 0 条
2026-06-16 14:28:32,019 [INFO] [2639/5283] 301491.SZ 写入 0 条
2026-06-16 14:28:32,538 [INFO] [2640/5283] 301498.SZ 写入 0 条
2026-06-16 14:28:33,069 [INFO] [2641/5283] 301499.SZ 写入 0 条
2026-06-16 14:28:33,628 [INFO] [2642/5283] 301500.SZ 写入 0 条
2026-06-16 14:28:34,126 [INFO] [2643/5283] 301501.SZ 写入 0 条
2026-06-16 14:28:34,613 [INFO] [2644/5283] 301502.SZ 写入 0 条
2026-06-16 14:28:35,164 [INFO] [2645/5283] 301503.SZ 写入 0 条
2026-06-16 14:28:35,679 [INFO] [2646/5283] 301505.SZ 写入 0 条
2026-06-16 14:28:36,237 [INFO] [2647/5283] 301507.SZ 写入 0 条
2026-06-16 14:28:36,757 [INFO] [2648/5283] 301508.SZ 写入 0 条
2026-06-16 14:28:37,243 [INFO] [2649/5283] 301509.SZ 写入 0 条
2026-06-16 14:28:37,741 [INFO] [2650/5283] 301510.SZ 写入 0 条
2026-06-16 14:28:38,101 [INFO] 进度: 已完成 2650, 失败 0, 跳过 0
2026-06-16 14:28:38,277 [INFO] [2651/5283] 301511.SZ 写入 0 条
2026-06-16 14:28:38,773 [INFO] [2652/5283] 301512.SZ 写入 0 条
2026-06-16 14:28:39,288 [INFO] [2653/5283] 301515.SZ 写入 0 条
2026-06-16 14:28:39,828 [INFO] [2654/5283] 301516.SZ 写入 0 条
2026-06-16 14:28:40,335 [INFO] [2655/5283] 301517.SZ 写入 0 条
2026-06-16 14:28:40,879 [INFO] [2656/5283] 301518.SZ 写入 0 条
2026-06-16 14:28:41,425 [INFO] [2657/5283] 301519.SZ 写入 0 条
2026-06-16 14:28:41,937 [INFO] [2658/5283] 301520.SZ 写入 0 条
2026-06-16 14:28:42,492 [INFO] [2659/5283] 301522.SZ 写入 0 条
2026-06-16 14:28:43,047 [INFO] [2660/5283] 301525.SZ 写入 0 条
2026-06-16 14:28:43,547 [INFO] [2661/5283] 301526.SZ 写入 0 条
2026-06-16 14:28:44,055 [INFO] [2662/5283] 301528.SZ 写入 0 条
2026-06-16 14:28:44,555 [INFO] [2663/5283] 301529.SZ 写入 0 条
2026-06-16 14:28:45,076 [INFO] [2664/5283] 301533.SZ 写入 0 条
2026-06-16 14:28:45,584 [INFO] [2665/5283] 301535.SZ 写入 0 条
2026-06-16 14:28:46,075 [INFO] [2666/5283] 301536.SZ 写入 0 条
2026-06-16 14:28:46,673 [INFO] [2667/5283] 301538.SZ 写入 0 条
2026-06-16 14:28:47,161 [INFO] [2668/5283] 301539.SZ 写入 0 条
2026-06-16 14:28:47,708 [INFO] [2669/5283] 301548.SZ 写入 0 条
2026-06-16 14:28:48,236 [INFO] [2670/5283] 301550.SZ 写入 0 条
2026-06-16 14:28:48,737 [INFO] [2671/5283] 301551.SZ 写入 0 条
2026-06-16 14:28:49,258 [INFO] [2672/5283] 301552.SZ 写入 0 条
2026-06-16 14:28:49,915 [INFO] [2673/5283] 301555.SZ 写入 0 条
2026-06-16 14:28:50,458 [INFO] [2674/5283] 301556.SZ 写入 0 条
2026-06-16 14:28:51,014 [INFO] [2675/5283] 301557.SZ 写入 0 条
2026-06-16 14:28:51,582 [INFO] [2676/5283] 301558.SZ 写入 0 条
2026-06-16 14:28:52,099 [INFO] [2677/5283] 301559.SZ 写入 0 条
2026-06-16 14:28:52,584 [INFO] [2678/5283] 301560.SZ 写入 0 条
2026-06-16 14:28:53,090 [INFO] [2679/5283] 301563.SZ 写入 0 条
2026-06-16 14:28:53,577 [INFO] [2680/5283] 301565.SZ 写入 0 条
2026-06-16 14:28:54,121 [INFO] [2681/5283] 301566.SZ 写入 0 条
2026-06-16 14:28:54,626 [INFO] [2682/5283] 301567.SZ 写入 0 条
2026-06-16 14:28:55,145 [INFO] [2683/5283] 301568.SZ 写入 0 条
2026-06-16 14:28:55,643 [INFO] [2684/5283] 301571.SZ 写入 0 条
2026-06-16 14:28:56,158 [INFO] [2685/5283] 301575.SZ 写入 0 条
2026-06-16 14:28:56,679 [INFO] [2686/5283] 301577.SZ 写入 0 条
2026-06-16 14:28:57,189 [INFO] [2687/5283] 301578.SZ 写入 0 条
2026-06-16 14:28:57,698 [INFO] [2688/5283] 301580.SZ 写入 0 条
2026-06-16 14:28:58,176 [INFO] [2689/5283] 301581.SZ 写入 0 条
2026-06-16 14:28:58,662 [INFO] [2690/5283] 301584.SZ 写入 0 条
2026-06-16 14:28:59,168 [INFO] [2691/5283] 301585.SZ 写入 0 条
2026-06-16 14:28:59,659 [INFO] [2692/5283] 301586.SZ 写入 0 条
2026-06-16 14:29:00,165 [INFO] [2693/5283] 301587.SZ 写入 0 条
2026-06-16 14:29:00,696 [INFO] [2694/5283] 301588.SZ 写入 0 条
2026-06-16 14:29:01,237 [INFO] [2695/5283] 301589.SZ 写入 0 条
2026-06-16 14:29:01,742 [INFO] [2696/5283] 301590.SZ 写入 0 条
2026-06-16 14:29:02,227 [INFO] [2697/5283] 301591.SZ 写入 0 条
2026-06-16 14:29:02,726 [INFO] [2698/5283] 301592.SZ 写入 0 条
2026-06-16 14:29:03,208 [INFO] [2699/5283] 301595.SZ 写入 0 条
2026-06-16 14:29:03,718 [INFO] [2700/5283] 301596.SZ 写入 0 条
2026-06-16 14:29:04,080 [INFO] 进度: 已完成 2700, 失败 0, 跳过 0
2026-06-16 14:29:04,226 [INFO] [2701/5283] 301598.SZ 写入 0 条
2026-06-16 14:29:04,738 [INFO] [2702/5283] 301600.SZ 写入 0 条
2026-06-16 14:29:05,212 [INFO] [2703/5283] 301601.SZ 写入 0 条
2026-06-16 14:29:05,692 [INFO] [2704/5283] 301602.SZ 写入 0 条
2026-06-16 14:29:06,314 [INFO] [2705/5283] 301603.SZ 写入 0 条
2026-06-16 14:29:06,797 [INFO] [2706/5283] 301606.SZ 写入 0 条
2026-06-16 14:29:07,288 [INFO] [2707/5283] 301607.SZ 写入 0 条
2026-06-16 14:29:07,779 [INFO] [2708/5283] 301608.SZ 写入 0 条
2026-06-16 14:29:08,290 [INFO] [2709/5283] 301609.SZ 写入 0 条
2026-06-16 14:29:08,782 [INFO] [2710/5283] 301611.SZ 写入 0 条
2026-06-16 14:29:09,318 [INFO] [2711/5283] 301613.SZ 写入 0 条
2026-06-16 14:29:09,814 [INFO] [2712/5283] 301616.SZ 写入 0 条
2026-06-16 14:29:10,329 [INFO] [2713/5283] 301617.SZ 写入 0 条
2026-06-16 14:29:10,882 [INFO] [2714/5283] 301618.SZ 写入 0 条
2026-06-16 14:29:11,398 [INFO] [2715/5283] 301622.SZ 写入 0 条
2026-06-16 14:29:11,882 [INFO] [2716/5283] 301626.SZ 写入 0 条
2026-06-16 14:29:12,368 [INFO] [2717/5283] 301628.SZ 写入 0 条
2026-06-16 14:29:12,852 [INFO] [2718/5283] 301629.SZ 写入 0 条
2026-06-16 14:29:13,332 [INFO] [2719/5283] 301630.SZ 写入 0 条
2026-06-16 14:29:13,817 [INFO] [2720/5283] 301631.SZ 写入 0 条
2026-06-16 14:29:14,327 [INFO] [2721/5283] 301632.SZ 写入 0 条
2026-06-16 14:29:14,829 [INFO] [2722/5283] 301633.SZ 写入 0 条
2026-06-16 14:29:15,381 [INFO] [2723/5283] 301636.SZ 写入 0 条
2026-06-16 14:29:15,968 [INFO] [2724/5283] 301638.SZ 写入 0 条
2026-06-16 14:29:16,485 [INFO] [2725/5283] 301656.SZ 写入 0 条
2026-06-16 14:29:16,975 [INFO] [2726/5283] 301658.SZ 写入 0 条
2026-06-16 14:29:17,489 [INFO] [2727/5283] 301662.SZ 写入 0 条
2026-06-16 14:29:18,004 [INFO] [2728/5283] 301665.SZ 写入 0 条
2026-06-16 14:29:18,489 [INFO] [2729/5283] 301667.SZ 写入 0 条
2026-06-16 14:29:18,972 [INFO] [2730/5283] 301668.SZ 写入 0 条
2026-06-16 14:29:19,458 [INFO] [2731/5283] 301678.SZ 写入 0 条
2026-06-16 14:29:19,956 [INFO] [2732/5283] 301687.SZ 写入 0 条
2026-06-16 14:29:20,504 [INFO] [2733/5283] 302132.SZ 写入 0 条
2026-06-16 14:29:21,177 [INFO] [2734/5283] 600000.SH 写入 0 条
2026-06-16 14:29:21,780 [INFO] [2735/5283] 600004.SH 写入 0 条
2026-06-16 14:29:22,593 [INFO] [2736/5283] 600006.SH 写入 0 条
2026-06-16 14:29:23,406 [INFO] [2737/5283] 600007.SH 写入 0 条
2026-06-16 14:29:24,109 [INFO] [2738/5283] 600008.SH 写入 0 条
2026-06-16 14:29:24,736 [INFO] [2739/5283] 600009.SH 写入 0 条
2026-06-16 14:29:25,320 [INFO] [2740/5283] 600010.SH 写入 0 条
2026-06-16 14:29:25,959 [INFO] [2741/5283] 600011.SH 写入 0 条
2026-06-16 14:29:26,581 [INFO] [2742/5283] 600012.SH 写入 0 条
2026-06-16 14:29:27,169 [INFO] [2743/5283] 600015.SH 写入 0 条
2026-06-16 14:29:27,754 [INFO] [2744/5283] 600016.SH 写入 0 条
2026-06-16 14:29:28,312 [INFO] [2745/5283] 600017.SH 写入 0 条
2026-06-16 14:29:28,892 [INFO] [2746/5283] 600018.SH 写入 0 条
2026-06-16 14:29:29,529 [INFO] [2747/5283] 600019.SH 写入 0 条
2026-06-16 14:29:30,112 [INFO] [2748/5283] 600020.SH 写入 0 条
2026-06-16 14:29:30,723 [INFO] [2749/5283] 600021.SH 写入 0 条
2026-06-16 14:29:31,305 [INFO] [2750/5283] 600022.SH 写入 0 条
2026-06-16 14:29:31,671 [INFO] 进度: 已完成 2750, 失败 0, 跳过 0
2026-06-16 14:29:31,924 [INFO] [2751/5283] 600023.SH 写入 0 条
2026-06-16 14:29:32,544 [INFO] [2752/5283] 600025.SH 写入 0 条
2026-06-16 14:29:33,147 [INFO] [2753/5283] 600026.SH 写入 0 条
2026-06-16 14:29:33,739 [INFO] [2754/5283] 600027.SH 写入 0 条
2026-06-16 14:29:34,367 [INFO] [2755/5283] 600028.SH 写入 0 条
2026-06-16 14:29:34,961 [INFO] [2756/5283] 600029.SH 写入 0 条
2026-06-16 14:29:35,555 [INFO] [2757/5283] 600030.SH 写入 0 条
2026-06-16 14:29:36,210 [INFO] [2758/5283] 600031.SH 写入 0 条
2026-06-16 14:29:37,039 [INFO] [2759/5283] 600032.SH 写入 0 条
2026-06-16 14:29:37,773 [INFO] [2760/5283] 600033.SH 写入 0 条
2026-06-16 14:29:38,335 [INFO] [2761/5283] 600035.SH 写入 0 条
2026-06-16 14:29:38,881 [INFO] [2762/5283] 600036.SH 写入 0 条
2026-06-16 14:29:39,458 [INFO] [2763/5283] 600037.SH 写入 0 条
2026-06-16 14:29:40,118 [INFO] [2764/5283] 600038.SH 写入 0 条
2026-06-16 14:29:40,850 [INFO] [2765/5283] 600039.SH 写入 0 条
2026-06-16 14:29:41,925 [INFO] [2766/5283] 600048.SH 写入 0 条
2026-06-16 14:29:42,491 [INFO] [2767/5283] 600050.SH 写入 0 条
2026-06-16 14:29:43,062 [INFO] [2768/5283] 600051.SH 写入 0 条
2026-06-16 14:29:43,627 [INFO] [2769/5283] 600052.SH 写入 0 条
2026-06-16 14:29:44,181 [INFO] [2770/5283] 600054.SH 写入 0 条
2026-06-16 14:29:44,829 [INFO] [2771/5283] 600055.SH 写入 0 条
2026-06-16 14:29:45,426 [INFO] [2772/5283] 600056.SH 写入 0 条
2026-06-16 14:29:46,008 [INFO] [2773/5283] 600057.SH 写入 0 条
2026-06-16 14:29:46,552 [INFO] [2774/5283] 600058.SH 写入 0 条
2026-06-16 14:29:47,115 [INFO] [2775/5283] 600059.SH 写入 0 条
2026-06-16 14:29:47,672 [INFO] [2776/5283] 600060.SH 写入 0 条
2026-06-16 14:29:48,255 [INFO] [2777/5283] 600061.SH 写入 0 条
2026-06-16 14:29:48,827 [INFO] [2778/5283] 600062.SH 写入 0 条
2026-06-16 14:29:49,786 [INFO] [2779/5283] 600063.SH 写入 0 条
2026-06-16 14:29:50,596 [INFO] [2780/5283] 600064.SH 写入 0 条
2026-06-16 14:29:51,179 [INFO] [2781/5283] 600066.SH 写入 0 条
2026-06-16 14:29:51,739 [INFO] [2782/5283] 600067.SH 写入 0 条
2026-06-16 14:29:52,292 [INFO] [2783/5283] 600071.SH 写入 0 条
2026-06-16 14:29:52,873 [INFO] [2784/5283] 600072.SH 写入 0 条
2026-06-16 14:29:53,441 [INFO] [2785/5283] 600073.SH 写入 0 条
2026-06-16 14:29:54,093 [INFO] [2786/5283] 600075.SH 写入 0 条
2026-06-16 14:29:54,679 [INFO] [2787/5283] 600076.SH 写入 0 条
2026-06-16 14:29:55,247 [INFO] [2788/5283] 600078.SH 写入 0 条
2026-06-16 14:29:55,819 [INFO] [2789/5283] 600081.SH 写入 0 条
2026-06-16 14:29:56,384 [INFO] [2790/5283] 600085.SH 写入 0 条
2026-06-16 14:29:56,936 [INFO] [2791/5283] 600088.SH 写入 0 条
2026-06-16 14:29:57,515 [INFO] [2792/5283] 600089.SH 写入 0 条
2026-06-16 14:29:58,122 [INFO] [2793/5283] 600094.SH 写入 0 条
2026-06-16 14:29:58,707 [INFO] [2794/5283] 600095.SH 写入 0 条
2026-06-16 14:29:59,251 [INFO] [2795/5283] 600096.SH 写入 0 条
2026-06-16 14:29:59,819 [INFO] [2796/5283] 600097.SH 写入 0 条
2026-06-16 14:30:00,444 [INFO] [2797/5283] 600098.SH 写入 0 条
2026-06-16 14:30:01,278 [INFO] [2798/5283] 600099.SH 写入 0 条
2026-06-16 14:30:01,874 [INFO] [2799/5283] 600100.SH 写入 0 条
2026-06-16 14:30:02,542 [INFO] [2800/5283] 600101.SH 写入 0 条
2026-06-16 14:30:02,928 [INFO] 进度: 已完成 2800, 失败 0, 跳过 0
2026-06-16 14:30:03,346 [INFO] [2801/5283] 600103.SH 写入 0 条
2026-06-16 14:30:04,149 [INFO] [2802/5283] 600104.SH 写入 0 条
2026-06-16 14:30:04,866 [INFO] [2803/5283] 600105.SH 写入 0 条
2026-06-16 14:30:05,484 [INFO] [2804/5283] 600106.SH 写入 0 条
2026-06-16 14:30:06,968 [INFO] [2805/5283] 600108.SH 写入 0 条
2026-06-16 14:30:07,724 [INFO] [2806/5283] 600109.SH 写入 0 条
2026-06-16 14:30:08,407 [INFO] [2807/5283] 600110.SH 写入 0 条
2026-06-16 14:30:09,253 [INFO] [2808/5283] 600111.SH 写入 0 条
2026-06-16 14:30:09,936 [INFO] [2809/5283] 600113.SH 写入 0 条
2026-06-16 14:30:10,699 [INFO] [2810/5283] 600114.SH 写入 0 条
2026-06-16 14:30:11,439 [INFO] [2811/5283] 600115.SH 写入 0 条
2026-06-16 14:30:12,086 [INFO] [2812/5283] 600116.SH 写入 0 条
2026-06-16 14:30:12,763 [INFO] [2813/5283] 600117.SH 写入 0 条
2026-06-16 14:30:13,425 [INFO] [2814/5283] 600118.SH 写入 0 条
2026-06-16 14:30:14,065 [INFO] [2815/5283] 600120.SH 写入 0 条
2026-06-16 14:30:14,738 [INFO] [2816/5283] 600121.SH 写入 0 条
2026-06-16 14:30:15,484 [INFO] [2817/5283] 600123.SH 写入 0 条
2026-06-16 14:30:16,289 [INFO] [2818/5283] 600125.SH 写入 0 条
2026-06-16 14:30:16,939 [INFO] [2819/5283] 600126.SH 写入 0 条
2026-06-16 14:30:17,757 [INFO] [2820/5283] 600127.SH 写入 0 条
2026-06-16 14:30:18,470 [INFO] [2821/5283] 600128.SH 写入 0 条
2026-06-16 14:30:19,171 [INFO] [2822/5283] 600129.SH 写入 0 条
2026-06-16 14:30:19,832 [INFO] [2823/5283] 600130.SH 写入 0 条
2026-06-16 14:30:20,771 [INFO] [2824/5283] 600131.SH 写入 0 条
2026-06-16 14:30:21,445 [INFO] [2825/5283] 600132.SH 写入 0 条
2026-06-16 14:30:22,055 [INFO] [2826/5283] 600133.SH 写入 0 条
2026-06-16 14:30:22,663 [INFO] [2827/5283] 600135.SH 写入 0 条
2026-06-16 14:30:23,247 [INFO] [2828/5283] 600137.SH 写入 0 条
2026-06-16 14:30:23,847 [INFO] [2829/5283] 600138.SH 写入 0 条
2026-06-16 14:30:24,484 [INFO] [2830/5283] 600141.SH 写入 0 条
2026-06-16 14:30:25,066 [INFO] [2831/5283] 600143.SH 写入 0 条
2026-06-16 14:30:25,681 [INFO] [2832/5283] 600148.SH 写入 0 条
2026-06-16 14:30:26,286 [INFO] [2833/5283] 600149.SH 写入 0 条
2026-06-16 14:30:26,888 [INFO] [2834/5283] 600150.SH 写入 0 条
2026-06-16 14:30:27,473 [INFO] [2835/5283] 600151.SH 写入 0 条
2026-06-16 14:30:28,172 [INFO] [2836/5283] 600152.SH 写入 0 条
2026-06-16 14:30:28,759 [INFO] [2837/5283] 600153.SH 写入 0 条
2026-06-16 14:30:29,359 [INFO] [2838/5283] 600155.SH 写入 0 条
2026-06-16 14:30:30,018 [INFO] [2839/5283] 600156.SH 写入 0 条
2026-06-16 14:30:31,307 [INFO] [2840/5283] 600157.SH 写入 0 条
2026-06-16 14:30:31,879 [INFO] [2841/5283] 600158.SH 写入 0 条
2026-06-16 14:30:32,443 [INFO] [2842/5283] 600159.SH 写入 0 条
2026-06-16 14:30:33,013 [INFO] [2843/5283] 600160.SH 写入 0 条
2026-06-16 14:30:33,594 [INFO] [2844/5283] 600161.SH 写入 0 条
2026-06-16 14:30:34,158 [INFO] [2845/5283] 600162.SH 写入 0 条
2026-06-16 14:30:34,754 [INFO] [2846/5283] 600163.SH 写入 0 条
2026-06-16 14:30:35,319 [INFO] [2847/5283] 600166.SH 写入 0 条
2026-06-16 14:30:36,020 [INFO] [2848/5283] 600167.SH 写入 0 条
2026-06-16 14:30:36,685 [INFO] [2849/5283] 600168.SH 写入 0 条
2026-06-16 14:30:37,586 [INFO] [2850/5283] 600170.SH 写入 0 条
2026-06-16 14:30:37,969 [INFO] 进度: 已完成 2850, 失败 0, 跳过 0
2026-06-16 14:30:38,227 [INFO] [2851/5283] 600171.SH 写入 0 条
2026-06-16 14:30:38,803 [INFO] [2852/5283] 600172.SH 写入 0 条
2026-06-16 14:30:39,445 [INFO] [2853/5283] 600173.SH 写入 0 条
2026-06-16 14:30:40,095 [INFO] [2854/5283] 600176.SH 写入 0 条
2026-06-16 14:30:40,742 [INFO] [2855/5283] 600177.SH 写入 0 条
2026-06-16 14:30:41,437 [INFO] [2856/5283] 600178.SH 写入 0 条
2026-06-16 14:30:42,082 [INFO] [2857/5283] 600179.SH 写入 0 条
2026-06-16 14:30:42,756 [INFO] [2858/5283] 600182.SH 写入 0 条
2026-06-16 14:30:43,337 [INFO] [2859/5283] 600183.SH 写入 0 条
2026-06-16 14:30:43,946 [INFO] [2860/5283] 600184.SH 写入 0 条
2026-06-16 14:30:44,525 [INFO] [2861/5283] 600185.SH 写入 0 条
2026-06-16 14:30:45,108 [INFO] [2862/5283] 600186.SH 写入 0 条
2026-06-16 14:30:45,681 [INFO] [2863/5283] 600188.SH 写入 0 条
2026-06-16 14:30:46,288 [INFO] [2864/5283] 600189.SH 写入 0 条
2026-06-16 14:30:46,869 [INFO] [2865/5283] 600191.SH 写入 0 条
2026-06-16 14:30:47,492 [INFO] [2866/5283] 600192.SH 写入 0 条
2026-06-16 14:30:48,317 [INFO] [2867/5283] 600195.SH 写入 0 条
2026-06-16 14:30:48,938 [INFO] [2868/5283] 600196.SH 写入 0 条
2026-06-16 14:30:50,064 [INFO] [2869/5283] 600197.SH 写入 0 条
2026-06-16 14:30:50,819 [INFO] [2870/5283] 600198.SH 写入 0 条
2026-06-16 14:30:51,505 [INFO] [2871/5283] 600199.SH 写入 0 条
2026-06-16 14:30:52,140 [INFO] [2872/5283] 600201.SH 写入 0 条
2026-06-16 14:30:52,774 [INFO] [2873/5283] 600202.SH 写入 0 条
2026-06-16 14:30:53,516 [INFO] [2874/5283] 600203.SH 写入 0 条
2026-06-16 14:30:54,210 [INFO] [2875/5283] 600206.SH 写入 0 条
2026-06-16 14:30:54,883 [INFO] [2876/5283] 600207.SH 写入 0 条
2026-06-16 14:30:55,670 [INFO] [2877/5283] 600208.SH 写入 0 条
2026-06-16 14:30:56,555 [INFO] [2878/5283] 600210.SH 写入 0 条
2026-06-16 14:30:57,146 [INFO] [2879/5283] 600211.SH 写入 0 条
2026-06-16 14:30:57,804 [INFO] [2880/5283] 600212.SH 写入 0 条
2026-06-16 14:30:58,427 [INFO] [2881/5283] 600215.SH 写入 0 条
2026-06-16 14:30:59,015 [INFO] [2882/5283] 600216.SH 写入 0 条
2026-06-16 14:30:59,639 [INFO] [2883/5283] 600217.SH 写入 0 条
2026-06-16 14:31:00,287 [INFO] [2884/5283] 600218.SH 写入 0 条
2026-06-16 14:31:00,940 [INFO] [2885/5283] 600219.SH 写入 0 条
2026-06-16 14:31:01,553 [INFO] [2886/5283] 600221.SH 写入 0 条
2026-06-16 14:31:02,142 [INFO] [2887/5283] 600222.SH 写入 0 条
2026-06-16 14:31:02,753 [INFO] [2888/5283] 600223.SH 写入 0 条
2026-06-16 14:31:03,363 [INFO] [2889/5283] 600226.SH 写入 0 条
2026-06-16 14:31:03,973 [INFO] [2890/5283] 600227.SH 写入 0 条
2026-06-16 14:31:04,598 [INFO] [2891/5283] 600228.SH 写入 0 条
2026-06-16 14:31:05,204 [INFO] [2892/5283] 600229.SH 写入 0 条
2026-06-16 14:31:05,788 [INFO] [2893/5283] 600230.SH 写入 0 条
2026-06-16 14:31:06,379 [INFO] [2894/5283] 600231.SH 写入 0 条
2026-06-16 14:31:06,975 [INFO] [2895/5283] 600232.SH 写入 0 条
2026-06-16 14:31:07,696 [INFO] [2896/5283] 600233.SH 写入 0 条
2026-06-16 14:31:08,326 [INFO] [2897/5283] 600234.SH 写入 0 条
2026-06-16 14:31:08,959 [INFO] [2898/5283] 600235.SH 写入 0 条
2026-06-16 14:31:09,629 [INFO] [2899/5283] 600236.SH 写入 0 条
2026-06-16 14:31:10,259 [INFO] [2900/5283] 600237.SH 写入 0 条
2026-06-16 14:31:10,636 [INFO] 进度: 已完成 2900, 失败 0, 跳过 0
2026-06-16 14:31:10,974 [INFO] [2901/5283] 600241.SH 写入 0 条
2026-06-16 14:31:11,588 [INFO] [2902/5283] 600246.SH 写入 0 条
2026-06-16 14:31:12,205 [INFO] [2903/5283] 600248.SH 写入 0 条
2026-06-16 14:31:12,813 [INFO] [2904/5283] 600249.SH 写入 0 条
2026-06-16 14:31:13,407 [INFO] [2905/5283] 600250.SH 写入 0 条
2026-06-16 14:31:13,992 [INFO] [2906/5283] 600251.SH 写入 0 条
2026-06-16 14:31:14,578 [INFO] [2907/5283] 600252.SH 写入 0 条
2026-06-16 14:31:15,174 [INFO] [2908/5283] 600255.SH 写入 0 条
2026-06-16 14:31:15,836 [INFO] [2909/5283] 600256.SH 写入 0 条
2026-06-16 14:31:16,439 [INFO] [2910/5283] 600257.SH 写入 0 条
2026-06-16 14:31:17,054 [INFO] [2911/5283] 600258.SH 写入 0 条
2026-06-16 14:31:17,722 [INFO] [2912/5283] 600259.SH 写入 0 条
2026-06-16 14:31:18,334 [INFO] [2913/5283] 600261.SH 写入 0 条
2026-06-16 14:31:18,944 [INFO] [2914/5283] 600262.SH 写入 0 条
2026-06-16 14:31:19,585 [INFO] [2915/5283] 600266.SH 写入 0 条
2026-06-16 14:31:20,915 [INFO] [2916/5283] 600267.SH 写入 0 条
2026-06-16 14:31:21,505 [INFO] [2917/5283] 600268.SH 写入 0 条
2026-06-16 14:31:22,098 [INFO] [2918/5283] 600269.SH 写入 0 条
2026-06-16 14:31:22,708 [INFO] [2919/5283] 600271.SH 写入 0 条
2026-06-16 14:31:23,286 [INFO] [2920/5283] 600272.SH 写入 0 条
2026-06-16 14:31:24,426 [INFO] [2921/5283] 600273.SH 写入 0 条
2026-06-16 14:31:25,296 [INFO] [2922/5283] 600276.SH 写入 0 条
2026-06-16 14:31:26,017 [INFO] [2923/5283] 600278.SH 写入 0 条
2026-06-16 14:31:26,616 [INFO] [2924/5283] 600279.SH 写入 0 条
2026-06-16 14:31:27,236 [INFO] [2925/5283] 600280.SH 写入 0 条
2026-06-16 14:31:27,906 [INFO] [2926/5283] 600281.SH 写入 0 条
2026-06-16 14:31:28,509 [INFO] [2927/5283] 600282.SH 写入 0 条
2026-06-16 14:31:29,109 [INFO] [2928/5283] 600283.SH 写入 0 条
2026-06-16 14:31:29,706 [INFO] [2929/5283] 600284.SH 写入 0 条
2026-06-16 14:31:30,284 [INFO] [2930/5283] 600285.SH 写入 0 条
2026-06-16 14:31:30,999 [INFO] [2931/5283] 600287.SH 写入 0 条
2026-06-16 14:31:31,581 [INFO] [2932/5283] 600288.SH 写入 0 条
2026-06-16 14:31:32,156 [INFO] [2933/5283] 600292.SH 写入 0 条
2026-06-16 14:31:32,733 [INFO] [2934/5283] 600293.SH 写入 0 条
2026-06-16 14:31:33,309 [INFO] [2935/5283] 600295.SH 写入 0 条
2026-06-16 14:31:33,993 [INFO] [2936/5283] 600298.SH 写入 0 条
2026-06-16 14:31:34,586 [INFO] [2937/5283] 600299.SH 写入 0 条
2026-06-16 14:31:35,177 [INFO] [2938/5283] 600300.SH 写入 0 条
2026-06-16 14:31:35,785 [INFO] [2939/5283] 600301.SH 写入 0 条
2026-06-16 14:31:36,457 [INFO] [2940/5283] 600303.SH 写入 0 条
2026-06-16 14:31:37,142 [INFO] [2941/5283] 600305.SH 写入 0 条
2026-06-16 14:31:37,741 [INFO] [2942/5283] 600307.SH 写入 0 条
2026-06-16 14:31:38,352 [INFO] [2943/5283] 600308.SH 写入 0 条
2026-06-16 14:31:38,967 [INFO] [2944/5283] 600309.SH 写入 0 条
2026-06-16 14:31:39,617 [INFO] [2945/5283] 600310.SH 写入 0 条
2026-06-16 14:31:40,292 [INFO] [2946/5283] 600312.SH 写入 0 条
2026-06-16 14:31:41,014 [INFO] [2947/5283] 600313.SH 写入 0 条
2026-06-16 14:31:41,590 [INFO] [2948/5283] 600315.SH 写入 0 条
2026-06-16 14:31:42,174 [INFO] [2949/5283] 600316.SH 写入 0 条
2026-06-16 14:31:42,769 [INFO] [2950/5283] 600318.SH 写入 0 条
2026-06-16 14:31:43,136 [INFO] 进度: 已完成 2950, 失败 0, 跳过 0
2026-06-16 14:31:43,361 [INFO] [2951/5283] 600319.SH 写入 0 条
2026-06-16 14:31:43,935 [INFO] [2952/5283] 600320.SH 写入 0 条
2026-06-16 14:31:44,518 [INFO] [2953/5283] 600322.SH 写入 0 条
2026-06-16 14:31:45,639 [INFO] [2954/5283] 600323.SH 写入 0 条
2026-06-16 14:31:46,240 [INFO] [2955/5283] 600325.SH 写入 0 条
2026-06-16 14:31:46,819 [INFO] [2956/5283] 600326.SH 写入 0 条
2026-06-16 14:31:47,399 [INFO] [2957/5283] 600327.SH 写入 0 条
2026-06-16 14:31:48,007 [INFO] [2958/5283] 600328.SH 写入 0 条
2026-06-16 14:31:48,699 [INFO] [2959/5283] 600329.SH 写入 0 条
2026-06-16 14:31:49,595 [INFO] [2960/5283] 600330.SH 写入 0 条
2026-06-16 14:31:50,376 [INFO] [2961/5283] 600331.SH 写入 0 条
2026-06-16 14:31:51,065 [INFO] [2962/5283] 600332.SH 写入 0 条
2026-06-16 14:31:52,099 [INFO] [2963/5283] 600333.SH 写入 0 条
2026-06-16 14:31:52,935 [INFO] [2964/5283] 600335.SH 写入 0 条
2026-06-16 14:31:53,508 [INFO] [2965/5283] 600336.SH 写入 0 条
2026-06-16 14:31:54,311 [INFO] [2966/5283] 600338.SH 写入 0 条
2026-06-16 14:31:55,284 [INFO] [2967/5283] 600339.SH 写入 0 条
2026-06-16 14:31:55,939 [INFO] [2968/5283] 600343.SH 写入 0 条
2026-06-16 14:31:56,546 [INFO] [2969/5283] 600345.SH 写入 0 条
2026-06-16 14:31:57,157 [INFO] [2970/5283] 600346.SH 写入 0 条
2026-06-16 14:31:57,751 [INFO] [2971/5283] 600348.SH 写入 0 条
2026-06-16 14:31:58,366 [INFO] [2972/5283] 600350.SH 写入 0 条
2026-06-16 14:31:58,961 [INFO] [2973/5283] 600351.SH 写入 0 条
2026-06-16 14:31:59,565 [INFO] [2974/5283] 600352.SH 写入 0 条
2026-06-16 14:32:00,409 [INFO] [2975/5283] 600353.SH 写入 0 条
2026-06-16 14:32:01,127 [INFO] [2976/5283] 600354.SH 写入 0 条
2026-06-16 14:32:01,719 [INFO] [2977/5283] 600356.SH 写入 0 条
2026-06-16 14:32:02,303 [INFO] [2978/5283] 600358.SH 写入 0 条
2026-06-16 14:32:02,934 [INFO] [2979/5283] 600359.SH 写入 0 条
2026-06-16 14:32:03,598 [INFO] [2980/5283] 600360.SH 写入 0 条
2026-06-16 14:32:04,269 [INFO] [2981/5283] 600361.SH 写入 0 条
2026-06-16 14:32:04,860 [INFO] [2982/5283] 600362.SH 写入 0 条
2026-06-16 14:32:05,442 [INFO] [2983/5283] 600363.SH 写入 0 条
2026-06-16 14:32:06,088 [INFO] [2984/5283] 600366.SH 写入 0 条
2026-06-16 14:32:06,710 [INFO] [2985/5283] 600367.SH 写入 0 条
2026-06-16 14:32:07,549 [INFO] [2986/5283] 600368.SH 写入 0 条
2026-06-16 14:32:08,241 [INFO] [2987/5283] 600369.SH 写入 0 条
2026-06-16 14:32:09,035 [INFO] [2988/5283] 600371.SH 写入 0 条
2026-06-16 14:32:10,299 [INFO] [2989/5283] 600372.SH 写入 0 条
2026-06-16 14:32:11,180 [INFO] [2990/5283] 600373.SH 写入 0 条
2026-06-16 14:32:11,820 [INFO] [2991/5283] 600375.SH 写入 0 条
2026-06-16 14:32:12,501 [INFO] [2992/5283] 600376.SH 写入 0 条
2026-06-16 14:32:13,128 [INFO] [2993/5283] 600377.SH 写入 0 条
2026-06-16 14:32:13,742 [INFO] [2994/5283] 600378.SH 写入 0 条
2026-06-16 14:32:14,429 [INFO] [2995/5283] 600379.SH 写入 0 条
2026-06-16 14:32:15,376 [INFO] [2996/5283] 600380.SH 写入 0 条
2026-06-16 14:32:16,337 [INFO] [2997/5283] 600382.SH 写入 0 条
2026-06-16 14:32:17,437 [INFO] [2998/5283] 600383.SH 写入 0 条
2026-06-16 14:32:18,103 [INFO] [2999/5283] 600386.SH 写入 0 条
2026-06-16 14:32:18,813 [INFO] [3000/5283] 600388.SH 写入 0 条
2026-06-16 14:32:19,181 [INFO] 进度: 已完成 3000, 失败 0, 跳过 0
2026-06-16 14:32:19,501 [INFO] [3001/5283] 600389.SH 写入 0 条
2026-06-16 14:32:20,162 [INFO] [3002/5283] 600390.SH 写入 0 条
2026-06-16 14:32:20,899 [INFO] [3003/5283] 600391.SH 写入 0 条
2026-06-16 14:32:21,547 [INFO] [3004/5283] 600392.SH 写入 0 条
2026-06-16 14:32:22,185 [INFO] [3005/5283] 600395.SH 写入 0 条
2026-06-16 14:32:22,819 [INFO] [3006/5283] 600396.SH 写入 0 条
2026-06-16 14:32:23,465 [INFO] [3007/5283] 600397.SH 写入 0 条
2026-06-16 14:32:24,296 [INFO] [3008/5283] 600398.SH 写入 0 条
2026-06-16 14:32:24,939 [INFO] [3009/5283] 600399.SH 写入 0 条
2026-06-16 14:32:25,536 [INFO] [3010/5283] 600400.SH 写入 0 条
2026-06-16 14:32:26,134 [INFO] [3011/5283] 600403.SH 写入 0 条
2026-06-16 14:32:26,795 [INFO] [3012/5283] 600405.SH 写入 0 条
2026-06-16 14:32:27,428 [INFO] [3013/5283] 600406.SH 写入 0 条
2026-06-16 14:32:28,085 [INFO] [3014/5283] 600408.SH 写入 0 条
2026-06-16 14:32:28,760 [INFO] [3015/5283] 600409.SH 写入 0 条
2026-06-16 14:32:29,403 [INFO] [3016/5283] 600410.SH 写入 0 条
2026-06-16 14:32:30,013 [INFO] [3017/5283] 600415.SH 写入 0 条
2026-06-16 14:32:30,596 [INFO] [3018/5283] 600416.SH 写入 0 条
2026-06-16 14:32:31,207 [INFO] [3019/5283] 600418.SH 写入 0 条
2026-06-16 14:32:31,762 [INFO] [3020/5283] 600419.SH 写入 0 条
2026-06-16 14:32:32,348 [INFO] [3021/5283] 600420.SH 写入 0 条
2026-06-16 14:32:32,936 [INFO] [3022/5283] 600422.SH 写入 0 条
2026-06-16 14:32:33,505 [INFO] [3023/5283] 600425.SH 写入 0 条
2026-06-16 14:32:34,665 [INFO] [3024/5283] 600426.SH 写入 0 条
2026-06-16 14:32:35,252 [INFO] [3025/5283] 600428.SH 写入 0 条
2026-06-16 14:32:35,878 [INFO] [3026/5283] 600429.SH 写入 0 条
2026-06-16 14:32:36,516 [INFO] [3027/5283] 600433.SH 写入 0 条
2026-06-16 14:32:37,309 [INFO] [3028/5283] 600435.SH 写入 0 条
2026-06-16 14:32:38,196 [INFO] [3029/5283] 600436.SH 写入 0 条
2026-06-16 14:32:38,813 [INFO] [3030/5283] 600438.SH 写入 0 条
2026-06-16 14:32:39,473 [INFO] [3031/5283] 600439.SH 写入 0 条
2026-06-16 14:32:40,094 [INFO] [3032/5283] 600444.SH 写入 0 条
2026-06-16 14:32:40,675 [INFO] [3033/5283] 600446.SH 写入 0 条
2026-06-16 14:32:41,234 [INFO] [3034/5283] 600448.SH 写入 0 条
2026-06-16 14:32:41,798 [INFO] [3035/5283] 600449.SH 写入 0 条
2026-06-16 14:32:42,581 [INFO] [3036/5283] 600452.SH 写入 0 条
2026-06-16 14:32:43,138 [INFO] [3037/5283] 600455.SH 写入 0 条
2026-06-16 14:32:43,705 [INFO] [3038/5283] 600456.SH 写入 0 条
2026-06-16 14:32:44,286 [INFO] [3039/5283] 600458.SH 写入 0 条
2026-06-16 14:32:44,832 [INFO] [3040/5283] 600459.SH 写入 0 条
2026-06-16 14:32:45,408 [INFO] [3041/5283] 600460.SH 写入 0 条
2026-06-16 14:32:46,028 [INFO] [3042/5283] 600461.SH 写入 0 条
2026-06-16 14:32:46,611 [INFO] [3043/5283] 600463.SH 写入 0 条
2026-06-16 14:32:47,173 [INFO] [3044/5283] 600467.SH 写入 0 条
2026-06-16 14:32:47,759 [INFO] [3045/5283] 600468.SH 写入 0 条
2026-06-16 14:32:48,334 [INFO] [3046/5283] 600469.SH 写入 0 条
2026-06-16 14:32:48,894 [INFO] [3047/5283] 600470.SH 写入 0 条
2026-06-16 14:32:49,731 [INFO] [3048/5283] 600475.SH 写入 0 条
2026-06-16 14:32:50,470 [INFO] [3049/5283] 600477.SH 写入 0 条
2026-06-16 14:32:51,082 [INFO] [3050/5283] 600478.SH 写入 0 条
2026-06-16 14:32:51,445 [INFO] 进度: 已完成 3050, 失败 0, 跳过 0
2026-06-16 14:32:51,670 [INFO] [3051/5283] 600479.SH 写入 0 条
2026-06-16 14:32:52,232 [INFO] [3052/5283] 600480.SH 写入 0 条
2026-06-16 14:32:52,792 [INFO] [3053/5283] 600481.SH 写入 0 条
2026-06-16 14:32:53,351 [INFO] [3054/5283] 600482.SH 写入 0 条
2026-06-16 14:32:53,911 [INFO] [3055/5283] 600483.SH 写入 0 条
2026-06-16 14:32:54,638 [INFO] [3056/5283] 600486.SH 写入 0 条
2026-06-16 14:32:55,289 [INFO] [3057/5283] 600487.SH 写入 0 条
2026-06-16 14:32:55,910 [INFO] [3058/5283] 600488.SH 写入 0 条
2026-06-16 14:32:56,487 [INFO] [3059/5283] 600489.SH 写入 0 条
2026-06-16 14:32:57,107 [INFO] [3060/5283] 600490.SH 写入 0 条
2026-06-16 14:32:57,703 [INFO] [3061/5283] 600493.SH 写入 0 条
2026-06-16 14:32:58,883 [INFO] [3062/5283] 600495.SH 写入 0 条
2026-06-16 14:32:59,477 [INFO] [3063/5283] 600496.SH 写入 0 条
2026-06-16 14:33:00,144 [INFO] [3064/5283] 600497.SH 写入 0 条
2026-06-16 14:33:00,757 [INFO] [3065/5283] 600498.SH 写入 0 条
2026-06-16 14:33:01,385 [INFO] [3066/5283] 600499.SH 写入 0 条
2026-06-16 14:33:02,995 [INFO] [3067/5283] 600500.SH 写入 0 条
2026-06-16 14:33:03,582 [INFO] [3068/5283] 600501.SH 写入 0 条
2026-06-16 14:33:04,192 [INFO] [3069/5283] 600502.SH 写入 0 条
2026-06-16 14:33:05,109 [INFO] [3070/5283] 600503.SH 写入 0 条
2026-06-16 14:33:06,021 [INFO] [3071/5283] 600505.SH 写入 0 条
2026-06-16 14:33:06,614 [INFO] [3072/5283] 600506.SH 写入 0 条
2026-06-16 14:33:07,205 [INFO] [3073/5283] 600507.SH 写入 0 条
2026-06-16 14:33:07,766 [INFO] [3074/5283] 600508.SH 写入 0 条
2026-06-16 14:33:08,469 [INFO] [3075/5283] 600509.SH 写入 0 条
2026-06-16 14:33:09,115 [INFO] [3076/5283] 600510.SH 写入 0 条
2026-06-16 14:33:09,719 [INFO] [3077/5283] 600511.SH 写入 0 条
2026-06-16 14:33:10,461 [INFO] [3078/5283] 600512.SH 写入 0 条
2026-06-16 14:33:11,061 [INFO] [3079/5283] 600513.SH 写入 0 条
2026-06-16 14:33:11,655 [INFO] [3080/5283] 600515.SH 写入 0 条
2026-06-16 14:33:12,236 [INFO] [3081/5283] 600516.SH 写入 0 条
2026-06-16 14:33:12,814 [INFO] [3082/5283] 600517.SH 写入 0 条
2026-06-16 14:33:13,415 [INFO] [3083/5283] 600518.SH 写入 0 条
2026-06-16 14:33:14,021 [INFO] [3084/5283] 600519.SH 写入 0 条
2026-06-16 14:33:14,616 [INFO] [3085/5283] 600520.SH 写入 0 条
2026-06-16 14:33:15,187 [INFO] [3086/5283] 600521.SH 写入 0 条
2026-06-16 14:33:15,815 [INFO] [3087/5283] 600522.SH 写入 0 条
2026-06-16 14:33:16,405 [INFO] [3088/5283] 600523.SH 写入 0 条
2026-06-16 14:33:17,023 [INFO] [3089/5283] 600526.SH 写入 0 条
2026-06-16 14:33:17,612 [INFO] [3090/5283] 600527.SH 写入 0 条
2026-06-16 14:33:18,251 [INFO] [3091/5283] 600528.SH 写入 0 条
2026-06-16 14:33:18,819 [INFO] [3092/5283] 600529.SH 写入 0 条
2026-06-16 14:33:19,585 [INFO] [3093/5283] 600530.SH 写入 0 条
2026-06-16 14:33:20,199 [INFO] [3094/5283] 600531.SH 写入 0 条
2026-06-16 14:33:20,882 [INFO] [3095/5283] 600533.SH 写入 0 条
2026-06-16 14:33:21,524 [INFO] [3096/5283] 600535.SH 写入 0 条
2026-06-16 14:33:22,119 [INFO] [3097/5283] 600536.SH 写入 0 条
2026-06-16 14:33:23,248 [INFO] [3098/5283] 600538.SH 写入 0 条
2026-06-16 14:33:23,845 [INFO] [3099/5283] 600539.SH 写入 0 条
2026-06-16 14:33:24,547 [INFO] [3100/5283] 600540.SH 写入 0 条
2026-06-16 14:33:24,914 [INFO] 进度: 已完成 3100, 失败 0, 跳过 0
2026-06-16 14:33:25,163 [INFO] [3101/5283] 600545.SH 写入 0 条
2026-06-16 14:33:25,798 [INFO] [3102/5283] 600546.SH 写入 0 条
2026-06-16 14:33:26,407 [INFO] [3103/5283] 600547.SH 写入 0 条
2026-06-16 14:33:26,990 [INFO] [3104/5283] 600548.SH 写入 0 条
2026-06-16 14:33:27,599 [INFO] [3105/5283] 600549.SH 写入 0 条
2026-06-16 14:33:28,171 [INFO] [3106/5283] 600550.SH 写入 0 条
2026-06-16 14:33:28,790 [INFO] [3107/5283] 600551.SH 写入 0 条
2026-06-16 14:33:29,376 [INFO] [3108/5283] 600552.SH 写入 0 条
2026-06-16 14:33:29,987 [INFO] [3109/5283] 600556.SH 写入 0 条
2026-06-16 14:33:30,617 [INFO] [3110/5283] 600557.SH 写入 0 条
2026-06-16 14:33:31,207 [INFO] [3111/5283] 600558.SH 写入 0 条
2026-06-16 14:33:31,837 [INFO] [3112/5283] 600559.SH 写入 0 条
2026-06-16 14:33:32,439 [INFO] [3113/5283] 600560.SH 写入 0 条
2026-06-16 14:33:33,069 [INFO] [3114/5283] 600561.SH 写入 0 条
2026-06-16 14:33:33,786 [INFO] [3115/5283] 600562.SH 写入 0 条
2026-06-16 14:33:34,392 [INFO] [3116/5283] 600563.SH 写入 0 条
2026-06-16 14:33:35,044 [INFO] [3117/5283] 600566.SH 写入 0 条
2026-06-16 14:33:35,642 [INFO] [3118/5283] 600567.SH 写入 0 条
2026-06-16 14:33:36,317 [INFO] [3119/5283] 600569.SH 写入 0 条
2026-06-16 14:33:37,146 [INFO] [3120/5283] 600570.SH 写入 0 条
2026-06-16 14:33:37,959 [INFO] [3121/5283] 600571.SH 写入 0 条
2026-06-16 14:33:38,641 [INFO] [3122/5283] 600572.SH 写入 0 条
2026-06-16 14:33:39,374 [INFO] [3123/5283] 600573.SH 写入 0 条
2026-06-16 14:33:40,006 [INFO] [3124/5283] 600575.SH 写入 0 条
2026-06-16 14:33:40,911 [INFO] [3125/5283] 600576.SH 写入 0 条
2026-06-16 14:33:41,518 [INFO] [3126/5283] 600577.SH 写入 0 条
2026-06-16 14:33:42,159 [INFO] [3127/5283] 600578.SH 写入 0 条
2026-06-16 14:33:42,765 [INFO] [3128/5283] 600579.SH 写入 0 条
2026-06-16 14:33:43,373 [INFO] [3129/5283] 600580.SH 写入 0 条
2026-06-16 14:33:43,991 [INFO] [3130/5283] 600582.SH 写入 0 条
2026-06-16 14:33:44,598 [INFO] [3131/5283] 600583.SH 写入 0 条
2026-06-16 14:33:45,219 [INFO] [3132/5283] 600584.SH 写入 0 条
2026-06-16 14:33:46,125 [INFO] [3133/5283] 600585.SH 写入 0 条
2026-06-16 14:33:46,828 [INFO] [3134/5283] 600586.SH 写入 0 条
2026-06-16 14:33:47,507 [INFO] [3135/5283] 600587.SH 写入 0 条
2026-06-16 14:33:48,800 [INFO] [3136/5283] 600588.SH 写入 0 条
2026-06-16 14:33:49,508 [INFO] [3137/5283] 600589.SH 写入 0 条
2026-06-16 14:33:50,382 [INFO] [3138/5283] 600590.SH 写入 0 条
2026-06-16 14:33:51,467 [INFO] [3139/5283] 600592.SH 写入 0 条
2026-06-16 14:33:52,318 [INFO] [3140/5283] 600593.SH 写入 0 条
2026-06-16 14:33:53,088 [INFO] [3141/5283] 600594.SH 写入 0 条
2026-06-16 14:33:53,662 [INFO] [3142/5283] 600595.SH 写入 0 条
2026-06-16 14:33:54,391 [INFO] [3143/5283] 600596.SH 写入 0 条
2026-06-16 14:33:54,986 [INFO] [3144/5283] 600597.SH 写入 0 条
2026-06-16 14:33:55,568 [INFO] [3145/5283] 600598.SH 写入 0 条
2026-06-16 14:33:56,283 [INFO] [3146/5283] 600600.SH 写入 0 条
2026-06-16 14:33:56,874 [INFO] [3147/5283] 600601.SH 写入 0 条
2026-06-16 14:33:57,431 [INFO] [3148/5283] 600602.SH 写入 0 条
2026-06-16 14:33:58,048 [INFO] [3149/5283] 600603.SH 写入 0 条
2026-06-16 14:33:58,606 [INFO] [3150/5283] 600604.SH 写入 0 条
2026-06-16 14:33:58,968 [INFO] 进度: 已完成 3150, 失败 0, 跳过 0
2026-06-16 14:33:59,190 [INFO] [3151/5283] 600605.SH 写入 0 条
2026-06-16 14:33:59,735 [INFO] [3152/5283] 600606.SH 写入 0 条
2026-06-16 14:34:00,317 [INFO] [3153/5283] 600609.SH 写入 0 条
2026-06-16 14:34:00,946 [INFO] [3154/5283] 600610.SH 写入 0 条
2026-06-16 14:34:01,567 [INFO] [3155/5283] 600611.SH 写入 0 条
2026-06-16 14:34:02,246 [INFO] [3156/5283] 600612.SH 写入 0 条
2026-06-16 14:34:02,833 [INFO] [3157/5283] 600613.SH 写入 0 条
2026-06-16 14:34:03,432 [INFO] [3158/5283] 600615.SH 写入 0 条
2026-06-16 14:34:04,001 [INFO] [3159/5283] 600616.SH 写入 0 条
2026-06-16 14:34:04,555 [INFO] [3160/5283] 600617.SH 写入 0 条
2026-06-16 14:34:05,196 [INFO] [3161/5283] 600618.SH 写入 0 条
2026-06-16 14:34:05,799 [INFO] [3162/5283] 600619.SH 写入 0 条
2026-06-16 14:34:06,488 [INFO] [3163/5283] 600620.SH 写入 0 条
2026-06-16 14:34:07,288 [INFO] [3164/5283] 600621.SH 写入 0 条
2026-06-16 14:34:07,876 [INFO] [3165/5283] 600622.SH 写入 0 条
2026-06-16 14:34:08,487 [INFO] [3166/5283] 600623.SH 写入 0 条
2026-06-16 14:34:09,129 [INFO] [3167/5283] 600626.SH 写入 0 条
2026-06-16 14:34:09,758 [INFO] [3168/5283] 600628.SH 写入 0 条
2026-06-16 14:34:10,408 [INFO] [3169/5283] 600629.SH 写入 0 条
2026-06-16 14:34:11,205 [INFO] [3170/5283] 600630.SH 写入 0 条
2026-06-16 14:34:11,838 [INFO] [3171/5283] 600633.SH 写入 0 条
2026-06-16 14:34:12,439 [INFO] [3172/5283] 600635.SH 写入 0 条
2026-06-16 14:34:13,613 [INFO] [3173/5283] 600637.SH 写入 0 条
2026-06-16 14:34:14,504 [INFO] [3174/5283] 600638.SH 写入 0 条
2026-06-16 14:34:15,670 [INFO] [3175/5283] 600639.SH 写入 0 条
2026-06-16 14:34:16,369 [INFO] [3176/5283] 600640.SH 写入 0 条
2026-06-16 14:34:17,033 [INFO] [3177/5283] 600641.SH 写入 0 条
2026-06-16 14:34:17,579 [INFO] [3178/5283] 600642.SH 写入 0 条
2026-06-16 14:34:18,165 [INFO] [3179/5283] 600643.SH 写入 0 条
2026-06-16 14:34:18,750 [INFO] [3180/5283] 600644.SH 写入 0 条
2026-06-16 14:34:19,320 [INFO] [3181/5283] 600645.SH 写入 0 条
2026-06-16 14:34:19,876 [INFO] [3182/5283] 600648.SH 写入 0 条
2026-06-16 14:34:20,443 [INFO] [3183/5283] 600649.SH 写入 0 条
2026-06-16 14:34:21,028 [INFO] [3184/5283] 600650.SH 写入 0 条
2026-06-16 14:34:21,597 [INFO] [3185/5283] 600651.SH 写入 0 条
2026-06-16 14:34:22,264 [INFO] [3186/5283] 600653.SH 写入 0 条
2026-06-16 14:34:23,149 [INFO] [3187/5283] 600654.SH 写入 0 条
2026-06-16 14:34:23,872 [INFO] [3188/5283] 600655.SH 写入 0 条
2026-06-16 14:34:24,737 [INFO] [3189/5283] 600657.SH 写入 0 条
2026-06-16 14:34:25,732 [INFO] [3190/5283] 600658.SH 写入 0 条
2026-06-16 14:34:26,502 [INFO] [3191/5283] 600660.SH 写入 0 条
2026-06-16 14:34:27,171 [INFO] [3192/5283] 600661.SH 写入 0 条
2026-06-16 14:34:27,872 [INFO] [3193/5283] 600662.SH 写入 0 条
2026-06-16 14:34:28,521 [INFO] [3194/5283] 600663.SH 写入 0 条
2026-06-16 14:34:29,169 [INFO] [3195/5283] 600664.SH 写入 0 条
2026-06-16 14:34:29,832 [INFO] [3196/5283] 600665.SH 写入 0 条
2026-06-16 14:34:30,515 [INFO] [3197/5283] 600666.SH 写入 0 条
2026-06-16 14:34:31,191 [INFO] [3198/5283] 600667.SH 写入 0 条
2026-06-16 14:34:31,767 [INFO] [3199/5283] 600668.SH 写入 0 条
2026-06-16 14:34:32,321 [INFO] [3200/5283] 600671.SH 写入 0 条
2026-06-16 14:34:32,688 [INFO] 进度: 已完成 3200, 失败 0, 跳过 0
2026-06-16 14:34:32,906 [INFO] [3201/5283] 600673.SH 写入 0 条
2026-06-16 14:34:33,483 [INFO] [3202/5283] 600674.SH 写入 0 条
2026-06-16 14:34:34,055 [INFO] [3203/5283] 600675.SH 写入 0 条
2026-06-16 14:34:34,698 [INFO] [3204/5283] 600676.SH 写入 0 条
2026-06-16 14:34:35,292 [INFO] [3205/5283] 600679.SH 写入 0 条
2026-06-16 14:34:35,930 [INFO] [3206/5283] 600681.SH 写入 0 条
2026-06-16 14:34:36,534 [INFO] [3207/5283] 600682.SH 写入 0 条
2026-06-16 14:34:38,007 [INFO] [3208/5283] 600683.SH 写入 0 条
2026-06-16 14:34:38,824 [INFO] [3209/5283] 600684.SH 写入 0 条
2026-06-16 14:34:39,469 [INFO] [3210/5283] 600685.SH 写入 0 条
2026-06-16 14:34:40,221 [INFO] [3211/5283] 600686.SH 写入 0 条
2026-06-16 14:34:41,023 [INFO] [3212/5283] 600688.SH 写入 0 条
2026-06-16 14:34:41,672 [INFO] [3213/5283] 600689.SH 写入 0 条
2026-06-16 14:34:42,280 [INFO] [3214/5283] 600690.SH 写入 0 条
2026-06-16 14:34:42,898 [INFO] [3215/5283] 600691.SH 写入 0 条
2026-06-16 14:34:43,483 [INFO] [3216/5283] 600692.SH 写入 0 条
2026-06-16 14:34:44,115 [INFO] [3217/5283] 600693.SH 写入 0 条
2026-06-16 14:34:44,701 [INFO] [3218/5283] 600694.SH 写入 0 条
2026-06-16 14:34:45,273 [INFO] [3219/5283] 600697.SH 写入 0 条
2026-06-16 14:34:45,852 [INFO] [3220/5283] 600698.SH 写入 0 条
2026-06-16 14:34:46,428 [INFO] [3221/5283] 600699.SH 写入 0 条
2026-06-16 14:34:47,006 [INFO] [3222/5283] 600702.SH 写入 0 条
2026-06-16 14:34:47,558 [INFO] [3223/5283] 600703.SH 写入 0 条
2026-06-16 14:34:48,131 [INFO] [3224/5283] 600704.SH 写入 0 条
2026-06-16 14:34:48,718 [INFO] [3225/5283] 600706.SH 写入 0 条
2026-06-16 14:34:49,671 [INFO] [3226/5283] 600707.SH 写入 0 条
2026-06-16 14:34:50,423 [INFO] [3227/5283] 600708.SH 写入 0 条
2026-06-16 14:34:51,049 [INFO] [3228/5283] 600710.SH 写入 0 条
2026-06-16 14:34:51,649 [INFO] [3229/5283] 600711.SH 写入 0 条
2026-06-16 14:34:52,206 [INFO] [3230/5283] 600712.SH 写入 0 条
2026-06-16 14:34:52,800 [INFO] [3231/5283] 600713.SH 写入 0 条
2026-06-16 14:34:53,379 [INFO] [3232/5283] 600714.SH 写入 0 条
2026-06-16 14:34:54,006 [INFO] [3233/5283] 600715.SH 写入 0 条
2026-06-16 14:34:54,601 [INFO] [3234/5283] 600716.SH 写入 0 条
2026-06-16 14:34:55,228 [INFO] [3235/5283] 600717.SH 写入 0 条
2026-06-16 14:34:55,805 [INFO] [3236/5283] 600718.SH 写入 0 条
2026-06-16 14:34:56,375 [INFO] [3237/5283] 600719.SH 写入 0 条
2026-06-16 14:34:56,936 [INFO] [3238/5283] 600720.SH 写入 0 条
2026-06-16 14:34:57,492 [INFO] [3239/5283] 600721.SH 写入 0 条
2026-06-16 14:34:58,077 [INFO] [3240/5283] 600722.SH 写入 0 条
2026-06-16 14:34:58,676 [INFO] [3241/5283] 600724.SH 写入 0 条
2026-06-16 14:34:59,265 [INFO] [3242/5283] 600725.SH 写入 0 条
2026-06-16 14:34:59,852 [INFO] [3243/5283] 600726.SH 写入 0 条
2026-06-16 14:35:00,505 [INFO] [3244/5283] 600727.SH 写入 0 条
2026-06-16 14:35:01,147 [INFO] [3245/5283] 600728.SH 写入 0 条
2026-06-16 14:35:01,821 [INFO] [3246/5283] 600729.SH 写入 0 条
2026-06-16 14:35:02,864 [INFO] [3247/5283] 600731.SH 写入 0 条
2026-06-16 14:35:03,677 [INFO] [3248/5283] 600732.SH 写入 0 条
2026-06-16 14:35:04,350 [INFO] [3249/5283] 600733.SH 写入 0 条
2026-06-16 14:35:05,022 [INFO] [3250/5283] 600736.SH 写入 0 条
2026-06-16 14:35:05,382 [INFO] 进度: 已完成 3250, 失败 0, 跳过 0
2026-06-16 14:35:05,600 [INFO] [3251/5283] 600737.SH 写入 0 条
2026-06-16 14:35:06,206 [INFO] [3252/5283] 600738.SH 写入 0 条
2026-06-16 14:35:06,815 [INFO] [3253/5283] 600739.SH 写入 0 条
2026-06-16 14:35:07,397 [INFO] [3254/5283] 600740.SH 写入 0 条
2026-06-16 14:35:07,975 [INFO] [3255/5283] 600741.SH 写入 0 条
2026-06-16 14:35:08,529 [INFO] [3256/5283] 600742.SH 写入 0 条
2026-06-16 14:35:09,161 [INFO] [3257/5283] 600743.SH 写入 0 条
2026-06-16 14:35:09,769 [INFO] [3258/5283] 600744.SH 写入 0 条
2026-06-16 14:35:10,700 [INFO] [3259/5283] 600746.SH 写入 0 条
2026-06-16 14:35:11,281 [INFO] [3260/5283] 600748.SH 写入 0 条
2026-06-16 14:35:11,862 [INFO] [3261/5283] 600749.SH 写入 0 条
2026-06-16 14:35:12,514 [INFO] [3262/5283] 600750.SH 写入 0 条
2026-06-16 14:35:13,435 [INFO] [3263/5283] 600751.SH 写入 0 条
2026-06-16 14:35:14,050 [INFO] [3264/5283] 600754.SH 写入 0 条
2026-06-16 14:35:14,687 [INFO] [3265/5283] 600755.SH 写入 0 条
2026-06-16 14:35:15,425 [INFO] [3266/5283] 600756.SH 写入 0 条
2026-06-16 14:35:16,054 [INFO] [3267/5283] 600757.SH 写入 0 条
2026-06-16 14:35:16,638 [INFO] [3268/5283] 600758.SH 写入 0 条
2026-06-16 14:35:17,424 [INFO] [3269/5283] 600760.SH 写入 0 条
2026-06-16 14:35:18,069 [INFO] [3270/5283] 600761.SH 写入 0 条
2026-06-16 14:35:18,687 [INFO] [3271/5283] 600763.SH 写入 0 条
2026-06-16 14:35:19,270 [INFO] [3272/5283] 600764.SH 写入 0 条
2026-06-16 14:35:19,848 [INFO] [3273/5283] 600765.SH 写入 0 条
2026-06-16 14:35:20,482 [INFO] [3274/5283] 600768.SH 写入 0 条
2026-06-16 14:35:21,087 [INFO] [3275/5283] 600769.SH 写入 0 条
2026-06-16 14:35:21,734 [INFO] [3276/5283] 600770.SH 写入 0 条
2026-06-16 14:35:22,332 [INFO] [3277/5283] 600771.SH 写入 0 条
2026-06-16 14:35:22,927 [INFO] [3278/5283] 600773.SH 写入 0 条
2026-06-16 14:35:23,525 [INFO] [3279/5283] 600774.SH 写入 0 条
2026-06-16 14:35:24,174 [INFO] [3280/5283] 600775.SH 写入 0 条
2026-06-16 14:35:24,837 [INFO] [3281/5283] 600776.SH 写入 0 条
2026-06-16 14:35:25,396 [INFO] [3282/5283] 600778.SH 写入 0 条
2026-06-16 14:35:26,362 [INFO] [3283/5283] 600779.SH 写入 0 条
2026-06-16 14:35:26,942 [INFO] [3284/5283] 600780.SH 写入 0 条
2026-06-16 14:35:27,504 [INFO] [3285/5283] 600782.SH 写入 0 条
2026-06-16 14:35:28,059 [INFO] [3286/5283] 600783.SH 写入 0 条
2026-06-16 14:35:28,615 [INFO] [3287/5283] 600784.SH 写入 0 条
2026-06-16 14:35:29,216 [INFO] [3288/5283] 600785.SH 写入 0 条
2026-06-16 14:35:29,784 [INFO] [3289/5283] 600787.SH 写入 0 条
2026-06-16 14:35:30,352 [INFO] [3290/5283] 600789.SH 写入 0 条
2026-06-16 14:35:30,982 [INFO] [3291/5283] 600790.SH 写入 0 条
2026-06-16 14:35:31,602 [INFO] [3292/5283] 600791.SH 写入 0 条
2026-06-16 14:35:32,172 [INFO] [3293/5283] 600792.SH 写入 0 条
2026-06-16 14:35:32,741 [INFO] [3294/5283] 600793.SH 写入 0 条
2026-06-16 14:35:33,296 [INFO] [3295/5283] 600794.SH 写入 0 条
2026-06-16 14:35:33,890 [INFO] [3296/5283] 600795.SH 写入 0 条
2026-06-16 14:35:34,472 [INFO] [3297/5283] 600796.SH 写入 0 条
2026-06-16 14:35:35,064 [INFO] [3298/5283] 600797.SH 写入 0 条
2026-06-16 14:35:35,669 [INFO] [3299/5283] 600798.SH 写入 0 条
2026-06-16 14:35:36,281 [INFO] [3300/5283] 600800.SH 写入 0 条
2026-06-16 14:35:36,648 [INFO] 进度: 已完成 3300, 失败 0, 跳过 0
2026-06-16 14:35:37,098 [INFO] [3301/5283] 600801.SH 写入 0 条
2026-06-16 14:35:37,764 [INFO] [3302/5283] 600802.SH 写入 0 条
2026-06-16 14:35:38,348 [INFO] [3303/5283] 600803.SH 写入 0 条
2026-06-16 14:35:38,968 [INFO] [3304/5283] 600805.SH 写入 0 条
2026-06-16 14:35:39,549 [INFO] [3305/5283] 600807.SH 写入 0 条
2026-06-16 14:35:40,242 [INFO] [3306/5283] 600808.SH 写入 0 条
2026-06-16 14:35:40,878 [INFO] [3307/5283] 600809.SH 写入 0 条
2026-06-16 14:35:41,442 [INFO] [3308/5283] 600810.SH 写入 0 条
2026-06-16 14:35:42,030 [INFO] [3309/5283] 600812.SH 写入 0 条
2026-06-16 14:35:42,631 [INFO] [3310/5283] 600814.SH 写入 0 条
2026-06-16 14:35:43,221 [INFO] [3311/5283] 600815.SH 写入 0 条
2026-06-16 14:35:43,799 [INFO] [3312/5283] 600816.SH 写入 0 条
2026-06-16 14:35:44,376 [INFO] [3313/5283] 600817.SH 写入 0 条
2026-06-16 14:35:44,959 [INFO] [3314/5283] 600819.SH 写入 0 条
2026-06-16 14:35:45,538 [INFO] [3315/5283] 600820.SH 写入 0 条
2026-06-16 14:35:46,098 [INFO] [3316/5283] 600821.SH 写入 0 条
2026-06-16 14:35:46,695 [INFO] [3317/5283] 600822.SH 写入 0 条
2026-06-16 14:35:47,349 [INFO] [3318/5283] 600824.SH 写入 0 条
2026-06-16 14:35:47,968 [INFO] [3319/5283] 600825.SH 写入 0 条
2026-06-16 14:35:48,673 [INFO] [3320/5283] 600826.SH 写入 0 条
2026-06-16 14:35:49,747 [INFO] [3321/5283] 600827.SH 写入 0 条
2026-06-16 14:35:51,261 [INFO] [3322/5283] 600828.SH 写入 0 条
2026-06-16 14:35:52,008 [INFO] [3323/5283] 600829.SH 写入 0 条
2026-06-16 14:35:52,630 [INFO] [3324/5283] 600830.SH 写入 0 条
2026-06-16 14:35:53,227 [INFO] [3325/5283] 600831.SH 写入 0 条
2026-06-16 14:35:53,784 [INFO] [3326/5283] 600833.SH 写入 0 条
2026-06-16 14:35:54,377 [INFO] [3327/5283] 600834.SH 写入 0 条
2026-06-16 14:35:55,017 [INFO] [3328/5283] 600835.SH 写入 0 条
2026-06-16 14:35:55,611 [INFO] [3329/5283] 600838.SH 写入 0 条
2026-06-16 14:35:56,177 [INFO] [3330/5283] 600839.SH 写入 0 条
2026-06-16 14:35:56,742 [INFO] [3331/5283] 600841.SH 写入 0 条
2026-06-16 14:35:57,289 [INFO] [3332/5283] 600843.SH 写入 0 条
2026-06-16 14:35:57,882 [INFO] [3333/5283] 600844.SH 写入 0 条
2026-06-16 14:35:58,457 [INFO] [3334/5283] 600845.SH 写入 0 条
2026-06-16 14:35:59,039 [INFO] [3335/5283] 600846.SH 写入 0 条
2026-06-16 14:35:59,609 [INFO] [3336/5283] 600847.SH 写入 0 条
2026-06-16 14:36:00,205 [INFO] [3337/5283] 600848.SH 写入 0 条
2026-06-16 14:36:00,774 [INFO] [3338/5283] 600850.SH 写入 0 条
2026-06-16 14:36:01,342 [INFO] [3339/5283] 600851.SH 写入 0 条
2026-06-16 14:36:01,930 [INFO] [3340/5283] 600853.SH 写入 0 条
2026-06-16 14:36:02,505 [INFO] [3341/5283] 600854.SH 写入 0 条
2026-06-16 14:36:03,082 [INFO] [3342/5283] 600855.SH 写入 0 条
2026-06-16 14:36:03,679 [INFO] [3343/5283] 600857.SH 写入 0 条
2026-06-16 14:36:04,239 [INFO] [3344/5283] 600858.SH 写入 0 条
2026-06-16 14:36:04,818 [INFO] [3345/5283] 600859.SH 写入 0 条
2026-06-16 14:36:05,393 [INFO] [3346/5283] 600860.SH 写入 0 条
2026-06-16 14:36:05,976 [INFO] [3347/5283] 600861.SH 写入 0 条
2026-06-16 14:36:06,531 [INFO] [3348/5283] 600862.SH 写入 0 条
2026-06-16 14:36:07,105 [INFO] [3349/5283] 600863.SH 写入 0 条
2026-06-16 14:36:07,671 [INFO] [3350/5283] 600864.SH 写入 0 条
2026-06-16 14:36:08,039 [INFO] 进度: 已完成 3350, 失败 0, 跳过 0
2026-06-16 14:36:08,271 [INFO] [3351/5283] 600865.SH 写入 0 条
2026-06-16 14:36:08,844 [INFO] [3352/5283] 600866.SH 写入 0 条
2026-06-16 14:36:09,460 [INFO] [3353/5283] 600867.SH 写入 0 条
2026-06-16 14:36:10,148 [INFO] [3354/5283] 600868.SH 写入 0 条
2026-06-16 14:36:10,846 [INFO] [3355/5283] 600869.SH 写入 0 条
2026-06-16 14:36:11,421 [INFO] [3356/5283] 600871.SH 写入 0 条
2026-06-16 14:36:11,991 [INFO] [3357/5283] 600872.SH 写入 0 条
2026-06-16 14:36:12,539 [INFO] [3358/5283] 600873.SH 写入 0 条
2026-06-16 14:36:13,148 [INFO] [3359/5283] 600874.SH 写入 0 条
2026-06-16 14:36:13,716 [INFO] [3360/5283] 600875.SH 写入 0 条
2026-06-16 14:36:14,293 [INFO] [3361/5283] 600876.SH 写入 0 条
2026-06-16 14:36:14,867 [INFO] [3362/5283] 600877.SH 写入 0 条
2026-06-16 14:36:16,092 [INFO] [3363/5283] 600879.SH 写入 0 条
2026-06-16 14:36:16,849 [INFO] [3364/5283] 600880.SH 写入 0 条
2026-06-16 14:36:17,565 [INFO] [3365/5283] 600881.SH 写入 0 条
2026-06-16 14:36:18,259 [INFO] [3366/5283] 600882.SH 写入 0 条
2026-06-16 14:36:18,892 [INFO] [3367/5283] 600883.SH 写入 0 条
2026-06-16 14:36:19,555 [INFO] [3368/5283] 600884.SH 写入 0 条
2026-06-16 14:36:20,141 [INFO] [3369/5283] 600885.SH 写入 0 条
2026-06-16 14:36:20,721 [INFO] [3370/5283] 600886.SH 写入 0 条
2026-06-16 14:36:21,299 [INFO] [3371/5283] 600887.SH 写入 0 条
2026-06-16 14:36:22,011 [INFO] [3372/5283] 600888.SH 写入 0 条
2026-06-16 14:36:22,822 [INFO] [3373/5283] 600893.SH 写入 0 条
2026-06-16 14:36:23,410 [INFO] [3374/5283] 600894.SH 写入 0 条
2026-06-16 14:36:24,083 [INFO] [3375/5283] 600895.SH 写入 0 条
2026-06-16 14:36:24,668 [INFO] [3376/5283] 600897.SH 写入 0 条
2026-06-16 14:36:25,248 [INFO] [3377/5283] 600900.SH 写入 0 条
2026-06-16 14:36:25,835 [INFO] [3378/5283] 600901.SH 写入 0 条
2026-06-16 14:36:26,379 [INFO] [3379/5283] 600903.SH 写入 0 条
2026-06-16 14:36:26,913 [INFO] [3380/5283] 600905.SH 写入 0 条
2026-06-16 14:36:27,471 [INFO] [3381/5283] 600906.SH 写入 0 条
2026-06-16 14:36:28,069 [INFO] [3382/5283] 600908.SH 写入 0 条
2026-06-16 14:36:28,642 [INFO] [3383/5283] 600909.SH 写入 0 条
2026-06-16 14:36:29,188 [INFO] [3384/5283] 600916.SH 写入 0 条
2026-06-16 14:36:29,736 [INFO] [3385/5283] 600917.SH 写入 0 条
2026-06-16 14:36:30,334 [INFO] [3386/5283] 600918.SH 写入 0 条
2026-06-16 14:36:30,944 [INFO] [3387/5283] 600919.SH 写入 0 条
2026-06-16 14:36:31,437 [INFO] [3388/5283] 600925.SH 写入 0 条
2026-06-16 14:36:32,001 [INFO] [3389/5283] 600926.SH 写入 0 条
2026-06-16 14:36:32,549 [INFO] [3390/5283] 600927.SH 写入 0 条
2026-06-16 14:36:33,109 [INFO] [3391/5283] 600928.SH 写入 0 条
2026-06-16 14:36:33,660 [INFO] [3392/5283] 600929.SH 写入 0 条
2026-06-16 14:36:34,158 [INFO] [3393/5283] 600930.SH 写入 0 条
2026-06-16 14:36:34,741 [INFO] [3394/5283] 600933.SH 写入 0 条
2026-06-16 14:36:35,252 [INFO] [3395/5283] 600935.SH 写入 0 条
2026-06-16 14:36:35,816 [INFO] [3396/5283] 600936.SH 写入 0 条
2026-06-16 14:36:36,449 [INFO] [3397/5283] 600938.SH 写入 0 条
2026-06-16 14:36:37,079 [INFO] [3398/5283] 600939.SH 写入 0 条
2026-06-16 14:36:37,608 [INFO] [3399/5283] 600941.SH 写入 0 条
2026-06-16 14:36:38,122 [INFO] [3400/5283] 600955.SH 写入 0 条
2026-06-16 14:36:38,489 [INFO] 进度: 已完成 3400, 失败 0, 跳过 0
2026-06-16 14:36:38,710 [INFO] [3401/5283] 600956.SH 写入 0 条
2026-06-16 14:36:39,361 [INFO] [3402/5283] 600958.SH 写入 0 条
2026-06-16 14:36:40,534 [INFO] [3403/5283] 600959.SH 写入 0 条
2026-06-16 14:36:41,175 [INFO] [3404/5283] 600960.SH 写入 0 条
2026-06-16 14:36:42,177 [INFO] [3405/5283] 600961.SH 写入 0 条
2026-06-16 14:36:42,741 [INFO] [3406/5283] 600962.SH 写入 0 条
2026-06-16 14:36:43,471 [INFO] [3407/5283] 600963.SH 写入 0 条
2026-06-16 14:36:44,030 [INFO] [3408/5283] 600966.SH 写入 0 条
2026-06-16 14:36:44,616 [INFO] [3409/5283] 600967.SH 写入 0 条
2026-06-16 14:36:45,166 [INFO] [3410/5283] 600968.SH 写入 0 条
2026-06-16 14:36:45,774 [INFO] [3411/5283] 600969.SH 写入 0 条
2026-06-16 14:36:46,371 [INFO] [3412/5283] 600970.SH 写入 0 条
2026-06-16 14:36:46,958 [INFO] [3413/5283] 600971.SH 写入 0 条
2026-06-16 14:36:47,545 [INFO] [3414/5283] 600973.SH 写入 0 条
2026-06-16 14:36:48,145 [INFO] [3415/5283] 600975.SH 写入 0 条
2026-06-16 14:36:48,788 [INFO] [3416/5283] 600976.SH 写入 0 条
2026-06-16 14:36:49,649 [INFO] [3417/5283] 600977.SH 写入 0 条
2026-06-16 14:36:50,381 [INFO] [3418/5283] 600979.SH 写入 0 条
2026-06-16 14:36:51,177 [INFO] [3419/5283] 600980.SH 写入 0 条
2026-06-16 14:36:52,108 [INFO] [3420/5283] 600981.SH 写入 0 条
2026-06-16 14:36:52,725 [INFO] [3421/5283] 600982.SH 写入 0 条
2026-06-16 14:36:53,429 [INFO] [3422/5283] 600983.SH 写入 0 条
2026-06-16 14:36:54,060 [INFO] [3423/5283] 600984.SH 写入 0 条
2026-06-16 14:36:54,656 [INFO] [3424/5283] 600985.SH 写入 0 条
2026-06-16 14:36:55,206 [INFO] [3425/5283] 600986.SH 写入 0 条
2026-06-16 14:36:55,774 [INFO] [3426/5283] 600987.SH 写入 0 条
2026-06-16 14:36:56,327 [INFO] [3427/5283] 600988.SH 写入 0 条
2026-06-16 14:36:56,903 [INFO] [3428/5283] 600989.SH 写入 0 条
2026-06-16 14:36:57,492 [INFO] [3429/5283] 600990.SH 写入 0 条
2026-06-16 14:36:58,080 [INFO] [3430/5283] 600992.SH 写入 0 条
2026-06-16 14:36:58,662 [INFO] [3431/5283] 600993.SH 写入 0 条
2026-06-16 14:36:59,229 [INFO] [3432/5283] 600995.SH 写入 0 条
2026-06-16 14:36:59,769 [INFO] [3433/5283] 600996.SH 写入 0 条
2026-06-16 14:37:00,394 [INFO] [3434/5283] 600997.SH 写入 0 条
2026-06-16 14:37:01,014 [INFO] [3435/5283] 600998.SH 写入 0 条
2026-06-16 14:37:01,598 [INFO] [3436/5283] 600999.SH 写入 0 条
2026-06-16 14:37:02,159 [INFO] [3437/5283] 601000.SH 写入 0 条
2026-06-16 14:37:02,741 [INFO] [3438/5283] 601001.SH 写入 0 条
2026-06-16 14:37:03,312 [INFO] [3439/5283] 601002.SH 写入 0 条
2026-06-16 14:37:03,898 [INFO] [3440/5283] 601003.SH 写入 0 条
2026-06-16 14:37:04,981 [INFO] [3441/5283] 601005.SH 写入 0 条
2026-06-16 14:37:05,534 [INFO] [3442/5283] 601006.SH 写入 0 条
2026-06-16 14:37:06,128 [INFO] [3443/5283] 601007.SH 写入 0 条
2026-06-16 14:37:06,690 [INFO] [3444/5283] 601008.SH 写入 0 条
2026-06-16 14:37:07,262 [INFO] [3445/5283] 601009.SH 写入 0 条
2026-06-16 14:37:07,844 [INFO] [3446/5283] 601011.SH 写入 0 条
2026-06-16 14:37:08,409 [INFO] [3447/5283] 601012.SH 写入 0 条
2026-06-16 14:37:08,989 [INFO] [3448/5283] 601015.SH 写入 0 条
2026-06-16 14:37:09,571 [INFO] [3449/5283] 601016.SH 写入 0 条
2026-06-16 14:37:10,212 [INFO] [3450/5283] 601018.SH 写入 0 条
2026-06-16 14:37:10,578 [INFO] 进度: 已完成 3450, 失败 0, 跳过 0
2026-06-16 14:37:10,772 [INFO] [3451/5283] 601019.SH 写入 0 条
2026-06-16 14:37:11,348 [INFO] [3452/5283] 601020.SH 写入 0 条
2026-06-16 14:37:11,927 [INFO] [3453/5283] 601021.SH 写入 0 条
2026-06-16 14:37:12,471 [INFO] [3454/5283] 601022.SH 写入 0 条
2026-06-16 14:37:12,943 [INFO] [3455/5283] 601026.SH 写入 0 条
2026-06-16 14:37:13,440 [INFO] [3456/5283] 601033.SH 写入 0 条
2026-06-16 14:37:14,034 [INFO] [3457/5283] 601038.SH 写入 0 条
2026-06-16 14:37:14,586 [INFO] [3458/5283] 601058.SH 写入 0 条
2026-06-16 14:37:15,159 [INFO] [3459/5283] 601059.SH 写入 0 条
2026-06-16 14:37:15,662 [INFO] [3460/5283] 601061.SH 写入 0 条
2026-06-16 14:37:16,170 [INFO] [3461/5283] 601065.SH 写入 0 条
2026-06-16 14:37:16,739 [INFO] [3462/5283] 601066.SH 写入 0 条
2026-06-16 14:37:17,300 [INFO] [3463/5283] 601068.SH 写入 0 条
2026-06-16 14:37:17,911 [INFO] [3464/5283] 601069.SH 写入 0 条
2026-06-16 14:37:18,475 [INFO] [3465/5283] 601077.SH 写入 0 条
2026-06-16 14:37:18,989 [INFO] [3466/5283] 601083.SH 写入 0 条
2026-06-16 14:37:19,606 [INFO] [3467/5283] 601086.SH 写入 0 条
2026-06-16 14:37:20,179 [INFO] [3468/5283] 601088.SH 写入 0 条
2026-06-16 14:37:20,707 [INFO] [3469/5283] 601089.SH 写入 0 条
2026-06-16 14:37:21,225 [INFO] [3470/5283] 601096.SH 写入 0 条
2026-06-16 14:37:21,817 [INFO] [3471/5283] 601098.SH 写入 0 条
2026-06-16 14:37:22,483 [INFO] [3472/5283] 601099.SH 写入 0 条
2026-06-16 14:37:23,409 [INFO] [3473/5283] 601100.SH 写入 0 条
2026-06-16 14:37:24,091 [INFO] [3474/5283] 601101.SH 写入 0 条
2026-06-16 14:37:24,727 [INFO] [3475/5283] 601106.SH 写入 0 条
2026-06-16 14:37:25,443 [INFO] [3476/5283] 601107.SH 写入 0 条
2026-06-16 14:37:26,054 [INFO] [3477/5283] 601108.SH 写入 0 条
2026-06-16 14:37:26,645 [INFO] [3478/5283] 601111.SH 写入 0 条
2026-06-16 14:37:27,222 [INFO] [3479/5283] 601113.SH 写入 0 条
2026-06-16 14:37:27,851 [INFO] [3480/5283] 601116.SH 写入 0 条
2026-06-16 14:37:28,427 [INFO] [3481/5283] 601117.SH 写入 0 条
2026-06-16 14:37:28,993 [INFO] [3482/5283] 601118.SH 写入 0 条
2026-06-16 14:37:29,751 [INFO] [3483/5283] 601121.SH 写入 0 条
2026-06-16 14:37:30,327 [INFO] [3484/5283] 601126.SH 写入 0 条
2026-06-16 14:37:30,940 [INFO] [3485/5283] 601127.SH 写入 0 条
2026-06-16 14:37:31,509 [INFO] [3486/5283] 601128.SH 写入 0 条
2026-06-16 14:37:32,019 [INFO] [3487/5283] 601133.SH 写入 0 条
2026-06-16 14:37:32,564 [INFO] [3488/5283] 601136.SH 写入 0 条
2026-06-16 14:37:33,113 [INFO] [3489/5283] 601137.SH 写入 0 条
2026-06-16 14:37:33,637 [INFO] [3490/5283] 601138.SH 写入 0 条
2026-06-16 14:37:34,211 [INFO] [3491/5283] 601139.SH 写入 0 条
2026-06-16 14:37:34,811 [INFO] [3492/5283] 601155.SH 写入 0 条
2026-06-16 14:37:35,332 [INFO] [3493/5283] 601156.SH 写入 0 条
2026-06-16 14:37:35,928 [INFO] [3494/5283] 601158.SH 写入 0 条
2026-06-16 14:37:36,536 [INFO] [3495/5283] 601162.SH 写入 0 条
2026-06-16 14:37:37,359 [INFO] [3496/5283] 601163.SH 写入 0 条
2026-06-16 14:37:38,012 [INFO] [3497/5283] 601166.SH 写入 0 条
2026-06-16 14:37:39,227 [INFO] [3498/5283] 601168.SH 写入 0 条
2026-06-16 14:37:39,840 [INFO] [3499/5283] 601169.SH 写入 0 条
2026-06-16 14:37:40,471 [INFO] [3500/5283] 601177.SH 写入 0 条
2026-06-16 14:37:40,859 [INFO] 进度: 已完成 3500, 失败 0, 跳过 0
2026-06-16 14:37:41,282 [INFO] [3501/5283] 601179.SH 写入 0 条
2026-06-16 14:37:42,125 [INFO] [3502/5283] 601186.SH 写入 0 条
2026-06-16 14:37:42,947 [INFO] [3503/5283] 601187.SH 写入 0 条
2026-06-16 14:37:43,587 [INFO] [3504/5283] 601188.SH 写入 0 条
2026-06-16 14:37:44,140 [INFO] [3505/5283] 601198.SH 写入 0 条
2026-06-16 14:37:44,677 [INFO] [3506/5283] 601199.SH 写入 0 条
2026-06-16 14:37:45,216 [INFO] [3507/5283] 601200.SH 写入 0 条
2026-06-16 14:37:45,785 [INFO] [3508/5283] 601208.SH 写入 0 条
2026-06-16 14:37:46,387 [INFO] [3509/5283] 601211.SH 写入 0 条
2026-06-16 14:37:46,989 [INFO] [3510/5283] 601212.SH 写入 0 条
2026-06-16 14:37:47,522 [INFO] [3511/5283] 601216.SH 写入 0 条
2026-06-16 14:37:48,053 [INFO] [3512/5283] 601218.SH 写入 0 条
2026-06-16 14:37:48,599 [INFO] [3513/5283] 601222.SH 写入 0 条
2026-06-16 14:37:49,174 [INFO] [3514/5283] 601225.SH 写入 0 条
2026-06-16 14:37:49,790 [INFO] [3515/5283] 601226.SH 写入 0 条
2026-06-16 14:37:50,532 [INFO] [3516/5283] 601228.SH 写入 0 条
2026-06-16 14:37:51,834 [INFO] [3517/5283] 601229.SH 写入 0 条
2026-06-16 14:37:52,421 [INFO] [3518/5283] 601231.SH 写入 0 条
2026-06-16 14:37:53,067 [INFO] [3519/5283] 601233.SH 写入 0 条
2026-06-16 14:37:53,611 [INFO] [3520/5283] 601236.SH 写入 0 条
2026-06-16 14:37:54,141 [INFO] [3521/5283] 601238.SH 写入 0 条
2026-06-16 14:37:54,648 [INFO] [3522/5283] 601279.SH 写入 0 条
2026-06-16 14:37:55,205 [INFO] [3523/5283] 601288.SH 写入 0 条
2026-06-16 14:37:55,735 [INFO] [3524/5283] 601298.SH 写入 0 条
2026-06-16 14:37:56,259 [INFO] [3525/5283] 601311.SH 写入 0 条
2026-06-16 14:37:56,802 [INFO] [3526/5283] 601318.SH 写入 0 条
2026-06-16 14:37:57,319 [INFO] [3527/5283] 601319.SH 写入 0 条
2026-06-16 14:37:57,958 [INFO] [3528/5283] 601326.SH 写入 0 条
2026-06-16 14:37:58,547 [INFO] [3529/5283] 601328.SH 写入 0 条
2026-06-16 14:37:59,123 [INFO] [3530/5283] 601330.SH 写入 0 条
2026-06-16 14:37:59,989 [INFO] [3531/5283] 601333.SH 写入 0 条
2026-06-16 14:38:00,571 [INFO] [3532/5283] 601336.SH 写入 0 条
2026-06-16 14:38:01,184 [INFO] [3533/5283] 601339.SH 写入 0 条
2026-06-16 14:38:01,712 [INFO] [3534/5283] 601360.SH 写入 0 条
2026-06-16 14:38:02,315 [INFO] [3535/5283] 601366.SH 写入 0 条
2026-06-16 14:38:03,240 [INFO] [3536/5283] 601368.SH 写入 0 条
2026-06-16 14:38:03,831 [INFO] [3537/5283] 601369.SH 写入 0 条
2026-06-16 14:38:04,517 [INFO] [3538/5283] 601375.SH 写入 0 条
2026-06-16 14:38:05,084 [INFO] [3539/5283] 601377.SH 写入 0 条
2026-06-16 14:38:05,662 [INFO] [3540/5283] 601388.SH 写入 0 条
2026-06-16 14:38:06,217 [INFO] [3541/5283] 601390.SH 写入 0 条
2026-06-16 14:38:06,800 [INFO] [3542/5283] 601398.SH 写入 0 条
2026-06-16 14:38:07,358 [INFO] [3543/5283] 601399.SH 写入 0 条
2026-06-16 14:38:07,908 [INFO] [3544/5283] 601456.SH 写入 0 条
2026-06-16 14:38:08,469 [INFO] [3545/5283] 601500.SH 写入 0 条
2026-06-16 14:38:09,017 [INFO] [3546/5283] 601512.SH 写入 0 条
2026-06-16 14:38:09,614 [INFO] [3547/5283] 601515.SH 写入 0 条
2026-06-16 14:38:10,186 [INFO] [3548/5283] 601518.SH 写入 0 条
2026-06-16 14:38:10,742 [INFO] [3549/5283] 601519.SH 写入 0 条
2026-06-16 14:38:11,269 [INFO] [3550/5283] 601528.SH 写入 0 条
2026-06-16 14:38:11,634 [INFO] 进度: 已完成 3550, 失败 0, 跳过 0
2026-06-16 14:38:11,834 [INFO] [3551/5283] 601555.SH 写入 0 条
2026-06-16 14:38:12,384 [INFO] [3552/5283] 601566.SH 写入 0 条
2026-06-16 14:38:12,923 [INFO] [3553/5283] 601567.SH 写入 0 条
2026-06-16 14:38:13,438 [INFO] [3554/5283] 601568.SH 写入 0 条
2026-06-16 14:38:13,969 [INFO] [3555/5283] 601577.SH 写入 0 条
2026-06-16 14:38:14,501 [INFO] [3556/5283] 601579.SH 写入 0 条
2026-06-16 14:38:15,041 [INFO] [3557/5283] 601588.SH 写入 0 条
2026-06-16 14:38:15,563 [INFO] [3558/5283] 601595.SH 写入 0 条
2026-06-16 14:38:16,170 [INFO] [3559/5283] 601598.SH 写入 0 条
2026-06-16 14:38:16,744 [INFO] [3560/5283] 601599.SH 写入 0 条
2026-06-16 14:38:17,325 [INFO] [3561/5283] 601600.SH 写入 0 条
2026-06-16 14:38:17,907 [INFO] [3562/5283] 601601.SH 写入 0 条
2026-06-16 14:38:18,736 [INFO] [3563/5283] 601606.SH 写入 0 条
2026-06-16 14:38:19,325 [INFO] [3564/5283] 601607.SH 写入 0 条
2026-06-16 14:38:19,892 [INFO] [3565/5283] 601608.SH 写入 0 条
2026-06-16 14:38:20,447 [INFO] [3566/5283] 601609.SH 写入 0 条
2026-06-16 14:38:21,002 [INFO] [3567/5283] 601611.SH 写入 0 条
2026-06-16 14:38:21,562 [INFO] [3568/5283] 601615.SH 写入 0 条
2026-06-16 14:38:22,132 [INFO] [3569/5283] 601616.SH 写入 0 条
2026-06-16 14:38:22,692 [INFO] [3570/5283] 601618.SH 写入 0 条
2026-06-16 14:38:23,242 [INFO] [3571/5283] 601619.SH 写入 0 条
2026-06-16 14:38:23,805 [INFO] [3572/5283] 601628.SH 写入 0 条
2026-06-16 14:38:24,374 [INFO] [3573/5283] 601633.SH 写入 0 条
2026-06-16 14:38:24,937 [INFO] [3574/5283] 601636.SH 写入 0 条
2026-06-16 14:38:25,502 [INFO] [3575/5283] 601658.SH 写入 0 条
2026-06-16 14:38:26,052 [INFO] [3576/5283] 601665.SH 写入 0 条
2026-06-16 14:38:26,597 [INFO] [3577/5283] 601666.SH 写入 0 条
2026-06-16 14:38:27,179 [INFO] [3578/5283] 601668.SH 写入 0 条
2026-06-16 14:38:27,770 [INFO] [3579/5283] 601669.SH 写入 0 条
2026-06-16 14:38:28,328 [INFO] [3580/5283] 601677.SH 写入 0 条
2026-06-16 14:38:28,937 [INFO] [3581/5283] 601678.SH 写入 0 条
2026-06-16 14:38:29,474 [INFO] [3582/5283] 601686.SH 写入 0 条
2026-06-16 14:38:30,083 [INFO] [3583/5283] 601688.SH 写入 0 条
2026-06-16 14:38:30,636 [INFO] [3584/5283] 601689.SH 写入 0 条
2026-06-16 14:38:31,172 [INFO] [3585/5283] 601696.SH 写入 0 条
2026-06-16 14:38:31,718 [INFO] [3586/5283] 601698.SH 写入 0 条
2026-06-16 14:38:32,242 [INFO] [3587/5283] 601699.SH 写入 0 条
2026-06-16 14:38:32,780 [INFO] [3588/5283] 601700.SH 写入 0 条
2026-06-16 14:38:33,264 [INFO] [3589/5283] 601702.SH 写入 0 条
2026-06-16 14:38:33,789 [INFO] [3590/5283] 601717.SH 写入 0 条
2026-06-16 14:38:34,313 [INFO] [3591/5283] 601727.SH 写入 0 条
2026-06-16 14:38:34,836 [INFO] [3592/5283] 601728.SH 写入 0 条
2026-06-16 14:38:35,359 [INFO] [3593/5283] 601766.SH 写入 0 条
2026-06-16 14:38:35,886 [INFO] [3594/5283] 601777.SH 写入 0 条
2026-06-16 14:38:36,595 [INFO] [3595/5283] 601778.SH 写入 0 条
2026-06-16 14:38:37,119 [INFO] [3596/5283] 601788.SH 写入 0 条
2026-06-16 14:38:37,643 [INFO] [3597/5283] 601789.SH 写入 0 条
2026-06-16 14:38:38,190 [INFO] [3598/5283] 601798.SH 写入 0 条
2026-06-16 14:38:38,699 [INFO] [3599/5283] 601799.SH 写入 0 条
2026-06-16 14:38:39,224 [INFO] [3600/5283] 601800.SH 写入 0 条
2026-06-16 14:38:39,585 [INFO] 进度: 已完成 3600, 失败 0, 跳过 0
2026-06-16 14:38:39,826 [INFO] [3601/5283] 601801.SH 写入 0 条
2026-06-16 14:38:40,357 [INFO] [3602/5283] 601808.SH 写入 0 条
2026-06-16 14:38:40,885 [INFO] [3603/5283] 601811.SH 写入 0 条
2026-06-16 14:38:41,381 [INFO] [3604/5283] 601816.SH 写入 0 条
2026-06-16 14:38:41,942 [INFO] [3605/5283] 601818.SH 写入 0 条
2026-06-16 14:38:42,477 [INFO] [3606/5283] 601825.SH 写入 0 条
2026-06-16 14:38:42,973 [INFO] [3607/5283] 601827.SH 写入 0 条
2026-06-16 14:38:43,520 [INFO] [3608/5283] 601828.SH 写入 0 条
2026-06-16 14:38:44,094 [INFO] [3609/5283] 601838.SH 写入 0 条
2026-06-16 14:38:44,642 [INFO] [3610/5283] 601857.SH 写入 0 条
2026-06-16 14:38:45,181 [INFO] [3611/5283] 601858.SH 写入 0 条
2026-06-16 14:38:45,715 [INFO] [3612/5283] 601860.SH 写入 0 条
2026-06-16 14:38:46,227 [INFO] [3613/5283] 601865.SH 写入 0 条
2026-06-16 14:38:46,770 [INFO] [3614/5283] 601866.SH 写入 0 条
2026-06-16 14:38:47,307 [INFO] [3615/5283] 601868.SH 写入 0 条
2026-06-16 14:38:47,846 [INFO] [3616/5283] 601869.SH 写入 0 条
2026-06-16 14:38:48,457 [INFO] [3617/5283] 601872.SH 写入 0 条
2026-06-16 14:38:49,065 [INFO] [3618/5283] 601877.SH 写入 0 条
2026-06-16 14:38:49,690 [INFO] [3619/5283] 601878.SH 写入 0 条
2026-06-16 14:38:50,301 [INFO] [3620/5283] 601880.SH 写入 0 条
2026-06-16 14:38:50,851 [INFO] [3621/5283] 601881.SH 写入 0 条
2026-06-16 14:38:51,373 [INFO] [3622/5283] 601882.SH 写入 0 条
2026-06-16 14:38:51,902 [INFO] [3623/5283] 601886.SH 写入 0 条
2026-06-16 14:38:52,433 [INFO] [3624/5283] 601888.SH 写入 0 条
2026-06-16 14:38:52,989 [INFO] [3625/5283] 601890.SH 写入 0 条
2026-06-16 14:38:53,531 [INFO] [3626/5283] 601898.SH 写入 0 条
2026-06-16 14:38:54,079 [INFO] [3627/5283] 601899.SH 写入 0 条
2026-06-16 14:38:54,607 [INFO] [3628/5283] 601900.SH 写入 0 条
2026-06-16 14:38:55,146 [INFO] [3629/5283] 601901.SH 写入 0 条
2026-06-16 14:38:55,706 [INFO] [3630/5283] 601908.SH 写入 0 条
2026-06-16 14:38:56,226 [INFO] [3631/5283] 601916.SH 写入 0 条
2026-06-16 14:38:56,771 [INFO] [3632/5283] 601918.SH 写入 0 条
2026-06-16 14:38:57,303 [INFO] [3633/5283] 601919.SH 写入 0 条
2026-06-16 14:38:57,792 [INFO] [3634/5283] 601921.SH 写入 0 条
2026-06-16 14:38:58,323 [INFO] [3635/5283] 601928.SH 写入 0 条
2026-06-16 14:38:58,991 [INFO] [3636/5283] 601929.SH 写入 0 条
2026-06-16 14:38:59,542 [INFO] [3637/5283] 601933.SH 写入 0 条
2026-06-16 14:39:00,091 [INFO] [3638/5283] 601939.SH 写入 0 条
2026-06-16 14:39:00,611 [INFO] [3639/5283] 601949.SH 写入 0 条
2026-06-16 14:39:01,115 [INFO] [3640/5283] 601952.SH 写入 0 条
2026-06-16 14:39:01,621 [INFO] [3641/5283] 601956.SH 写入 0 条
2026-06-16 14:39:02,145 [INFO] [3642/5283] 601958.SH 写入 0 条
2026-06-16 14:39:02,673 [INFO] [3643/5283] 601963.SH 写入 0 条
2026-06-16 14:39:03,201 [INFO] [3644/5283] 601965.SH 写入 0 条
2026-06-16 14:39:03,721 [INFO] [3645/5283] 601966.SH 写入 0 条
2026-06-16 14:39:04,256 [INFO] [3646/5283] 601968.SH 写入 0 条
2026-06-16 14:39:04,807 [INFO] [3647/5283] 601969.SH 写入 0 条
2026-06-16 14:39:05,340 [INFO] [3648/5283] 601975.SH 写入 0 条
2026-06-16 14:39:05,881 [INFO] [3649/5283] 601985.SH 写入 0 条
2026-06-16 14:39:06,404 [INFO] [3650/5283] 601988.SH 写入 0 条
2026-06-16 14:39:06,766 [INFO] 进度: 已完成 3650, 失败 0, 跳过 0
2026-06-16 14:39:06,962 [INFO] [3651/5283] 601990.SH 写入 0 条
2026-06-16 14:39:07,497 [INFO] [3652/5283] 601991.SH 写入 0 条
2026-06-16 14:39:08,036 [INFO] [3653/5283] 601992.SH 写入 0 条
2026-06-16 14:39:08,584 [INFO] [3654/5283] 601995.SH 写入 0 条
2026-06-16 14:39:09,119 [INFO] [3655/5283] 601996.SH 写入 0 条
2026-06-16 14:39:09,660 [INFO] [3656/5283] 601997.SH 写入 0 条
2026-06-16 14:39:10,172 [INFO] [3657/5283] 601998.SH 写入 0 条
2026-06-16 14:39:10,723 [INFO] [3658/5283] 601999.SH 写入 0 条
2026-06-16 14:39:11,235 [INFO] [3659/5283] 603000.SH 写入 0 条
2026-06-16 14:39:11,777 [INFO] [3660/5283] 603001.SH 写入 0 条
2026-06-16 14:39:12,304 [INFO] [3661/5283] 603002.SH 写入 0 条
2026-06-16 14:39:12,773 [INFO] [3662/5283] 603004.SH 写入 0 条
2026-06-16 14:39:13,307 [INFO] [3663/5283] 603005.SH 写入 0 条
2026-06-16 14:39:13,835 [INFO] [3664/5283] 603006.SH 写入 0 条
2026-06-16 14:39:14,389 [INFO] [3665/5283] 603007.SH 写入 0 条
2026-06-16 14:39:14,933 [INFO] [3666/5283] 603009.SH 写入 0 条
2026-06-16 14:39:15,464 [INFO] [3667/5283] 603010.SH 写入 0 条
2026-06-16 14:39:15,985 [INFO] [3668/5283] 603011.SH 写入 0 条
2026-06-16 14:39:16,504 [INFO] [3669/5283] 603012.SH 写入 0 条
2026-06-16 14:39:17,006 [INFO] [3670/5283] 603013.SH 写入 0 条
2026-06-16 14:39:17,467 [INFO] [3671/5283] 603014.SH 写入 0 条
2026-06-16 14:39:17,980 [INFO] [3672/5283] 603015.SH 写入 0 条
2026-06-16 14:39:18,502 [INFO] [3673/5283] 603016.SH 写入 0 条
2026-06-16 14:39:19,020 [INFO] [3674/5283] 603017.SH 写入 0 条
2026-06-16 14:39:19,548 [INFO] [3675/5283] 603018.SH 写入 0 条
2026-06-16 14:39:20,072 [INFO] [3676/5283] 603019.SH 写入 0 条
2026-06-16 14:39:20,583 [INFO] [3677/5283] 603020.SH 写入 0 条
2026-06-16 14:39:21,108 [INFO] [3678/5283] 603022.SH 写入 0 条
2026-06-16 14:39:21,631 [INFO] [3679/5283] 603023.SH 写入 0 条
2026-06-16 14:39:22,161 [INFO] [3680/5283] 603025.SH 写入 0 条
2026-06-16 14:39:22,978 [INFO] [3681/5283] 603026.SH 写入 0 条
2026-06-16 14:39:23,498 [INFO] [3682/5283] 603027.SH 写入 0 条
2026-06-16 14:39:24,051 [INFO] [3683/5283] 603028.SH 写入 0 条
2026-06-16 14:39:24,563 [INFO] [3684/5283] 603029.SH 写入 0 条
2026-06-16 14:39:25,086 [INFO] [3685/5283] 603030.SH 写入 0 条
2026-06-16 14:39:25,593 [INFO] [3686/5283] 603031.SH 写入 0 条
2026-06-16 14:39:26,117 [INFO] [3687/5283] 603032.SH 写入 0 条
2026-06-16 14:39:26,626 [INFO] [3688/5283] 603033.SH 写入 0 条
2026-06-16 14:39:27,163 [INFO] [3689/5283] 603035.SH 写入 0 条
2026-06-16 14:39:27,694 [INFO] [3690/5283] 603036.SH 写入 0 条
2026-06-16 14:39:28,210 [INFO] [3691/5283] 603037.SH 写入 0 条
2026-06-16 14:39:28,717 [INFO] [3692/5283] 603038.SH 写入 0 条
2026-06-16 14:39:29,225 [INFO] [3693/5283] 603039.SH 写入 0 条
2026-06-16 14:39:29,738 [INFO] [3694/5283] 603040.SH 写入 0 条
2026-06-16 14:39:30,272 [INFO] [3695/5283] 603041.SH 写入 0 条
2026-06-16 14:39:30,781 [INFO] [3696/5283] 603042.SH 写入 0 条
2026-06-16 14:39:31,301 [INFO] [3697/5283] 603043.SH 写入 0 条
2026-06-16 14:39:31,817 [INFO] [3698/5283] 603045.SH 写入 0 条
2026-06-16 14:39:32,298 [INFO] [3699/5283] 603048.SH 写入 0 条
2026-06-16 14:39:32,788 [INFO] [3700/5283] 603049.SH 写入 0 条
2026-06-16 14:39:33,149 [INFO] 进度: 已完成 3700, 失败 0, 跳过 0
2026-06-16 14:39:33,318 [INFO] [3701/5283] 603050.SH 写入 0 条
2026-06-16 14:39:33,803 [INFO] [3702/5283] 603051.SH 写入 0 条
2026-06-16 14:39:34,327 [INFO] [3703/5283] 603052.SH 写入 0 条
2026-06-16 14:39:34,835 [INFO] [3704/5283] 603053.SH 写入 0 条
2026-06-16 14:39:35,373 [INFO] [3705/5283] 603055.SH 写入 0 条
2026-06-16 14:39:35,912 [INFO] [3706/5283] 603057.SH 写入 0 条
2026-06-16 14:39:36,428 [INFO] [3707/5283] 603058.SH 写入 0 条
2026-06-16 14:39:36,954 [INFO] [3708/5283] 603059.SH 写入 0 条
2026-06-16 14:39:37,473 [INFO] [3709/5283] 603060.SH 写入 0 条
2026-06-16 14:39:38,052 [INFO] [3710/5283] 603061.SH 写入 0 条
2026-06-16 14:39:38,531 [INFO] [3711/5283] 603062.SH 写入 0 条
2026-06-16 14:39:39,089 [INFO] [3712/5283] 603063.SH 写入 0 条
2026-06-16 14:39:39,572 [INFO] [3713/5283] 603065.SH 写入 0 条
2026-06-16 14:39:40,078 [INFO] [3714/5283] 603066.SH 写入 0 条
2026-06-16 14:39:41,008 [INFO] [3715/5283] 603067.SH 写入 0 条
2026-06-16 14:39:41,524 [INFO] [3716/5283] 603068.SH 写入 0 条
2026-06-16 14:39:42,398 [INFO] [3717/5283] 603069.SH 写入 0 条
2026-06-16 14:39:42,931 [INFO] [3718/5283] 603070.SH 写入 0 条
2026-06-16 14:39:43,497 [INFO] [3719/5283] 603071.SH 写入 0 条
2026-06-16 14:39:44,071 [INFO] [3720/5283] 603072.SH 写入 0 条
2026-06-16 14:39:44,552 [INFO] [3721/5283] 603073.SH 写入 0 条
2026-06-16 14:39:45,303 [INFO] [3722/5283] 603075.SH 写入 0 条
2026-06-16 14:39:46,145 [INFO] [3723/5283] 603076.SH 写入 0 条
2026-06-16 14:39:46,812 [INFO] [3724/5283] 603077.SH 写入 0 条
2026-06-16 14:39:47,343 [INFO] [3725/5283] 603078.SH 写入 0 条
2026-06-16 14:39:47,867 [INFO] [3726/5283] 603079.SH 写入 0 条
2026-06-16 14:39:48,384 [INFO] [3727/5283] 603080.SH 写入 0 条
2026-06-16 14:39:48,914 [INFO] [3728/5283] 603081.SH 写入 0 条
2026-06-16 14:39:49,419 [INFO] [3729/5283] 603082.SH 写入 0 条
2026-06-16 14:39:49,920 [INFO] [3730/5283] 603083.SH 写入 0 条
2026-06-16 14:39:50,428 [INFO] [3731/5283] 603085.SH 写入 0 条
2026-06-16 14:39:50,938 [INFO] [3732/5283] 603086.SH 写入 0 条
2026-06-16 14:39:51,470 [INFO] [3733/5283] 603087.SH 写入 0 条
2026-06-16 14:39:52,016 [INFO] [3734/5283] 603088.SH 写入 0 条
2026-06-16 14:39:52,533 [INFO] [3735/5283] 603089.SH 写入 0 条
2026-06-16 14:39:53,070 [INFO] [3736/5283] 603090.SH 写入 0 条
2026-06-16 14:39:53,561 [INFO] [3737/5283] 603091.SH 写入 0 条
2026-06-16 14:39:54,027 [INFO] [3738/5283] 603092.SH 写入 0 条
2026-06-16 14:39:54,532 [INFO] [3739/5283] 603093.SH 写入 0 条
2026-06-16 14:39:55,036 [INFO] [3740/5283] 603095.SH 写入 0 条
2026-06-16 14:39:55,578 [INFO] [3741/5283] 603096.SH 写入 0 条
2026-06-16 14:39:56,081 [INFO] [3742/5283] 603097.SH 写入 0 条
2026-06-16 14:39:56,650 [INFO] [3743/5283] 603098.SH 写入 0 条
2026-06-16 14:39:57,198 [INFO] [3744/5283] 603099.SH 写入 0 条
2026-06-16 14:39:58,066 [INFO] [3745/5283] 603100.SH 写入 0 条
2026-06-16 14:39:58,640 [INFO] [3746/5283] 603101.SH 写入 0 条
2026-06-16 14:39:59,374 [INFO] [3747/5283] 603102.SH 写入 0 条
2026-06-16 14:39:59,886 [INFO] [3748/5283] 603103.SH 写入 0 条
2026-06-16 14:40:00,408 [INFO] [3749/5283] 603105.SH 写入 0 条
2026-06-16 14:40:01,293 [INFO] [3750/5283] 603106.SH 写入 0 条
2026-06-16 14:40:01,672 [INFO] 进度: 已完成 3750, 失败 0, 跳过 0
2026-06-16 14:40:01,951 [INFO] [3751/5283] 603107.SH 写入 0 条
2026-06-16 14:40:02,523 [INFO] [3752/5283] 603108.SH 写入 0 条
2026-06-16 14:40:03,109 [INFO] [3753/5283] 603109.SH 写入 0 条
2026-06-16 14:40:03,919 [INFO] [3754/5283] 603110.SH 写入 0 条
2026-06-16 14:40:04,699 [INFO] [3755/5283] 603111.SH 写入 0 条
2026-06-16 14:40:05,232 [INFO] [3756/5283] 603112.SH 写入 0 条
2026-06-16 14:40:05,779 [INFO] [3757/5283] 603113.SH 写入 0 条
2026-06-16 14:40:06,332 [INFO] [3758/5283] 603115.SH 写入 0 条
2026-06-16 14:40:06,915 [INFO] [3759/5283] 603116.SH 写入 0 条
2026-06-16 14:40:07,555 [INFO] [3760/5283] 603117.SH 写入 0 条
2026-06-16 14:40:08,139 [INFO] [3761/5283] 603118.SH 写入 0 条
2026-06-16 14:40:08,634 [INFO] [3762/5283] 603119.SH 写入 0 条
2026-06-16 14:40:09,176 [INFO] [3763/5283] 603120.SH 写入 0 条
2026-06-16 14:40:09,777 [INFO] [3764/5283] 603121.SH 写入 0 条
2026-06-16 14:40:10,408 [INFO] [3765/5283] 603122.SH 写入 0 条
2026-06-16 14:40:11,112 [INFO] [3766/5283] 603123.SH 写入 0 条
2026-06-16 14:40:11,645 [INFO] [3767/5283] 603124.SH 写入 0 条
2026-06-16 14:40:12,352 [INFO] [3768/5283] 603125.SH 写入 0 条
2026-06-16 14:40:13,053 [INFO] [3769/5283] 603126.SH 写入 0 条
2026-06-16 14:40:13,637 [INFO] [3770/5283] 603127.SH 写入 0 条
2026-06-16 14:40:14,237 [INFO] [3771/5283] 603128.SH 写入 0 条
2026-06-16 14:40:14,799 [INFO] [3772/5283] 603129.SH 写入 0 条
2026-06-16 14:40:15,327 [INFO] [3773/5283] 603130.SH 写入 0 条
2026-06-16 14:40:15,968 [INFO] [3774/5283] 603131.SH 写入 0 条
2026-06-16 14:40:16,486 [INFO] [3775/5283] 603132.SH 写入 0 条
2026-06-16 14:40:16,998 [INFO] [3776/5283] 603135.SH 写入 0 条
2026-06-16 14:40:17,547 [INFO] [3777/5283] 603136.SH 写入 0 条
2026-06-16 14:40:18,093 [INFO] [3778/5283] 603137.SH 写入 0 条
2026-06-16 14:40:18,646 [INFO] [3779/5283] 603138.SH 写入 0 条
2026-06-16 14:40:19,309 [INFO] [3780/5283] 603139.SH 写入 0 条
2026-06-16 14:40:19,899 [INFO] [3781/5283] 603150.SH 写入 0 条
2026-06-16 14:40:20,403 [INFO] [3782/5283] 603151.SH 写入 0 条
2026-06-16 14:40:20,944 [INFO] [3783/5283] 603153.SH 写入 0 条
2026-06-16 14:40:21,474 [INFO] [3784/5283] 603155.SH 写入 0 条
2026-06-16 14:40:22,028 [INFO] [3785/5283] 603156.SH 写入 0 条
2026-06-16 14:40:22,612 [INFO] [3786/5283] 603158.SH 写入 0 条
2026-06-16 14:40:23,178 [INFO] [3787/5283] 603159.SH 写入 0 条
2026-06-16 14:40:23,744 [INFO] [3788/5283] 603160.SH 写入 0 条
2026-06-16 14:40:24,349 [INFO] [3789/5283] 603161.SH 写入 0 条
2026-06-16 14:40:24,909 [INFO] [3790/5283] 603162.SH 写入 0 条
2026-06-16 14:40:25,412 [INFO] [3791/5283] 603163.SH 写入 0 条
2026-06-16 14:40:25,991 [INFO] [3792/5283] 603165.SH 写入 0 条
2026-06-16 14:40:26,555 [INFO] [3793/5283] 603166.SH 写入 0 条
2026-06-16 14:40:27,109 [INFO] [3794/5283] 603167.SH 写入 0 条
2026-06-16 14:40:27,707 [INFO] [3795/5283] 603168.SH 写入 0 条
2026-06-16 14:40:28,280 [INFO] [3796/5283] 603169.SH 写入 0 条
2026-06-16 14:40:28,798 [INFO] [3797/5283] 603170.SH 写入 0 条
2026-06-16 14:40:29,321 [INFO] [3798/5283] 603171.SH 写入 0 条
2026-06-16 14:40:29,817 [INFO] [3799/5283] 603172.SH 写入 0 条
2026-06-16 14:40:30,348 [INFO] [3800/5283] 603173.SH 写入 0 条
2026-06-16 14:40:30,709 [INFO] 进度: 已完成 3800, 失败 0, 跳过 0
2026-06-16 14:40:30,848 [INFO] [3801/5283] 603175.SH 写入 0 条
2026-06-16 14:40:31,350 [INFO] [3802/5283] 603176.SH 写入 0 条
2026-06-16 14:40:31,906 [INFO] [3803/5283] 603177.SH 写入 0 条
2026-06-16 14:40:32,587 [INFO] [3804/5283] 603178.SH 写入 0 条
2026-06-16 14:40:33,297 [INFO] [3805/5283] 603179.SH 写入 0 条
2026-06-16 14:40:33,867 [INFO] [3806/5283] 603180.SH 写入 0 条
2026-06-16 14:40:34,439 [INFO] [3807/5283] 603181.SH 写入 0 条
2026-06-16 14:40:34,957 [INFO] [3808/5283] 603182.SH 写入 0 条
2026-06-16 14:40:35,508 [INFO] [3809/5283] 603183.SH 写入 0 条
2026-06-16 14:40:36,078 [INFO] [3810/5283] 603185.SH 写入 0 条
2026-06-16 14:40:36,677 [INFO] [3811/5283] 603186.SH 写入 0 条
2026-06-16 14:40:37,442 [INFO] [3812/5283] 603187.SH 写入 0 条
2026-06-16 14:40:38,032 [INFO] [3813/5283] 603188.SH 写入 0 条
2026-06-16 14:40:38,545 [INFO] [3814/5283] 603190.SH 写入 0 条
2026-06-16 14:40:39,618 [INFO] [3815/5283] 603191.SH 写入 0 条
2026-06-16 14:40:40,189 [INFO] [3816/5283] 603192.SH 写入 0 条
2026-06-16 14:40:40,707 [INFO] [3817/5283] 603193.SH 写入 0 条
2026-06-16 14:40:41,219 [INFO] [3818/5283] 603194.SH 写入 0 条
2026-06-16 14:40:41,742 [INFO] [3819/5283] 603195.SH 写入 0 条
2026-06-16 14:40:42,517 [INFO] [3820/5283] 603196.SH 写入 0 条
2026-06-16 14:40:43,110 [INFO] [3821/5283] 603197.SH 写入 0 条
2026-06-16 14:40:43,659 [INFO] [3822/5283] 603198.SH 写入 0 条
2026-06-16 14:40:44,259 [INFO] [3823/5283] 603199.SH 写入 0 条
2026-06-16 14:40:45,018 [INFO] [3824/5283] 603200.SH 写入 0 条
2026-06-16 14:40:45,538 [INFO] [3825/5283] 603201.SH 写入 0 条
2026-06-16 14:40:46,047 [INFO] [3826/5283] 603202.SH 写入 0 条
2026-06-16 14:40:46,656 [INFO] [3827/5283] 603203.SH 写入 0 条
2026-06-16 14:40:47,156 [INFO] [3828/5283] 603205.SH 写入 0 条
2026-06-16 14:40:47,677 [INFO] [3829/5283] 603206.SH 写入 0 条
2026-06-16 14:40:48,149 [INFO] [3830/5283] 603207.SH 写入 0 条
2026-06-16 14:40:48,708 [INFO] [3831/5283] 603208.SH 写入 0 条
2026-06-16 14:40:49,266 [INFO] [3832/5283] 603209.SH 写入 0 条
2026-06-16 14:40:49,788 [INFO] [3833/5283] 603210.SH 写入 0 条
2026-06-16 14:40:50,379 [INFO] [3834/5283] 603211.SH 写入 0 条
2026-06-16 14:40:50,966 [INFO] [3835/5283] 603212.SH 写入 0 条
2026-06-16 14:40:51,521 [INFO] [3836/5283] 603213.SH 写入 0 条
2026-06-16 14:40:52,067 [INFO] [3837/5283] 603214.SH 写入 0 条
2026-06-16 14:40:52,577 [INFO] [3838/5283] 603215.SH 写入 0 条
2026-06-16 14:40:53,103 [INFO] [3839/5283] 603216.SH 写入 0 条
2026-06-16 14:40:53,636 [INFO] [3840/5283] 603217.SH 写入 0 条
2026-06-16 14:40:54,258 [INFO] [3841/5283] 603218.SH 写入 0 条
2026-06-16 14:40:54,819 [INFO] [3842/5283] 603219.SH 写入 0 条
2026-06-16 14:40:55,379 [INFO] [3843/5283] 603220.SH 写入 0 条
2026-06-16 14:40:55,961 [INFO] [3844/5283] 603221.SH 写入 0 条
2026-06-16 14:40:56,519 [INFO] [3845/5283] 603222.SH 写入 0 条
2026-06-16 14:40:57,087 [INFO] [3846/5283] 603223.SH 写入 0 条
2026-06-16 14:40:57,672 [INFO] [3847/5283] 603225.SH 写入 0 条
2026-06-16 14:40:58,236 [INFO] [3848/5283] 603226.SH 写入 0 条
2026-06-16 14:40:58,805 [INFO] [3849/5283] 603227.SH 写入 0 条
2026-06-16 14:40:59,404 [INFO] [3850/5283] 603228.SH 写入 0 条
2026-06-16 14:40:59,769 [INFO] 进度: 已完成 3850, 失败 0, 跳过 0
2026-06-16 14:41:00,004 [INFO] [3851/5283] 603229.SH 写入 0 条
2026-06-16 14:41:00,510 [INFO] [3852/5283] 603230.SH 写入 0 条
2026-06-16 14:41:01,330 [INFO] [3853/5283] 603231.SH 写入 0 条
2026-06-16 14:41:01,882 [INFO] [3854/5283] 603232.SH 写入 0 条
2026-06-16 14:41:02,438 [INFO] [3855/5283] 603233.SH 写入 0 条
2026-06-16 14:41:02,946 [INFO] [3856/5283] 603235.SH 写入 0 条
2026-06-16 14:41:03,506 [INFO] [3857/5283] 603236.SH 写入 0 条
2026-06-16 14:41:04,032 [INFO] [3858/5283] 603237.SH 写入 0 条
2026-06-16 14:41:04,599 [INFO] [3859/5283] 603238.SH 写入 0 条
2026-06-16 14:41:05,139 [INFO] [3860/5283] 603239.SH 写入 0 条
2026-06-16 14:41:05,616 [INFO] [3861/5283] 603248.SH 写入 0 条
2026-06-16 14:41:06,116 [INFO] [3862/5283] 603255.SH 写入 0 条
2026-06-16 14:41:06,649 [INFO] [3863/5283] 603256.SH 写入 0 条
2026-06-16 14:41:07,135 [INFO] [3864/5283] 603257.SH 写入 0 条
2026-06-16 14:41:07,926 [INFO] [3865/5283] 603258.SH 写入 0 条
2026-06-16 14:41:08,519 [INFO] [3866/5283] 603259.SH 写入 0 条
2026-06-16 14:41:09,269 [INFO] [3867/5283] 603260.SH 写入 0 条
2026-06-16 14:41:09,817 [INFO] [3868/5283] 603262.SH 写入 0 条
2026-06-16 14:41:10,645 [INFO] [3869/5283] 603266.SH 写入 0 条
2026-06-16 14:41:11,389 [INFO] [3870/5283] 603267.SH 写入 0 条
2026-06-16 14:41:12,068 [INFO] [3871/5283] 603268.SH 写入 0 条
2026-06-16 14:41:12,667 [INFO] [3872/5283] 603269.SH 写入 0 条
2026-06-16 14:41:13,164 [INFO] [3873/5283] 603270.SH 写入 0 条
2026-06-16 14:41:13,728 [INFO] [3874/5283] 603271.SH 写入 0 条
2026-06-16 14:41:14,251 [INFO] [3875/5283] 603273.SH 写入 0 条
2026-06-16 14:41:14,772 [INFO] [3876/5283] 603275.SH 写入 0 条
2026-06-16 14:41:15,294 [INFO] [3877/5283] 603276.SH 写入 0 条
2026-06-16 14:41:15,858 [INFO] [3878/5283] 603277.SH 写入 0 条
2026-06-16 14:41:16,469 [INFO] [3879/5283] 603278.SH 写入 0 条
2026-06-16 14:41:17,018 [INFO] [3880/5283] 603279.SH 写入 0 条
2026-06-16 14:41:17,522 [INFO] [3881/5283] 603280.SH 写入 0 条
2026-06-16 14:41:18,038 [INFO] [3882/5283] 603281.SH 写入 0 条
2026-06-16 14:41:18,549 [INFO] [3883/5283] 603282.SH 写入 0 条
2026-06-16 14:41:19,094 [INFO] [3884/5283] 603283.SH 写入 0 条
2026-06-16 14:41:19,577 [INFO] [3885/5283] 603285.SH 写入 0 条
2026-06-16 14:41:20,133 [INFO] [3886/5283] 603286.SH 写入 0 条
2026-06-16 14:41:20,749 [INFO] [3887/5283] 603288.SH 写入 0 条
2026-06-16 14:41:21,314 [INFO] [3888/5283] 603289.SH 写入 0 条
2026-06-16 14:41:21,897 [INFO] [3889/5283] 603290.SH 写入 0 条
2026-06-16 14:41:22,426 [INFO] [3890/5283] 603291.SH 写入 0 条
2026-06-16 14:41:22,972 [INFO] [3891/5283] 603296.SH 写入 0 条
2026-06-16 14:41:23,509 [INFO] [3892/5283] 603297.SH 写入 0 条
2026-06-16 14:41:24,148 [INFO] [3893/5283] 603298.SH 写入 0 条
2026-06-16 14:41:24,734 [INFO] [3894/5283] 603299.SH 写入 0 条
2026-06-16 14:41:25,298 [INFO] [3895/5283] 603300.SH 写入 0 条
2026-06-16 14:41:25,847 [INFO] [3896/5283] 603301.SH 写入 0 条
2026-06-16 14:41:26,396 [INFO] [3897/5283] 603303.SH 写入 0 条
2026-06-16 14:41:26,947 [INFO] [3898/5283] 603305.SH 写入 0 条
2026-06-16 14:41:27,520 [INFO] [3899/5283] 603306.SH 写入 0 条
2026-06-16 14:41:28,022 [INFO] [3900/5283] 603307.SH 写入 0 条
2026-06-16 14:41:28,504 [INFO] 进度: 已完成 3900, 失败 0, 跳过 0
2026-06-16 14:41:28,988 [INFO] [3901/5283] 603308.SH 写入 0 条
2026-06-16 14:41:29,618 [INFO] [3902/5283] 603309.SH 写入 0 条
2026-06-16 14:41:30,140 [INFO] [3903/5283] 603310.SH 写入 0 条
2026-06-16 14:41:30,711 [INFO] [3904/5283] 603311.SH 写入 0 条
2026-06-16 14:41:31,200 [INFO] [3905/5283] 603312.SH 写入 0 条
2026-06-16 14:41:31,771 [INFO] [3906/5283] 603313.SH 写入 0 条
2026-06-16 14:41:32,415 [INFO] [3907/5283] 603315.SH 写入 0 条
2026-06-16 14:41:32,975 [INFO] [3908/5283] 603316.SH 写入 0 条
2026-06-16 14:41:33,517 [INFO] [3909/5283] 603317.SH 写入 0 条
2026-06-16 14:41:34,115 [INFO] [3910/5283] 603318.SH 写入 0 条
2026-06-16 14:41:34,675 [INFO] [3911/5283] 603319.SH 写入 0 条
2026-06-16 14:41:35,232 [INFO] [3912/5283] 603320.SH 写入 0 条
2026-06-16 14:41:35,779 [INFO] [3913/5283] 603321.SH 写入 0 条
2026-06-16 14:41:36,381 [INFO] [3914/5283] 603322.SH 写入 0 条
2026-06-16 14:41:37,094 [INFO] [3915/5283] 603323.SH 写入 0 条
2026-06-16 14:41:37,801 [INFO] [3916/5283] 603324.SH 写入 0 条
2026-06-16 14:41:38,312 [INFO] [3917/5283] 603325.SH 写入 0 条
2026-06-16 14:41:38,910 [INFO] [3918/5283] 603326.SH 写入 0 条
2026-06-16 14:41:39,486 [INFO] [3919/5283] 603327.SH 写入 0 条
2026-06-16 14:41:40,099 [INFO] [3920/5283] 603328.SH 写入 0 条
2026-06-16 14:41:40,666 [INFO] [3921/5283] 603329.SH 写入 0 条
2026-06-16 14:41:41,226 [INFO] [3922/5283] 603330.SH 写入 0 条
2026-06-16 14:41:41,866 [INFO] [3923/5283] 603331.SH 写入 0 条
2026-06-16 14:41:42,423 [INFO] [3924/5283] 603332.SH 写入 0 条
2026-06-16 14:41:43,034 [INFO] [3925/5283] 603333.SH 写入 0 条
2026-06-16 14:41:43,517 [INFO] [3926/5283] 603334.SH 写入 0 条
2026-06-16 14:41:44,111 [INFO] [3927/5283] 603335.SH 写入 0 条
2026-06-16 14:41:44,674 [INFO] [3928/5283] 603336.SH 写入 0 条
2026-06-16 14:41:45,252 [INFO] [3929/5283] 603337.SH 写入 0 条
2026-06-16 14:41:45,819 [INFO] [3930/5283] 603338.SH 写入 0 条
2026-06-16 14:41:46,399 [INFO] [3931/5283] 603339.SH 写入 0 条
2026-06-16 14:41:46,905 [INFO] [3932/5283] 603341.SH 写入 0 条
2026-06-16 14:41:47,393 [INFO] [3933/5283] 603344.SH 写入 0 条
2026-06-16 14:41:47,942 [INFO] [3934/5283] 603345.SH 写入 0 条
2026-06-16 14:41:48,482 [INFO] [3935/5283] 603348.SH 写入 0 条
2026-06-16 14:41:48,997 [INFO] [3936/5283] 603350.SH 写入 0 条
2026-06-16 14:41:49,837 [INFO] [3937/5283] 603351.SH 写入 0 条
2026-06-16 14:41:50,602 [INFO] [3938/5283] 603352.SH 写入 0 条
2026-06-16 14:41:51,250 [INFO] [3939/5283] 603353.SH 写入 0 条
2026-06-16 14:41:51,822 [INFO] [3940/5283] 603355.SH 写入 0 条
2026-06-16 14:41:52,406 [INFO] [3941/5283] 603356.SH 写入 0 条
2026-06-16 14:41:52,972 [INFO] [3942/5283] 603357.SH 写入 0 条
2026-06-16 14:41:53,519 [INFO] [3943/5283] 603358.SH 写入 0 条
2026-06-16 14:41:54,179 [INFO] [3944/5283] 603360.SH 写入 0 条
2026-06-16 14:41:55,135 [INFO] [3945/5283] 603363.SH 写入 0 条
2026-06-16 14:41:55,675 [INFO] [3946/5283] 603365.SH 写入 0 条
2026-06-16 14:41:56,264 [INFO] [3947/5283] 603366.SH 写入 0 条
2026-06-16 14:41:56,837 [INFO] [3948/5283] 603367.SH 写入 0 条
2026-06-16 14:41:57,408 [INFO] [3949/5283] 603368.SH 写入 0 条
2026-06-16 14:41:57,973 [INFO] [3950/5283] 603369.SH 写入 0 条
2026-06-16 14:41:58,342 [INFO] 进度: 已完成 3950, 失败 0, 跳过 0
2026-06-16 14:41:58,484 [INFO] [3951/5283] 603370.SH 写入 0 条
2026-06-16 14:41:58,974 [INFO] [3952/5283] 603373.SH 写入 0 条
2026-06-16 14:41:59,484 [INFO] [3953/5283] 603375.SH 写入 0 条
2026-06-16 14:41:59,996 [INFO] [3954/5283] 603376.SH 写入 0 条
2026-06-16 14:42:00,578 [INFO] [3955/5283] 603379.SH 写入 0 条
2026-06-16 14:42:01,129 [INFO] [3956/5283] 603380.SH 写入 0 条
2026-06-16 14:42:01,615 [INFO] [3957/5283] 603381.SH 写入 0 条
2026-06-16 14:42:02,116 [INFO] [3958/5283] 603382.SH 写入 0 条
2026-06-16 14:42:02,662 [INFO] [3959/5283] 603383.SH 写入 0 条
2026-06-16 14:42:03,237 [INFO] [3960/5283] 603385.SH 写入 0 条
2026-06-16 14:42:03,779 [INFO] [3961/5283] 603386.SH 写入 0 条
2026-06-16 14:42:04,342 [INFO] [3962/5283] 603387.SH 写入 0 条
2026-06-16 14:42:04,884 [INFO] [3963/5283] 603390.SH 写入 0 条
2026-06-16 14:42:05,375 [INFO] [3964/5283] 603391.SH 写入 0 条
2026-06-16 14:42:05,912 [INFO] [3965/5283] 603392.SH 写入 0 条
2026-06-16 14:42:06,466 [INFO] [3966/5283] 603393.SH 写入 0 条
2026-06-16 14:42:06,973 [INFO] [3967/5283] 603395.SH 写入 0 条
2026-06-16 14:42:07,522 [INFO] [3968/5283] 603396.SH 写入 0 条
2026-06-16 14:42:08,092 [INFO] [3969/5283] 603399.SH 写入 0 条
2026-06-16 14:42:08,598 [INFO] [3970/5283] 603400.SH 写入 0 条
2026-06-16 14:42:09,140 [INFO] [3971/5283] 603402.SH 写入 0 条
2026-06-16 14:42:09,634 [INFO] [3972/5283] 603406.SH 写入 0 条
2026-06-16 14:42:10,205 [INFO] [3973/5283] 603408.SH 写入 0 条
2026-06-16 14:42:11,149 [INFO] [3974/5283] 603409.SH 写入 0 条
2026-06-16 14:42:11,726 [INFO] [3975/5283] 603416.SH 写入 0 条
2026-06-16 14:42:12,202 [INFO] [3976/5283] 603418.SH 写入 0 条
2026-06-16 14:42:12,788 [INFO] [3977/5283] 603421.SH 写入 0 条
2026-06-16 14:42:13,348 [INFO] [3978/5283] 603439.SH 写入 0 条
2026-06-16 14:42:13,909 [INFO] [3979/5283] 603444.SH 写入 0 条
2026-06-16 14:42:14,500 [INFO] [3980/5283] 603456.SH 写入 0 条
2026-06-16 14:42:15,082 [INFO] [3981/5283] 603458.SH 写入 0 条
2026-06-16 14:42:15,617 [INFO] [3982/5283] 603466.SH 写入 0 条
2026-06-16 14:42:16,157 [INFO] [3983/5283] 603477.SH 写入 0 条
2026-06-16 14:42:16,702 [INFO] [3984/5283] 603486.SH 写入 0 条
2026-06-16 14:42:17,278 [INFO] [3985/5283] 603488.SH 写入 0 条
2026-06-16 14:42:17,831 [INFO] [3986/5283] 603489.SH 写入 0 条
2026-06-16 14:42:18,376 [INFO] [3987/5283] 603496.SH 写入 0 条
2026-06-16 14:42:18,929 [INFO] [3988/5283] 603499.SH 写入 0 条
2026-06-16 14:42:19,492 [INFO] [3989/5283] 603500.SH 写入 0 条
2026-06-16 14:42:20,031 [INFO] [3990/5283] 603501.SH 写入 0 条
2026-06-16 14:42:20,605 [INFO] [3991/5283] 603505.SH 写入 0 条
2026-06-16 14:42:21,149 [INFO] [3992/5283] 603506.SH 写入 0 条
2026-06-16 14:42:21,694 [INFO] [3993/5283] 603507.SH 写入 0 条
2026-06-16 14:42:22,253 [INFO] [3994/5283] 603508.SH 写入 0 条
2026-06-16 14:42:22,810 [INFO] [3995/5283] 603511.SH 写入 0 条
2026-06-16 14:42:23,413 [INFO] [3996/5283] 603515.SH 写入 0 条
2026-06-16 14:42:24,016 [INFO] [3997/5283] 603516.SH 写入 0 条
2026-06-16 14:42:24,672 [INFO] [3998/5283] 603518.SH 写入 0 条
2026-06-16 14:42:25,238 [INFO] [3999/5283] 603519.SH 写入 0 条
2026-06-16 14:42:25,803 [INFO] [4000/5283] 603520.SH 写入 0 条
2026-06-16 14:42:26,169 [INFO] 进度: 已完成 4000, 失败 0, 跳过 0
2026-06-16 14:42:26,379 [INFO] [4001/5283] 603527.SH 写入 0 条
2026-06-16 14:42:26,935 [INFO] [4002/5283] 603528.SH 写入 0 条
2026-06-16 14:42:27,467 [INFO] [4003/5283] 603529.SH 写入 0 条
2026-06-16 14:42:28,015 [INFO] [4004/5283] 603530.SH 写入 0 条
2026-06-16 14:42:28,563 [INFO] [4005/5283] 603533.SH 写入 0 条
2026-06-16 14:42:29,117 [INFO] [4006/5283] 603535.SH 写入 0 条
2026-06-16 14:42:29,648 [INFO] [4007/5283] 603536.SH 写入 0 条
2026-06-16 14:42:30,233 [INFO] [4008/5283] 603538.SH 写入 0 条
2026-06-16 14:42:30,758 [INFO] [4009/5283] 603551.SH 写入 0 条
2026-06-16 14:42:31,305 [INFO] [4010/5283] 603556.SH 写入 0 条
2026-06-16 14:42:31,874 [INFO] [4011/5283] 603558.SH 写入 0 条
2026-06-16 14:42:32,427 [INFO] [4012/5283] 603565.SH 写入 0 条
2026-06-16 14:42:33,007 [INFO] [4013/5283] 603566.SH 写入 0 条
2026-06-16 14:42:33,564 [INFO] [4014/5283] 603567.SH 写入 0 条
2026-06-16 14:42:34,132 [INFO] [4015/5283] 603568.SH 写入 0 条
2026-06-16 14:42:34,732 [INFO] [4016/5283] 603569.SH 写入 0 条
2026-06-16 14:42:35,283 [INFO] [4017/5283] 603577.SH 写入 0 条
2026-06-16 14:42:36,565 [INFO] [4018/5283] 603578.SH 写入 0 条
2026-06-16 14:42:37,205 [INFO] [4019/5283] 603579.SH 写入 0 条
2026-06-16 14:42:37,800 [INFO] [4020/5283] 603583.SH 写入 0 条
2026-06-16 14:42:38,363 [INFO] [4021/5283] 603585.SH 写入 0 条
2026-06-16 14:42:38,972 [INFO] [4022/5283] 603586.SH 写入 0 条
2026-06-16 14:42:39,579 [INFO] [4023/5283] 603587.SH 写入 0 条
2026-06-16 14:42:40,255 [INFO] [4024/5283] 603588.SH 写入 0 条
2026-06-16 14:42:40,960 [INFO] [4025/5283] 603589.SH 写入 0 条
2026-06-16 14:42:41,505 [INFO] [4026/5283] 603590.SH 写入 0 条
2026-06-16 14:42:42,059 [INFO] [4027/5283] 603596.SH 写入 0 条
2026-06-16 14:42:42,647 [INFO] [4028/5283] 603598.SH 写入 0 条
2026-06-16 14:42:43,202 [INFO] [4029/5283] 603599.SH 写入 0 条
2026-06-16 14:42:43,809 [INFO] [4030/5283] 603600.SH 写入 0 条
2026-06-16 14:42:44,407 [INFO] [4031/5283] 603601.SH 写入 0 条
2026-06-16 14:42:45,036 [INFO] [4032/5283] 603602.SH 写入 0 条
2026-06-16 14:42:45,658 [INFO] [4033/5283] 603605.SH 写入 0 条
2026-06-16 14:42:46,298 [INFO] [4034/5283] 603606.SH 写入 0 条
2026-06-16 14:42:46,861 [INFO] [4035/5283] 603607.SH 写入 0 条
2026-06-16 14:42:47,444 [INFO] [4036/5283] 603608.SH 写入 0 条
2026-06-16 14:42:48,022 [INFO] [4037/5283] 603609.SH 写入 0 条
2026-06-16 14:42:48,552 [INFO] [4038/5283] 603610.SH 写入 0 条
2026-06-16 14:42:49,168 [INFO] [4039/5283] 603611.SH 写入 0 条
2026-06-16 14:42:50,007 [INFO] [4040/5283] 603612.SH 写入 0 条
2026-06-16 14:42:50,667 [INFO] [4041/5283] 603613.SH 写入 0 条
2026-06-16 14:42:51,238 [INFO] [4042/5283] 603615.SH 写入 0 条
2026-06-16 14:42:51,798 [INFO] [4043/5283] 603616.SH 写入 0 条
2026-06-16 14:42:52,367 [INFO] [4044/5283] 603617.SH 写入 0 条
2026-06-16 14:42:52,940 [INFO] [4045/5283] 603618.SH 写入 0 条
2026-06-16 14:42:53,477 [INFO] [4046/5283] 603619.SH 写入 0 条
2026-06-16 14:42:54,114 [INFO] [4047/5283] 603626.SH 写入 0 条
2026-06-16 14:42:54,678 [INFO] [4048/5283] 603628.SH 写入 0 条
2026-06-16 14:42:55,226 [INFO] [4049/5283] 603629.SH 写入 0 条
2026-06-16 14:42:55,774 [INFO] [4050/5283] 603630.SH 写入 0 条
2026-06-16 14:42:56,139 [INFO] 进度: 已完成 4050, 失败 0, 跳过 0
2026-06-16 14:42:56,348 [INFO] [4051/5283] 603633.SH 写入 0 条
2026-06-16 14:42:56,942 [INFO] [4052/5283] 603636.SH 写入 0 条
2026-06-16 14:42:57,534 [INFO] [4053/5283] 603637.SH 写入 0 条
2026-06-16 14:42:58,078 [INFO] [4054/5283] 603638.SH 写入 0 条
2026-06-16 14:42:59,108 [INFO] [4055/5283] 603639.SH 写入 0 条
2026-06-16 14:42:59,674 [INFO] [4056/5283] 603648.SH 写入 0 条
2026-06-16 14:43:00,335 [INFO] [4057/5283] 603650.SH 写入 0 条
2026-06-16 14:43:00,909 [INFO] [4058/5283] 603655.SH 写入 0 条
2026-06-16 14:43:01,467 [INFO] [4059/5283] 603656.SH 写入 0 条
2026-06-16 14:43:02,001 [INFO] [4060/5283] 603657.SH 写入 0 条
2026-06-16 14:43:02,584 [INFO] [4061/5283] 603658.SH 写入 0 条
2026-06-16 14:43:03,135 [INFO] [4062/5283] 603659.SH 写入 0 条
2026-06-16 14:43:03,679 [INFO] [4063/5283] 603660.SH 写入 0 条
2026-06-16 14:43:04,228 [INFO] [4064/5283] 603661.SH 写入 0 条
2026-06-16 14:43:04,784 [INFO] [4065/5283] 603662.SH 写入 0 条
2026-06-16 14:43:05,348 [INFO] [4066/5283] 603663.SH 写入 0 条
2026-06-16 14:43:05,939 [INFO] [4067/5283] 603665.SH 写入 0 条
2026-06-16 14:43:06,489 [INFO] [4068/5283] 603666.SH 写入 0 条
2026-06-16 14:43:07,062 [INFO] [4069/5283] 603667.SH 写入 0 条
2026-06-16 14:43:07,617 [INFO] [4070/5283] 603668.SH 写入 0 条
2026-06-16 14:43:08,189 [INFO] [4071/5283] 603669.SH 写入 0 条
2026-06-16 14:43:08,740 [INFO] [4072/5283] 603676.SH 写入 0 条
2026-06-16 14:43:09,366 [INFO] [4073/5283] 603677.SH 写入 0 条
2026-06-16 14:43:09,964 [INFO] [4074/5283] 603678.SH 写入 0 条
2026-06-16 14:43:10,815 [INFO] [4075/5283] 603679.SH 写入 0 条
2026-06-16 14:43:11,379 [INFO] [4076/5283] 603680.SH 写入 0 条
2026-06-16 14:43:11,915 [INFO] [4077/5283] 603681.SH 写入 0 条
2026-06-16 14:43:12,449 [INFO] [4078/5283] 603682.SH 写入 0 条
2026-06-16 14:43:13,006 [INFO] [4079/5283] 603683.SH 写入 0 条
2026-06-16 14:43:13,553 [INFO] [4080/5283] 603685.SH 写入 0 条
2026-06-16 14:43:14,129 [INFO] [4081/5283] 603686.SH 写入 0 条
2026-06-16 14:43:14,675 [INFO] [4082/5283] 603687.SH 写入 0 条
2026-06-16 14:43:15,268 [INFO] [4083/5283] 603688.SH 写入 0 条
2026-06-16 14:43:15,812 [INFO] [4084/5283] 603689.SH 写入 0 条
2026-06-16 14:43:16,410 [INFO] [4085/5283] 603690.SH 写入 0 条
2026-06-16 14:43:16,974 [INFO] [4086/5283] 603693.SH 写入 0 条
2026-06-16 14:43:17,553 [INFO] [4087/5283] 603696.SH 写入 0 条
2026-06-16 14:43:18,109 [INFO] [4088/5283] 603697.SH 写入 0 条
2026-06-16 14:43:18,695 [INFO] [4089/5283] 603698.SH 写入 0 条
2026-06-16 14:43:19,292 [INFO] [4090/5283] 603699.SH 写入 0 条
2026-06-16 14:43:19,828 [INFO] [4091/5283] 603700.SH 写入 0 条
2026-06-16 14:43:20,412 [INFO] [4092/5283] 603701.SH 写入 0 条
2026-06-16 14:43:20,997 [INFO] [4093/5283] 603703.SH 写入 0 条
2026-06-16 14:43:21,524 [INFO] [4094/5283] 603706.SH 写入 0 条
2026-06-16 14:43:22,070 [INFO] [4095/5283] 603707.SH 写入 0 条
2026-06-16 14:43:22,641 [INFO] [4096/5283] 603708.SH 写入 0 条
2026-06-16 14:43:23,174 [INFO] [4097/5283] 603709.SH 写入 0 条
2026-06-16 14:43:24,189 [INFO] [4098/5283] 603711.SH 写入 0 条
2026-06-16 14:43:25,030 [INFO] [4099/5283] 603712.SH 写入 0 条
2026-06-16 14:43:25,786 [INFO] [4100/5283] 603713.SH 写入 0 条
2026-06-16 14:43:26,168 [INFO] 进度: 已完成 4100, 失败 0, 跳过 0
2026-06-16 14:43:26,398 [INFO] [4101/5283] 603716.SH 写入 0 条
2026-06-16 14:43:26,975 [INFO] [4102/5283] 603717.SH 写入 0 条
2026-06-16 14:43:27,514 [INFO] [4103/5283] 603719.SH 写入 0 条
2026-06-16 14:43:28,071 [INFO] [4104/5283] 603721.SH 写入 0 条
2026-06-16 14:43:28,632 [INFO] [4105/5283] 603722.SH 写入 0 条
2026-06-16 14:43:29,237 [INFO] [4106/5283] 603725.SH 写入 0 条
2026-06-16 14:43:29,848 [INFO] [4107/5283] 603726.SH 写入 0 条
2026-06-16 14:43:30,414 [INFO] [4108/5283] 603727.SH 写入 0 条
2026-06-16 14:43:31,020 [INFO] [4109/5283] 603728.SH 写入 0 条
2026-06-16 14:43:31,579 [INFO] [4110/5283] 603730.SH 写入 0 条
2026-06-16 14:43:32,186 [INFO] [4111/5283] 603733.SH 写入 0 条
2026-06-16 14:43:32,751 [INFO] [4112/5283] 603737.SH 写入 0 条
2026-06-16 14:43:33,320 [INFO] [4113/5283] 603738.SH 写入 0 条
2026-06-16 14:43:33,874 [INFO] [4114/5283] 603739.SH 写入 0 条
2026-06-16 14:43:34,402 [INFO] [4115/5283] 603755.SH 写入 0 条
2026-06-16 14:43:34,977 [INFO] [4116/5283] 603757.SH 写入 0 条
2026-06-16 14:43:35,521 [INFO] [4117/5283] 603758.SH 写入 0 条
2026-06-16 14:43:36,037 [INFO] [4118/5283] 603759.SH 写入 0 条
2026-06-16 14:43:36,832 [INFO] [4119/5283] 603766.SH 写入 0 条
2026-06-16 14:43:37,660 [INFO] [4120/5283] 603767.SH 写入 0 条
2026-06-16 14:43:38,220 [INFO] [4121/5283] 603768.SH 写入 0 条
2026-06-16 14:43:38,781 [INFO] [4122/5283] 603773.SH 写入 0 条
2026-06-16 14:43:39,362 [INFO] [4123/5283] 603776.SH 写入 0 条
2026-06-16 14:43:39,998 [INFO] [4124/5283] 603777.SH 写入 0 条
2026-06-16 14:43:40,569 [INFO] [4125/5283] 603778.SH 写入 0 条
2026-06-16 14:43:41,137 [INFO] [4126/5283] 603779.SH 写入 0 条
2026-06-16 14:43:41,694 [INFO] [4127/5283] 603786.SH 写入 0 条
2026-06-16 14:43:42,246 [INFO] [4128/5283] 603787.SH 写入 0 条
2026-06-16 14:43:42,834 [INFO] [4129/5283] 603788.SH 写入 0 条
2026-06-16 14:43:43,408 [INFO] [4130/5283] 603790.SH 写入 0 条
2026-06-16 14:43:43,946 [INFO] [4131/5283] 603797.SH 写入 0 条
2026-06-16 14:43:44,522 [INFO] [4132/5283] 603798.SH 写入 0 条
2026-06-16 14:43:45,113 [INFO] [4133/5283] 603799.SH 写入 0 条
2026-06-16 14:43:45,647 [INFO] [4134/5283] 603800.SH 写入 0 条
2026-06-16 14:43:46,189 [INFO] [4135/5283] 603801.SH 写入 0 条
2026-06-16 14:43:46,769 [INFO] [4136/5283] 603803.SH 写入 0 条
2026-06-16 14:43:47,552 [INFO] [4137/5283] 603806.SH 写入 0 条
2026-06-16 14:43:48,223 [INFO] [4138/5283] 603808.SH 写入 0 条
2026-06-16 14:43:48,802 [INFO] [4139/5283] 603809.SH 写入 0 条
2026-06-16 14:43:49,599 [INFO] [4140/5283] 603810.SH 写入 0 条
2026-06-16 14:43:50,352 [INFO] [4141/5283] 603811.SH 写入 0 条
2026-06-16 14:43:51,065 [INFO] [4142/5283] 603815.SH 写入 0 条
2026-06-16 14:43:51,687 [INFO] [4143/5283] 603816.SH 写入 0 条
2026-06-16 14:43:52,244 [INFO] [4144/5283] 603817.SH 写入 0 条
2026-06-16 14:43:52,833 [INFO] [4145/5283] 603818.SH 写入 0 条
2026-06-16 14:43:53,384 [INFO] [4146/5283] 603819.SH 写入 0 条
2026-06-16 14:43:53,949 [INFO] [4147/5283] 603823.SH 写入 0 条
2026-06-16 14:43:54,615 [INFO] [4148/5283] 603826.SH 写入 0 条
2026-06-16 14:43:55,160 [INFO] [4149/5283] 603829.SH 写入 0 条
2026-06-16 14:43:55,730 [INFO] [4150/5283] 603833.SH 写入 0 条
2026-06-16 14:43:56,099 [INFO] 进度: 已完成 4150, 失败 0, 跳过 0
2026-06-16 14:43:56,273 [INFO] [4151/5283] 603836.SH 写入 0 条
2026-06-16 14:43:56,815 [INFO] [4152/5283] 603839.SH 写入 0 条
2026-06-16 14:43:57,359 [INFO] [4153/5283] 603848.SH 写入 0 条
2026-06-16 14:43:57,922 [INFO] [4154/5283] 603855.SH 写入 0 条
2026-06-16 14:43:58,473 [INFO] [4155/5283] 603856.SH 写入 0 条
2026-06-16 14:43:59,030 [INFO] [4156/5283] 603858.SH 写入 0 条
2026-06-16 14:43:59,618 [INFO] [4157/5283] 603859.SH 写入 0 条
2026-06-16 14:44:00,192 [INFO] [4158/5283] 603860.SH 写入 0 条
2026-06-16 14:44:00,759 [INFO] [4159/5283] 603861.SH 写入 0 条
2026-06-16 14:44:01,329 [INFO] [4160/5283] 603863.SH 写入 0 条
2026-06-16 14:44:01,894 [INFO] [4161/5283] 603866.SH 写入 0 条
2026-06-16 14:44:02,509 [INFO] [4162/5283] 603867.SH 写入 0 条
2026-06-16 14:44:03,270 [INFO] [4163/5283] 603868.SH 写入 0 条
2026-06-16 14:44:03,976 [INFO] [4164/5283] 603871.SH 写入 0 条
2026-06-16 14:44:04,862 [INFO] [4165/5283] 603876.SH 写入 0 条
2026-06-16 14:44:05,508 [INFO] [4166/5283] 603877.SH 写入 0 条
2026-06-16 14:44:06,140 [INFO] [4167/5283] 603878.SH 写入 0 条
2026-06-16 14:44:06,759 [INFO] [4168/5283] 603879.SH 写入 0 条
2026-06-16 14:44:07,332 [INFO] [4169/5283] 603880.SH 写入 0 条
2026-06-16 14:44:07,930 [INFO] [4170/5283] 603881.SH 写入 0 条
2026-06-16 14:44:08,551 [INFO] [4171/5283] 603882.SH 写入 0 条
2026-06-16 14:44:09,253 [INFO] [4172/5283] 603883.SH 写入 0 条
2026-06-16 14:44:09,926 [INFO] [4173/5283] 603885.SH 写入 0 条
2026-06-16 14:44:10,553 [INFO] [4174/5283] 603886.SH 写入 0 条
2026-06-16 14:44:11,316 [INFO] [4175/5283] 603887.SH 写入 0 条
2026-06-16 14:44:11,904 [INFO] [4176/5283] 603888.SH 写入 0 条
2026-06-16 14:44:12,971 [INFO] [4177/5283] 603889.SH 写入 0 条
2026-06-16 14:44:13,506 [INFO] [4178/5283] 603890.SH 写入 0 条
2026-06-16 14:44:14,076 [INFO] [4179/5283] 603893.SH 写入 0 条
2026-06-16 14:44:14,659 [INFO] [4180/5283] 603895.SH 写入 0 条
2026-06-16 14:44:15,218 [INFO] [4181/5283] 603896.SH 写入 0 条
2026-06-16 14:44:15,783 [INFO] [4182/5283] 603897.SH 写入 0 条
2026-06-16 14:44:16,351 [INFO] [4183/5283] 603898.SH 写入 0 条
2026-06-16 14:44:16,928 [INFO] [4184/5283] 603899.SH 写入 0 条
2026-06-16 14:44:17,472 [INFO] [4185/5283] 603900.SH 写入 0 条
2026-06-16 14:44:18,045 [INFO] [4186/5283] 603901.SH 写入 0 条
2026-06-16 14:44:18,639 [INFO] [4187/5283] 603903.SH 写入 0 条
2026-06-16 14:44:19,203 [INFO] [4188/5283] 603906.SH 写入 0 条
2026-06-16 14:44:19,772 [INFO] [4189/5283] 603908.SH 写入 0 条
2026-06-16 14:44:20,350 [INFO] [4190/5283] 603909.SH 写入 0 条
2026-06-16 14:44:20,900 [INFO] [4191/5283] 603912.SH 写入 0 条
2026-06-16 14:44:21,437 [INFO] [4192/5283] 603915.SH 写入 0 条
2026-06-16 14:44:22,000 [INFO] [4193/5283] 603916.SH 写入 0 条
2026-06-16 14:44:22,547 [INFO] [4194/5283] 603917.SH 写入 0 条
2026-06-16 14:44:23,099 [INFO] [4195/5283] 603918.SH 写入 0 条
2026-06-16 14:44:23,643 [INFO] [4196/5283] 603919.SH 写入 0 条
2026-06-16 14:44:24,254 [INFO] [4197/5283] 603920.SH 写入 0 条
2026-06-16 14:44:24,862 [INFO] [4198/5283] 603926.SH 写入 0 条
2026-06-16 14:44:25,499 [INFO] [4199/5283] 603927.SH 写入 0 条
2026-06-16 14:44:26,052 [INFO] [4200/5283] 603928.SH 写入 0 条
2026-06-16 14:44:26,425 [INFO] 进度: 已完成 4200, 失败 0, 跳过 0
2026-06-16 14:44:26,648 [INFO] [4201/5283] 603929.SH 写入 0 条
2026-06-16 14:44:27,173 [INFO] [4202/5283] 603931.SH 写入 0 条
2026-06-16 14:44:27,726 [INFO] [4203/5283] 603933.SH 写入 0 条
2026-06-16 14:44:28,295 [INFO] [4204/5283] 603936.SH 写入 0 条
2026-06-16 14:44:28,852 [INFO] [4205/5283] 603937.SH 写入 0 条
2026-06-16 14:44:29,431 [INFO] [4206/5283] 603938.SH 写入 0 条
2026-06-16 14:44:30,022 [INFO] [4207/5283] 603939.SH 写入 0 条
2026-06-16 14:44:30,549 [INFO] [4208/5283] 603948.SH 写入 0 条
2026-06-16 14:44:31,116 [INFO] [4209/5283] 603949.SH 写入 0 条
2026-06-16 14:44:31,633 [INFO] [4210/5283] 603950.SH 写入 0 条
2026-06-16 14:44:32,174 [INFO] [4211/5283] 603955.SH 写入 0 条
2026-06-16 14:44:32,769 [INFO] [4212/5283] 603956.SH 写入 0 条
2026-06-16 14:44:33,319 [INFO] [4213/5283] 603958.SH 写入 0 条
2026-06-16 14:44:33,915 [INFO] [4214/5283] 603960.SH 写入 0 条
2026-06-16 14:44:34,585 [INFO] [4215/5283] 603966.SH 写入 0 条
2026-06-16 14:44:35,118 [INFO] [4216/5283] 603967.SH 写入 0 条
2026-06-16 14:44:35,688 [INFO] [4217/5283] 603968.SH 写入 0 条
2026-06-16 14:44:36,288 [INFO] [4218/5283] 603969.SH 写入 0 条
2026-06-16 14:44:37,023 [INFO] [4219/5283] 603970.SH 写入 0 条
2026-06-16 14:44:38,108 [INFO] [4220/5283] 603976.SH 写入 0 条
2026-06-16 14:44:38,669 [INFO] [4221/5283] 603977.SH 写入 0 条
2026-06-16 14:44:39,271 [INFO] [4222/5283] 603978.SH 写入 0 条
2026-06-16 14:44:39,884 [INFO] [4223/5283] 603979.SH 写入 0 条
2026-06-16 14:44:40,484 [INFO] [4224/5283] 603980.SH 写入 0 条
2026-06-16 14:44:41,025 [INFO] [4225/5283] 603982.SH 写入 0 条
2026-06-16 14:44:41,550 [INFO] [4226/5283] 603983.SH 写入 0 条
2026-06-16 14:44:42,108 [INFO] [4227/5283] 603985.SH 写入 0 条
2026-06-16 14:44:42,756 [INFO] [4228/5283] 603986.SH 写入 0 条
2026-06-16 14:44:43,360 [INFO] [4229/5283] 603987.SH 写入 0 条
2026-06-16 14:44:43,967 [INFO] [4230/5283] 603988.SH 写入 0 条
2026-06-16 14:44:44,539 [INFO] [4231/5283] 603989.SH 写入 0 条
2026-06-16 14:44:45,109 [INFO] [4232/5283] 603990.SH 写入 0 条
2026-06-16 14:44:45,672 [INFO] [4233/5283] 603991.SH 写入 0 条
2026-06-16 14:44:46,211 [INFO] [4234/5283] 603992.SH 写入 0 条
2026-06-16 14:44:46,783 [INFO] [4235/5283] 603993.SH 写入 0 条
2026-06-16 14:44:47,316 [INFO] [4236/5283] 603995.SH 写入 0 条
2026-06-16 14:44:47,870 [INFO] [4237/5283] 603997.SH 写入 0 条
2026-06-16 14:44:48,442 [INFO] [4238/5283] 603998.SH 写入 0 条
2026-06-16 14:44:49,087 [INFO] [4239/5283] 603999.SH 写入 0 条
2026-06-16 14:44:49,910 [INFO] [4240/5283] 605001.SH 写入 0 条
2026-06-16 14:44:50,609 [INFO] [4241/5283] 605003.SH 写入 0 条
2026-06-16 14:44:51,224 [INFO] [4242/5283] 605005.SH 写入 0 条
2026-06-16 14:44:51,772 [INFO] [4243/5283] 605006.SH 写入 0 条
2026-06-16 14:44:52,332 [INFO] [4244/5283] 605007.SH 写入 0 条
2026-06-16 14:44:52,867 [INFO] [4245/5283] 605008.SH 写入 0 条
2026-06-16 14:44:53,381 [INFO] [4246/5283] 605009.SH 写入 0 条
2026-06-16 14:44:53,972 [INFO] [4247/5283] 605011.SH 写入 0 条
2026-06-16 14:44:54,516 [INFO] [4248/5283] 605016.SH 写入 0 条
2026-06-16 14:44:55,070 [INFO] [4249/5283] 605018.SH 写入 0 条
2026-06-16 14:44:55,606 [INFO] [4250/5283] 605020.SH 写入 0 条
2026-06-16 14:44:55,971 [INFO] 进度: 已完成 4250, 失败 0, 跳过 0
2026-06-16 14:44:56,155 [INFO] [4251/5283] 605028.SH 写入 0 条
2026-06-16 14:44:56,684 [INFO] [4252/5283] 605033.SH 写入 0 条
2026-06-16 14:44:57,211 [INFO] [4253/5283] 605050.SH 写入 0 条
2026-06-16 14:44:57,737 [INFO] [4254/5283] 605055.SH 写入 0 条
2026-06-16 14:44:58,252 [INFO] [4255/5283] 605056.SH 写入 0 条
2026-06-16 14:44:58,779 [INFO] [4256/5283] 605058.SH 写入 0 条
2026-06-16 14:44:59,299 [INFO] [4257/5283] 605060.SH 写入 0 条
2026-06-16 14:44:59,849 [INFO] [4258/5283] 605066.SH 写入 0 条
2026-06-16 14:45:00,367 [INFO] [4259/5283] 605068.SH 写入 0 条
2026-06-16 14:45:00,930 [INFO] [4260/5283] 605069.SH 写入 0 条
2026-06-16 14:45:01,502 [INFO] [4261/5283] 605077.SH 写入 0 条
2026-06-16 14:45:02,283 [INFO] [4262/5283] 605080.SH 写入 0 条
2026-06-16 14:45:02,965 [INFO] [4263/5283] 605086.SH 写入 0 条
2026-06-16 14:45:03,494 [INFO] [4264/5283] 605088.SH 写入 0 条
2026-06-16 14:45:04,014 [INFO] [4265/5283] 605089.SH 写入 0 条
2026-06-16 14:45:04,534 [INFO] [4266/5283] 605090.SH 写入 0 条
2026-06-16 14:45:05,204 [INFO] [4267/5283] 605098.SH 写入 0 条
2026-06-16 14:45:05,744 [INFO] [4268/5283] 605099.SH 写入 0 条
2026-06-16 14:45:06,319 [INFO] [4269/5283] 605100.SH 写入 0 条
2026-06-16 14:45:06,849 [INFO] [4270/5283] 605108.SH 写入 0 条
2026-06-16 14:45:07,379 [INFO] [4271/5283] 605111.SH 写入 0 条
2026-06-16 14:45:07,906 [INFO] [4272/5283] 605116.SH 写入 0 条
2026-06-16 14:45:08,419 [INFO] [4273/5283] 605117.SH 写入 0 条
2026-06-16 14:45:08,962 [INFO] [4274/5283] 605118.SH 写入 0 条
2026-06-16 14:45:09,517 [INFO] [4275/5283] 605122.SH 写入 0 条
2026-06-16 14:45:10,100 [INFO] [4276/5283] 605123.SH 写入 0 条
2026-06-16 14:45:10,617 [INFO] [4277/5283] 605128.SH 写入 0 条
2026-06-16 14:45:11,144 [INFO] [4278/5283] 605133.SH 写入 0 条
2026-06-16 14:45:11,694 [INFO] [4279/5283] 605136.SH 写入 0 条
2026-06-16 14:45:12,212 [INFO] [4280/5283] 605138.SH 写入 0 条
2026-06-16 14:45:12,740 [INFO] [4281/5283] 605151.SH 写入 0 条
2026-06-16 14:45:13,256 [INFO] [4282/5283] 605155.SH 写入 0 条
2026-06-16 14:45:13,821 [INFO] [4283/5283] 605158.SH 写入 0 条
2026-06-16 14:45:14,352 [INFO] [4284/5283] 605162.SH 写入 0 条
2026-06-16 14:45:14,913 [INFO] [4285/5283] 605166.SH 写入 0 条
2026-06-16 14:45:15,443 [INFO] [4286/5283] 605167.SH 写入 0 条
2026-06-16 14:45:16,007 [INFO] [4287/5283] 605168.SH 写入 0 条
2026-06-16 14:45:16,578 [INFO] [4288/5283] 605169.SH 写入 0 条
2026-06-16 14:45:17,145 [INFO] [4289/5283] 605177.SH 写入 0 条
2026-06-16 14:45:17,678 [INFO] [4290/5283] 605178.SH 写入 0 条
2026-06-16 14:45:18,219 [INFO] [4291/5283] 605179.SH 写入 0 条
2026-06-16 14:45:18,765 [INFO] [4292/5283] 605180.SH 写入 0 条
2026-06-16 14:45:19,524 [INFO] [4293/5283] 605183.SH 写入 0 条
2026-06-16 14:45:20,082 [INFO] [4294/5283] 605186.SH 写入 0 条
2026-06-16 14:45:20,633 [INFO] [4295/5283] 605188.SH 写入 0 条
2026-06-16 14:45:21,471 [INFO] [4296/5283] 605189.SH 写入 0 条
2026-06-16 14:45:22,179 [INFO] [4297/5283] 605196.SH 写入 0 条
2026-06-16 14:45:23,038 [INFO] [4298/5283] 605198.SH 写入 0 条
2026-06-16 14:45:23,649 [INFO] [4299/5283] 605208.SH 写入 0 条
2026-06-16 14:45:24,233 [INFO] [4300/5283] 605218.SH 写入 0 条
2026-06-16 14:45:24,610 [INFO] 进度: 已完成 4300, 失败 0, 跳过 0
2026-06-16 14:45:24,817 [INFO] [4301/5283] 605222.SH 写入 0 条
2026-06-16 14:45:25,367 [INFO] [4302/5283] 605228.SH 写入 0 条
2026-06-16 14:45:26,212 [INFO] [4303/5283] 605255.SH 写入 0 条
2026-06-16 14:45:26,755 [INFO] [4304/5283] 605258.SH 写入 0 条
2026-06-16 14:45:27,259 [INFO] [4305/5283] 605259.SH 写入 0 条
2026-06-16 14:45:27,827 [INFO] [4306/5283] 605266.SH 写入 0 条
2026-06-16 14:45:28,374 [INFO] [4307/5283] 605268.SH 写入 0 条
2026-06-16 14:45:28,908 [INFO] [4308/5283] 605277.SH 写入 0 条
2026-06-16 14:45:29,442 [INFO] [4309/5283] 605286.SH 写入 0 条
2026-06-16 14:45:29,999 [INFO] [4310/5283] 605287.SH 写入 0 条
2026-06-16 14:45:30,522 [INFO] [4311/5283] 605288.SH 写入 0 条
2026-06-16 14:45:31,069 [INFO] [4312/5283] 605289.SH 写入 0 条
2026-06-16 14:45:31,626 [INFO] [4313/5283] 605296.SH 写入 0 条
2026-06-16 14:45:32,165 [INFO] [4314/5283] 605298.SH 写入 0 条
2026-06-16 14:45:32,767 [INFO] [4315/5283] 605299.SH 写入 0 条
2026-06-16 14:45:33,307 [INFO] [4316/5283] 605300.SH 写入 0 条
2026-06-16 14:45:33,850 [INFO] [4317/5283] 605303.SH 写入 0 条
2026-06-16 14:45:34,415 [INFO] [4318/5283] 605305.SH 写入 0 条
2026-06-16 14:45:34,942 [INFO] [4319/5283] 605318.SH 写入 0 条
2026-06-16 14:45:35,462 [INFO] [4320/5283] 605319.SH 写入 0 条
2026-06-16 14:45:36,005 [INFO] [4321/5283] 605333.SH 写入 0 条
2026-06-16 14:45:36,581 [INFO] [4322/5283] 605337.SH 写入 0 条
2026-06-16 14:45:37,204 [INFO] [4323/5283] 605338.SH 写入 0 条
2026-06-16 14:45:37,844 [INFO] [4324/5283] 605339.SH 写入 0 条
2026-06-16 14:45:38,566 [INFO] [4325/5283] 605358.SH 写入 0 条
2026-06-16 14:45:39,157 [INFO] [4326/5283] 605365.SH 写入 0 条
2026-06-16 14:45:39,724 [INFO] [4327/5283] 605366.SH 写入 0 条
2026-06-16 14:45:40,332 [INFO] [4328/5283] 605368.SH 写入 0 条
2026-06-16 14:45:40,875 [INFO] [4329/5283] 605369.SH 写入 0 条
2026-06-16 14:45:41,399 [INFO] [4330/5283] 605376.SH 写入 0 条
2026-06-16 14:45:41,946 [INFO] [4331/5283] 605377.SH 写入 0 条
2026-06-16 14:45:42,454 [INFO] [4332/5283] 605378.SH 写入 0 条
2026-06-16 14:45:42,989 [INFO] [4333/5283] 605388.SH 写入 0 条
2026-06-16 14:45:43,514 [INFO] [4334/5283] 605389.SH 写入 0 条
2026-06-16 14:45:44,035 [INFO] [4335/5283] 605398.SH 写入 0 条
2026-06-16 14:45:44,598 [INFO] [4336/5283] 605399.SH 写入 0 条
2026-06-16 14:45:45,116 [INFO] [4337/5283] 605488.SH 写入 0 条
2026-06-16 14:45:45,656 [INFO] [4338/5283] 605499.SH 写入 0 条
2026-06-16 14:45:46,196 [INFO] [4339/5283] 605500.SH 写入 0 条
2026-06-16 14:45:46,739 [INFO] [4340/5283] 605507.SH 写入 0 条
2026-06-16 14:45:47,269 [INFO] [4341/5283] 605555.SH 写入 0 条
2026-06-16 14:45:47,787 [INFO] [4342/5283] 605566.SH 写入 0 条
2026-06-16 14:45:48,374 [INFO] [4343/5283] 605567.SH 写入 0 条
2026-06-16 14:45:48,991 [INFO] [4344/5283] 605577.SH 写入 0 条
2026-06-16 14:45:49,769 [INFO] [4345/5283] 605580.SH 写入 0 条
2026-06-16 14:45:50,426 [INFO] [4346/5283] 605588.SH 写入 0 条
2026-06-16 14:45:51,812 [INFO] [4347/5283] 605589.SH 写入 0 条
2026-06-16 14:45:52,360 [INFO] [4348/5283] 605598.SH 写入 0 条
2026-06-16 14:45:52,938 [INFO] [4349/5283] 605599.SH 写入 0 条
2026-06-16 14:45:53,472 [INFO] [4350/5283] 688001.SH 写入 0 条
2026-06-16 14:45:53,842 [INFO] 进度: 已完成 4350, 失败 0, 跳过 0
2026-06-16 14:45:55,038 [INFO] [4351/5283] 688002.SH 写入 0 条
2026-06-16 14:45:55,581 [INFO] [4352/5283] 688003.SH 写入 0 条
2026-06-16 14:45:56,129 [INFO] [4353/5283] 688004.SH 写入 0 条
2026-06-16 14:45:56,664 [INFO] [4354/5283] 688005.SH 写入 0 条
2026-06-16 14:45:57,205 [INFO] [4355/5283] 688006.SH 写入 0 条
2026-06-16 14:45:57,716 [INFO] [4356/5283] 688007.SH 写入 0 条
2026-06-16 14:45:58,295 [INFO] [4357/5283] 688008.SH 写入 0 条
2026-06-16 14:45:58,837 [INFO] [4358/5283] 688009.SH 写入 0 条
2026-06-16 14:45:59,402 [INFO] [4359/5283] 688010.SH 写入 0 条
2026-06-16 14:45:59,967 [INFO] [4360/5283] 688011.SH 写入 0 条
2026-06-16 14:46:00,512 [INFO] [4361/5283] 688012.SH 写入 0 条
2026-06-16 14:46:01,042 [INFO] [4362/5283] 688013.SH 写入 0 条
2026-06-16 14:46:01,577 [INFO] [4363/5283] 688015.SH 写入 0 条
2026-06-16 14:46:02,102 [INFO] [4364/5283] 688016.SH 写入 0 条
2026-06-16 14:46:02,610 [INFO] [4365/5283] 688017.SH 写入 0 条
2026-06-16 14:46:03,130 [INFO] [4366/5283] 688018.SH 写入 0 条
2026-06-16 14:46:03,678 [INFO] [4367/5283] 688019.SH 写入 0 条
2026-06-16 14:46:04,222 [INFO] [4368/5283] 688020.SH 写入 0 条
2026-06-16 14:46:04,770 [INFO] [4369/5283] 688021.SH 写入 0 条
2026-06-16 14:46:05,285 [INFO] [4370/5283] 688023.SH 写入 0 条
2026-06-16 14:46:05,819 [INFO] [4371/5283] 688025.SH 写入 0 条
2026-06-16 14:46:06,531 [INFO] [4372/5283] 688026.SH 写入 0 条
2026-06-16 14:46:07,053 [INFO] [4373/5283] 688027.SH 写入 0 条
2026-06-16 14:46:07,594 [INFO] [4374/5283] 688028.SH 写入 0 条
2026-06-16 14:46:08,166 [INFO] [4375/5283] 688029.SH 写入 0 条
2026-06-16 14:46:08,703 [INFO] [4376/5283] 688030.SH 写入 0 条
2026-06-16 14:46:09,212 [INFO] [4377/5283] 688031.SH 写入 0 条
2026-06-16 14:46:09,783 [INFO] [4378/5283] 688032.SH 写入 0 条
2026-06-16 14:46:10,383 [INFO] [4379/5283] 688035.SH 写入 0 条
2026-06-16 14:46:10,941 [INFO] [4380/5283] 688036.SH 写入 0 条
2026-06-16 14:46:11,474 [INFO] [4381/5283] 688037.SH 写入 0 条
2026-06-16 14:46:12,277 [INFO] [4382/5283] 688038.SH 写入 0 条
2026-06-16 14:46:12,851 [INFO] [4383/5283] 688039.SH 写入 0 条
2026-06-16 14:46:13,374 [INFO] [4384/5283] 688041.SH 写入 0 条
2026-06-16 14:46:13,879 [INFO] [4385/5283] 688045.SH 写入 0 条
2026-06-16 14:46:14,408 [INFO] [4386/5283] 688046.SH 写入 0 条
2026-06-16 14:46:15,295 [INFO] [4387/5283] 688047.SH 写入 0 条
2026-06-16 14:46:15,872 [INFO] [4388/5283] 688048.SH 写入 0 条
2026-06-16 14:46:16,382 [INFO] [4389/5283] 688049.SH 写入 0 条
2026-06-16 14:46:16,899 [INFO] [4390/5283] 688050.SH 写入 0 条
2026-06-16 14:46:17,427 [INFO] [4391/5283] 688051.SH 写入 0 条
2026-06-16 14:46:17,965 [INFO] [4392/5283] 688052.SH 写入 0 条
2026-06-16 14:46:18,482 [INFO] [4393/5283] 688055.SH 写入 0 条
2026-06-16 14:46:19,025 [INFO] [4394/5283] 688056.SH 写入 0 条
2026-06-16 14:46:19,596 [INFO] [4395/5283] 688057.SH 写入 0 条
2026-06-16 14:46:20,140 [INFO] [4396/5283] 688058.SH 写入 0 条
2026-06-16 14:46:20,668 [INFO] [4397/5283] 688059.SH 写入 0 条
2026-06-16 14:46:21,217 [INFO] [4398/5283] 688060.SH 写入 0 条
2026-06-16 14:46:21,749 [INFO] [4399/5283] 688061.SH 写入 0 条
2026-06-16 14:46:22,264 [INFO] [4400/5283] 688062.SH 写入 0 条
2026-06-16 14:46:22,638 [INFO] 进度: 已完成 4400, 失败 0, 跳过 0
2026-06-16 14:46:22,798 [INFO] [4401/5283] 688063.SH 写入 0 条
2026-06-16 14:46:23,319 [INFO] [4402/5283] 688065.SH 写入 0 条
2026-06-16 14:46:23,863 [INFO] [4403/5283] 688067.SH 写入 0 条
2026-06-16 14:46:24,415 [INFO] [4404/5283] 688068.SH 写入 0 条
2026-06-16 14:46:24,939 [INFO] [4405/5283] 688069.SH 写入 0 条
2026-06-16 14:46:25,454 [INFO] [4406/5283] 688070.SH 写入 0 条
2026-06-16 14:46:25,987 [INFO] [4407/5283] 688071.SH 写入 0 条
2026-06-16 14:46:26,502 [INFO] [4408/5283] 688072.SH 写入 0 条
2026-06-16 14:46:27,142 [INFO] [4409/5283] 688073.SH 写入 0 条
2026-06-16 14:46:27,655 [INFO] [4410/5283] 688075.SH 写入 0 条
2026-06-16 14:46:28,217 [INFO] [4411/5283] 688077.SH 写入 0 条
2026-06-16 14:46:28,769 [INFO] [4412/5283] 688078.SH 写入 0 条
2026-06-16 14:46:29,314 [INFO] [4413/5283] 688079.SH 写入 0 条
2026-06-16 14:46:29,858 [INFO] [4414/5283] 688080.SH 写入 0 条
2026-06-16 14:46:30,432 [INFO] [4415/5283] 688081.SH 写入 0 条
2026-06-16 14:46:30,954 [INFO] [4416/5283] 688082.SH 写入 0 条
2026-06-16 14:46:31,500 [INFO] [4417/5283] 688083.SH 写入 0 条
2026-06-16 14:46:32,004 [INFO] [4418/5283] 688084.SH 写入 0 条
2026-06-16 14:46:32,524 [INFO] [4419/5283] 688085.SH 写入 0 条
2026-06-16 14:46:33,079 [INFO] [4420/5283] 688087.SH 写入 0 条
2026-06-16 14:46:33,609 [INFO] [4421/5283] 688088.SH 写入 0 条
2026-06-16 14:46:34,145 [INFO] [4422/5283] 688089.SH 写入 0 条
2026-06-16 14:46:34,650 [INFO] [4423/5283] 688090.SH 写入 0 条
2026-06-16 14:46:35,246 [INFO] [4424/5283] 688091.SH 写入 0 条
2026-06-16 14:46:35,750 [INFO] [4425/5283] 688092.SH 写入 0 条
2026-06-16 14:46:36,350 [INFO] [4426/5283] 688093.SH 写入 0 条
2026-06-16 14:46:36,968 [INFO] [4427/5283] 688095.SH 写入 0 条
2026-06-16 14:46:37,735 [INFO] [4428/5283] 688096.SH 写入 0 条
2026-06-16 14:46:38,251 [INFO] [4429/5283] 688097.SH 写入 0 条
2026-06-16 14:46:38,796 [INFO] [4430/5283] 688098.SH 写入 0 条
2026-06-16 14:46:39,409 [INFO] [4431/5283] 688099.SH 写入 0 条
2026-06-16 14:46:40,229 [INFO] [4432/5283] 688100.SH 写入 0 条
2026-06-16 14:46:40,858 [INFO] [4433/5283] 688101.SH 写入 0 条
2026-06-16 14:46:41,389 [INFO] [4434/5283] 688102.SH 写入 0 条
2026-06-16 14:46:41,922 [INFO] [4435/5283] 688103.SH 写入 0 条
2026-06-16 14:46:42,454 [INFO] [4436/5283] 688105.SH 写入 0 条
2026-06-16 14:46:43,037 [INFO] [4437/5283] 688106.SH 写入 0 条
2026-06-16 14:46:43,553 [INFO] [4438/5283] 688107.SH 写入 0 条
2026-06-16 14:46:44,071 [INFO] [4439/5283] 688108.SH 写入 0 条
2026-06-16 14:46:44,632 [INFO] [4440/5283] 688109.SH 写入 0 条
2026-06-16 14:46:45,164 [INFO] [4441/5283] 688110.SH 写入 0 条
2026-06-16 14:46:45,688 [INFO] [4442/5283] 688111.SH 写入 0 条
2026-06-16 14:46:46,202 [INFO] [4443/5283] 688112.SH 写入 0 条
2026-06-16 14:46:46,722 [INFO] [4444/5283] 688113.SH 写入 0 条
2026-06-16 14:46:47,247 [INFO] [4445/5283] 688114.SH 写入 0 条
2026-06-16 14:46:47,782 [INFO] [4446/5283] 688115.SH 写入 0 条
2026-06-16 14:46:48,317 [INFO] [4447/5283] 688116.SH 写入 0 条
2026-06-16 14:46:48,865 [INFO] [4448/5283] 688117.SH 写入 0 条
2026-06-16 14:46:49,677 [INFO] [4449/5283] 688118.SH 写入 0 条
2026-06-16 14:46:50,281 [INFO] [4450/5283] 688119.SH 写入 0 条
2026-06-16 14:46:50,672 [INFO] 进度: 已完成 4450, 失败 0, 跳过 0
2026-06-16 14:46:50,935 [INFO] [4451/5283] 688120.SH 写入 0 条
2026-06-16 14:46:51,473 [INFO] [4452/5283] 688121.SH 写入 0 条
2026-06-16 14:46:52,035 [INFO] [4453/5283] 688122.SH 写入 0 条
2026-06-16 14:46:52,555 [INFO] [4454/5283] 688123.SH 写入 0 条
2026-06-16 14:46:53,054 [INFO] [4455/5283] 688125.SH 写入 0 条
2026-06-16 14:46:53,595 [INFO] [4456/5283] 688126.SH 写入 0 条
2026-06-16 14:46:54,177 [INFO] [4457/5283] 688127.SH 写入 0 条
2026-06-16 14:46:54,741 [INFO] [4458/5283] 688128.SH 写入 0 条
2026-06-16 14:46:55,282 [INFO] [4459/5283] 688129.SH 写入 0 条
2026-06-16 14:46:55,809 [INFO] [4460/5283] 688130.SH 写入 0 条
2026-06-16 14:46:56,358 [INFO] [4461/5283] 688131.SH 写入 0 条
2026-06-16 14:46:56,939 [INFO] [4462/5283] 688132.SH 写入 0 条
2026-06-16 14:46:57,476 [INFO] [4463/5283] 688133.SH 写入 0 条
2026-06-16 14:46:58,021 [INFO] [4464/5283] 688135.SH 写入 0 条
2026-06-16 14:46:58,554 [INFO] [4465/5283] 688136.SH 写入 0 条
2026-06-16 14:46:59,054 [INFO] [4466/5283] 688137.SH 写入 0 条
2026-06-16 14:46:59,586 [INFO] [4467/5283] 688138.SH 写入 0 条
2026-06-16 14:47:00,146 [INFO] [4468/5283] 688139.SH 写入 0 条
2026-06-16 14:47:00,646 [INFO] [4469/5283] 688141.SH 写入 0 条
2026-06-16 14:47:01,165 [INFO] [4470/5283] 688143.SH 写入 0 条
2026-06-16 14:47:01,672 [INFO] [4471/5283] 688146.SH 写入 0 条
2026-06-16 14:47:02,206 [INFO] [4472/5283] 688147.SH 写入 0 条
2026-06-16 14:47:02,768 [INFO] [4473/5283] 688148.SH 写入 0 条
2026-06-16 14:47:03,283 [INFO] [4474/5283] 688150.SH 写入 0 条
2026-06-16 14:47:03,955 [INFO] [4475/5283] 688151.SH 写入 0 条
2026-06-16 14:47:05,201 [INFO] [4476/5283] 688152.SH 写入 0 条
2026-06-16 14:47:05,932 [INFO] [4477/5283] 688153.SH 写入 0 条
2026-06-16 14:47:06,449 [INFO] [4478/5283] 688155.SH 写入 0 条
2026-06-16 14:47:07,109 [INFO] [4479/5283] 688156.SH 写入 0 条
2026-06-16 14:47:07,635 [INFO] [4480/5283] 688157.SH 写入 0 条
2026-06-16 14:47:08,154 [INFO] [4481/5283] 688158.SH 写入 0 条
2026-06-16 14:47:08,677 [INFO] [4482/5283] 688159.SH 写入 0 条
2026-06-16 14:47:09,166 [INFO] [4483/5283] 688160.SH 写入 0 条
2026-06-16 14:47:09,665 [INFO] [4484/5283] 688161.SH 写入 0 条
2026-06-16 14:47:10,225 [INFO] [4485/5283] 688162.SH 写入 0 条
2026-06-16 14:47:10,720 [INFO] [4486/5283] 688163.SH 写入 0 条
2026-06-16 14:47:11,222 [INFO] [4487/5283] 688165.SH 写入 0 条
2026-06-16 14:47:11,747 [INFO] [4488/5283] 688166.SH 写入 0 条
2026-06-16 14:47:12,266 [INFO] [4489/5283] 688167.SH 写入 0 条
2026-06-16 14:47:12,789 [INFO] [4490/5283] 688168.SH 写入 0 条
2026-06-16 14:47:13,295 [INFO] [4491/5283] 688169.SH 写入 0 条
2026-06-16 14:47:13,792 [INFO] [4492/5283] 688170.SH 写入 0 条
2026-06-16 14:47:14,300 [INFO] [4493/5283] 688171.SH 写入 0 条
2026-06-16 14:47:14,781 [INFO] [4494/5283] 688172.SH 写入 0 条
2026-06-16 14:47:15,258 [INFO] [4495/5283] 688173.SH 写入 0 条
2026-06-16 14:47:15,766 [INFO] [4496/5283] 688175.SH 写入 0 条
2026-06-16 14:47:16,248 [INFO] [4497/5283] 688176.SH 写入 0 条
2026-06-16 14:47:16,769 [INFO] [4498/5283] 688177.SH 写入 0 条
2026-06-16 14:47:17,276 [INFO] [4499/5283] 688178.SH 写入 0 条
2026-06-16 14:47:17,804 [INFO] [4500/5283] 688179.SH 写入 0 条
2026-06-16 14:47:18,170 [INFO] 进度: 已完成 4500, 失败 0, 跳过 0
2026-06-16 14:47:18,339 [INFO] [4501/5283] 688180.SH 写入 0 条
2026-06-16 14:47:18,835 [INFO] [4502/5283] 688181.SH 写入 0 条
2026-06-16 14:47:19,339 [INFO] [4503/5283] 688182.SH 写入 0 条
2026-06-16 14:47:19,826 [INFO] [4504/5283] 688183.SH 写入 0 条
2026-06-16 14:47:20,338 [INFO] [4505/5283] 688185.SH 写入 0 条
2026-06-16 14:47:20,833 [INFO] [4506/5283] 688186.SH 写入 0 条
2026-06-16 14:47:21,368 [INFO] [4507/5283] 688187.SH 写入 0 条
2026-06-16 14:47:21,872 [INFO] [4508/5283] 688188.SH 写入 0 条
2026-06-16 14:47:22,368 [INFO] [4509/5283] 688190.SH 写入 0 条
2026-06-16 14:47:22,905 [INFO] [4510/5283] 688191.SH 写入 0 条
2026-06-16 14:47:23,426 [INFO] [4511/5283] 688192.SH 写入 0 条
2026-06-16 14:47:23,950 [INFO] [4512/5283] 688193.SH 写入 0 条
2026-06-16 14:47:24,450 [INFO] [4513/5283] 688195.SH 写入 0 条
2026-06-16 14:47:24,971 [INFO] [4514/5283] 688196.SH 写入 0 条
2026-06-16 14:47:25,485 [INFO] [4515/5283] 688197.SH 写入 0 条
2026-06-16 14:47:25,969 [INFO] [4516/5283] 688198.SH 写入 0 条
2026-06-16 14:47:26,505 [INFO] [4517/5283] 688199.SH 写入 0 条
2026-06-16 14:47:27,007 [INFO] [4518/5283] 688200.SH 写入 0 条
2026-06-16 14:47:27,521 [INFO] [4519/5283] 688202.SH 写入 0 条
2026-06-16 14:47:28,033 [INFO] [4520/5283] 688203.SH 写入 0 条
2026-06-16 14:47:28,548 [INFO] [4521/5283] 688205.SH 写入 0 条
2026-06-16 14:47:29,057 [INFO] [4522/5283] 688206.SH 写入 0 条
2026-06-16 14:47:29,570 [INFO] [4523/5283] 688207.SH 写入 0 条
2026-06-16 14:47:30,065 [INFO] [4524/5283] 688208.SH 写入 0 条
2026-06-16 14:47:30,590 [INFO] [4525/5283] 688209.SH 写入 0 条
2026-06-16 14:47:31,100 [INFO] [4526/5283] 688210.SH 写入 0 条
2026-06-16 14:47:31,622 [INFO] [4527/5283] 688211.SH 写入 0 条
2026-06-16 14:47:32,142 [INFO] [4528/5283] 688212.SH 写入 0 条
2026-06-16 14:47:32,635 [INFO] [4529/5283] 688213.SH 写入 0 条
2026-06-16 14:47:33,137 [INFO] [4530/5283] 688215.SH 写入 0 条
2026-06-16 14:47:33,640 [INFO] [4531/5283] 688216.SH 写入 0 条
2026-06-16 14:47:34,139 [INFO] [4532/5283] 688217.SH 写入 0 条
2026-06-16 14:47:34,685 [INFO] [4533/5283] 688218.SH 写入 0 条
2026-06-16 14:47:35,174 [INFO] [4534/5283] 688219.SH 写入 0 条
2026-06-16 14:47:35,685 [INFO] [4535/5283] 688220.SH 写入 0 条
2026-06-16 14:47:36,182 [INFO] [4536/5283] 688221.SH 写入 0 条
2026-06-16 14:47:36,705 [INFO] [4537/5283] 688222.SH 写入 0 条
2026-06-16 14:47:37,218 [INFO] [4538/5283] 688223.SH 写入 0 条
2026-06-16 14:47:37,728 [INFO] [4539/5283] 688225.SH 写入 0 条
2026-06-16 14:47:38,254 [INFO] [4540/5283] 688226.SH 写入 0 条
2026-06-16 14:47:38,754 [INFO] [4541/5283] 688227.SH 写入 0 条
2026-06-16 14:47:39,308 [INFO] [4542/5283] 688228.SH 写入 0 条
2026-06-16 14:47:39,800 [INFO] [4543/5283] 688229.SH 写入 0 条
2026-06-16 14:47:40,295 [INFO] [4544/5283] 688230.SH 写入 0 条
2026-06-16 14:47:40,793 [INFO] [4545/5283] 688231.SH 写入 0 条
2026-06-16 14:47:41,285 [INFO] [4546/5283] 688232.SH 写入 0 条
2026-06-16 14:47:41,799 [INFO] [4547/5283] 688233.SH 写入 0 条
2026-06-16 14:47:42,313 [INFO] [4548/5283] 688234.SH 写入 0 条
2026-06-16 14:47:42,812 [INFO] [4549/5283] 688235.SH 写入 0 条
2026-06-16 14:47:43,302 [INFO] [4550/5283] 688236.SH 写入 0 条
2026-06-16 14:47:43,669 [INFO] 进度: 已完成 4550, 失败 0, 跳过 0
2026-06-16 14:47:43,806 [INFO] [4551/5283] 688237.SH 写入 0 条
2026-06-16 14:47:44,334 [INFO] [4552/5283] 688238.SH 写入 0 条
2026-06-16 14:47:44,835 [INFO] [4553/5283] 688239.SH 写入 0 条
2026-06-16 14:47:45,333 [INFO] [4554/5283] 688244.SH 写入 0 条
2026-06-16 14:47:45,823 [INFO] [4555/5283] 688246.SH 写入 0 条
2026-06-16 14:47:46,322 [INFO] [4556/5283] 688247.SH 写入 0 条
2026-06-16 14:47:46,806 [INFO] [4557/5283] 688248.SH 写入 0 条
2026-06-16 14:47:47,302 [INFO] [4558/5283] 688249.SH 写入 0 条
2026-06-16 14:47:47,798 [INFO] [4559/5283] 688251.SH 写入 0 条
2026-06-16 14:47:48,306 [INFO] [4560/5283] 688252.SH 写入 0 条
2026-06-16 14:47:48,809 [INFO] [4561/5283] 688253.SH 写入 0 条
2026-06-16 14:47:49,363 [INFO] [4562/5283] 688255.SH 写入 0 条
2026-06-16 14:47:49,853 [INFO] [4563/5283] 688256.SH 写入 0 条
2026-06-16 14:47:50,383 [INFO] [4564/5283] 688257.SH 写入 0 条
2026-06-16 14:47:50,872 [INFO] [4565/5283] 688258.SH 写入 0 条
2026-06-16 14:47:51,366 [INFO] [4566/5283] 688259.SH 写入 0 条
2026-06-16 14:47:51,885 [INFO] [4567/5283] 688260.SH 写入 0 条
2026-06-16 14:47:52,379 [INFO] [4568/5283] 688261.SH 写入 0 条
2026-06-16 14:47:52,866 [INFO] [4569/5283] 688262.SH 写入 0 条
2026-06-16 14:47:53,413 [INFO] [4570/5283] 688265.SH 写入 0 条
2026-06-16 14:47:53,924 [INFO] [4571/5283] 688266.SH 写入 0 条
2026-06-16 14:47:54,426 [INFO] [4572/5283] 688267.SH 写入 0 条
2026-06-16 14:47:54,940 [INFO] [4573/5283] 688268.SH 写入 0 条
2026-06-16 14:47:55,450 [INFO] [4574/5283] 688269.SH 写入 0 条
2026-06-16 14:47:55,926 [INFO] [4575/5283] 688271.SH 写入 0 条
2026-06-16 14:47:56,425 [INFO] [4576/5283] 688272.SH 写入 0 条
2026-06-16 14:47:56,930 [INFO] [4577/5283] 688273.SH 写入 0 条
2026-06-16 14:47:57,419 [INFO] [4578/5283] 688275.SH 写入 0 条
2026-06-16 14:47:57,932 [INFO] [4579/5283] 688276.SH 写入 0 条
2026-06-16 14:47:58,445 [INFO] [4580/5283] 688277.SH 写入 0 条
2026-06-16 14:47:58,956 [INFO] [4581/5283] 688278.SH 写入 0 条
2026-06-16 14:47:59,458 [INFO] [4582/5283] 688279.SH 写入 0 条
2026-06-16 14:47:59,964 [INFO] [4583/5283] 688280.SH 写入 0 条
2026-06-16 14:48:00,465 [INFO] [4584/5283] 688281.SH 写入 0 条
2026-06-16 14:48:00,944 [INFO] [4585/5283] 688282.SH 写入 0 条
2026-06-16 14:48:01,442 [INFO] [4586/5283] 688283.SH 写入 0 条
2026-06-16 14:48:01,953 [INFO] [4587/5283] 688285.SH 写入 0 条
2026-06-16 14:48:02,464 [INFO] [4588/5283] 688286.SH 写入 0 条
2026-06-16 14:48:02,972 [INFO] [4589/5283] 688288.SH 写入 0 条
2026-06-16 14:48:03,480 [INFO] [4590/5283] 688289.SH 写入 0 条
2026-06-16 14:48:03,977 [INFO] [4591/5283] 688290.SH 写入 0 条
2026-06-16 14:48:04,497 [INFO] [4592/5283] 688291.SH 写入 0 条
2026-06-16 14:48:05,010 [INFO] [4593/5283] 688292.SH 写入 0 条
2026-06-16 14:48:05,506 [INFO] [4594/5283] 688293.SH 写入 0 条
2026-06-16 14:48:05,994 [INFO] [4595/5283] 688295.SH 写入 0 条
2026-06-16 14:48:06,516 [INFO] [4596/5283] 688296.SH 写入 0 条
2026-06-16 14:48:07,015 [INFO] [4597/5283] 688297.SH 写入 0 条
2026-06-16 14:48:07,524 [INFO] [4598/5283] 688298.SH 写入 0 条
2026-06-16 14:48:08,040 [INFO] [4599/5283] 688299.SH 写入 0 条
2026-06-16 14:48:08,574 [INFO] [4600/5283] 688300.SH 写入 0 条
2026-06-16 14:48:08,951 [INFO] 进度: 已完成 4600, 失败 0, 跳过 0
2026-06-16 14:48:09,124 [INFO] [4601/5283] 688301.SH 写入 0 条
2026-06-16 14:48:09,584 [INFO] [4602/5283] 688302.SH 写入 0 条
2026-06-16 14:48:10,162 [INFO] [4603/5283] 688303.SH 写入 0 条
2026-06-16 14:48:10,673 [INFO] [4604/5283] 688305.SH 写入 0 条
2026-06-16 14:48:11,178 [INFO] [4605/5283] 688306.SH 写入 0 条
2026-06-16 14:48:11,656 [INFO] [4606/5283] 688307.SH 写入 0 条
2026-06-16 14:48:12,180 [INFO] [4607/5283] 688308.SH 写入 0 条
2026-06-16 14:48:12,696 [INFO] [4608/5283] 688309.SH 写入 0 条
2026-06-16 14:48:13,225 [INFO] [4609/5283] 688310.SH 写入 0 条
2026-06-16 14:48:13,726 [INFO] [4610/5283] 688311.SH 写入 0 条
2026-06-16 14:48:14,242 [INFO] [4611/5283] 688312.SH 写入 0 条
2026-06-16 14:48:14,763 [INFO] [4612/5283] 688313.SH 写入 0 条
2026-06-16 14:48:15,268 [INFO] [4613/5283] 688314.SH 写入 0 条
2026-06-16 14:48:15,786 [INFO] [4614/5283] 688315.SH 写入 0 条
2026-06-16 14:48:16,289 [INFO] [4615/5283] 688316.SH 写入 0 条
2026-06-16 14:48:16,818 [INFO] [4616/5283] 688317.SH 写入 0 条
2026-06-16 14:48:17,324 [INFO] [4617/5283] 688318.SH 写入 0 条
2026-06-16 14:48:17,842 [INFO] [4618/5283] 688319.SH 写入 0 条
2026-06-16 14:48:18,402 [INFO] [4619/5283] 688320.SH 写入 0 条
2026-06-16 14:48:18,915 [INFO] [4620/5283] 688321.SH 写入 0 条
2026-06-16 14:48:19,428 [INFO] [4621/5283] 688322.SH 写入 0 条
2026-06-16 14:48:19,927 [INFO] [4622/5283] 688323.SH 写入 0 条
2026-06-16 14:48:20,434 [INFO] [4623/5283] 688325.SH 写入 0 条
2026-06-16 14:48:20,907 [INFO] [4624/5283] 688326.SH 写入 0 条
2026-06-16 14:48:21,413 [INFO] [4625/5283] 688327.SH 写入 0 条
2026-06-16 14:48:21,919 [INFO] [4626/5283] 688328.SH 写入 0 条
2026-06-16 14:48:22,445 [INFO] [4627/5283] 688329.SH 写入 0 条
2026-06-16 14:48:22,949 [INFO] [4628/5283] 688330.SH 写入 0 条
2026-06-16 14:48:23,449 [INFO] [4629/5283] 688331.SH 写入 0 条
2026-06-16 14:48:23,948 [INFO] [4630/5283] 688332.SH 写入 0 条
2026-06-16 14:48:24,456 [INFO] [4631/5283] 688333.SH 写入 0 条
2026-06-16 14:48:24,948 [INFO] [4632/5283] 688334.SH 写入 0 条
2026-06-16 14:48:25,482 [INFO] [4633/5283] 688335.SH 写入 0 条
2026-06-16 14:48:25,991 [INFO] [4634/5283] 688336.SH 写入 0 条
2026-06-16 14:48:26,484 [INFO] [4635/5283] 688337.SH 写入 0 条
2026-06-16 14:48:27,000 [INFO] [4636/5283] 688338.SH 写入 0 条
2026-06-16 14:48:27,514 [INFO] [4637/5283] 688339.SH 写入 0 条
2026-06-16 14:48:27,989 [INFO] [4638/5283] 688343.SH 写入 0 条
2026-06-16 14:48:28,495 [INFO] [4639/5283] 688345.SH 写入 0 条
2026-06-16 14:48:29,000 [INFO] [4640/5283] 688347.SH 写入 0 条
2026-06-16 14:48:29,512 [INFO] [4641/5283] 688348.SH 写入 0 条
2026-06-16 14:48:30,024 [INFO] [4642/5283] 688349.SH 写入 0 条
2026-06-16 14:48:30,540 [INFO] [4643/5283] 688350.SH 写入 0 条
2026-06-16 14:48:31,050 [INFO] [4644/5283] 688351.SH 写入 0 条
2026-06-16 14:48:31,542 [INFO] [4645/5283] 688352.SH 写入 0 条
2026-06-16 14:48:32,042 [INFO] [4646/5283] 688353.SH 写入 0 条
2026-06-16 14:48:32,540 [INFO] [4647/5283] 688355.SH 写入 0 条
2026-06-16 14:48:33,044 [INFO] [4648/5283] 688356.SH 写入 0 条
2026-06-16 14:48:33,553 [INFO] [4649/5283] 688357.SH 写入 0 条
2026-06-16 14:48:34,057 [INFO] [4650/5283] 688358.SH 写入 0 条
2026-06-16 14:48:34,431 [INFO] 进度: 已完成 4650, 失败 0, 跳过 0
2026-06-16 14:48:34,582 [INFO] [4651/5283] 688359.SH 写入 0 条
2026-06-16 14:48:35,108 [INFO] [4652/5283] 688360.SH 写入 0 条
2026-06-16 14:48:35,591 [INFO] [4653/5283] 688361.SH 写入 0 条
2026-06-16 14:48:36,085 [INFO] [4654/5283] 688362.SH 写入 0 条
2026-06-16 14:48:36,576 [INFO] [4655/5283] 688363.SH 写入 0 条
2026-06-16 14:48:37,084 [INFO] [4656/5283] 688365.SH 写入 0 条
2026-06-16 14:48:37,588 [INFO] [4657/5283] 688366.SH 写入 0 条
2026-06-16 14:48:38,111 [INFO] [4658/5283] 688367.SH 写入 0 条
2026-06-16 14:48:38,639 [INFO] [4659/5283] 688368.SH 写入 0 条
2026-06-16 14:48:39,134 [INFO] [4660/5283] 688369.SH 写入 0 条
2026-06-16 14:48:39,616 [INFO] [4661/5283] 688370.SH 写入 0 条
2026-06-16 14:48:40,123 [INFO] [4662/5283] 688371.SH 写入 0 条
2026-06-16 14:48:40,630 [INFO] [4663/5283] 688372.SH 写入 0 条
2026-06-16 14:48:41,120 [INFO] [4664/5283] 688373.SH 写入 0 条
2026-06-16 14:48:41,638 [INFO] [4665/5283] 688375.SH 写入 0 条
2026-06-16 14:48:42,146 [INFO] [4666/5283] 688376.SH 写入 0 条
2026-06-16 14:48:42,648 [INFO] [4667/5283] 688377.SH 写入 0 条
2026-06-16 14:48:43,144 [INFO] [4668/5283] 688378.SH 写入 0 条
2026-06-16 14:48:43,656 [INFO] [4669/5283] 688379.SH 写入 0 条
2026-06-16 14:48:44,154 [INFO] [4670/5283] 688380.SH 写入 0 条
2026-06-16 14:48:44,664 [INFO] [4671/5283] 688381.SH 写入 0 条
2026-06-16 14:48:45,194 [INFO] [4672/5283] 688382.SH 写入 0 条
2026-06-16 14:48:45,717 [INFO] [4673/5283] 688383.SH 写入 0 条
2026-06-16 14:48:46,225 [INFO] [4674/5283] 688385.SH 写入 0 条
2026-06-16 14:48:46,737 [INFO] [4675/5283] 688386.SH 写入 0 条
2026-06-16 14:48:47,225 [INFO] [4676/5283] 688387.SH 写入 0 条
2026-06-16 14:48:47,767 [INFO] [4677/5283] 688388.SH 写入 0 条
2026-06-16 14:48:48,257 [INFO] [4678/5283] 688389.SH 写入 0 条
2026-06-16 14:48:48,765 [INFO] [4679/5283] 688390.SH 写入 0 条
2026-06-16 14:48:49,302 [INFO] [4680/5283] 688391.SH 写入 0 条
2026-06-16 14:48:49,778 [INFO] [4681/5283] 688392.SH 写入 0 条
2026-06-16 14:48:50,275 [INFO] [4682/5283] 688393.SH 写入 0 条
2026-06-16 14:48:50,793 [INFO] [4683/5283] 688395.SH 写入 0 条
2026-06-16 14:48:51,301 [INFO] [4684/5283] 688396.SH 写入 0 条
2026-06-16 14:48:51,820 [INFO] [4685/5283] 688398.SH 写入 0 条
2026-06-16 14:48:52,313 [INFO] [4686/5283] 688399.SH 写入 0 条
2026-06-16 14:48:52,811 [INFO] [4687/5283] 688400.SH 写入 0 条
2026-06-16 14:48:53,308 [INFO] [4688/5283] 688401.SH 写入 0 条
2026-06-16 14:48:53,810 [INFO] [4689/5283] 688403.SH 写入 0 条
2026-06-16 14:48:54,300 [INFO] [4690/5283] 688408.SH 写入 0 条
2026-06-16 14:48:54,814 [INFO] [4691/5283] 688409.SH 写入 0 条
2026-06-16 14:48:55,326 [INFO] [4692/5283] 688410.SH 写入 0 条
2026-06-16 14:48:55,799 [INFO] [4693/5283] 688411.SH 写入 0 条
2026-06-16 14:48:56,304 [INFO] [4694/5283] 688416.SH 写入 0 条
2026-06-16 14:48:56,822 [INFO] [4695/5283] 688418.SH 写入 0 条
2026-06-16 14:48:57,359 [INFO] [4696/5283] 688419.SH 写入 0 条
2026-06-16 14:48:57,857 [INFO] [4697/5283] 688420.SH 写入 0 条
2026-06-16 14:48:58,368 [INFO] [4698/5283] 688425.SH 写入 0 条
2026-06-16 14:48:58,874 [INFO] [4699/5283] 688426.SH 写入 0 条
2026-06-16 14:48:59,384 [INFO] [4700/5283] 688428.SH 写入 0 条
2026-06-16 14:48:59,748 [INFO] 进度: 已完成 4700, 失败 0, 跳过 0
2026-06-16 14:48:59,899 [INFO] [4701/5283] 688429.SH 写入 0 条
2026-06-16 14:49:00,410 [INFO] [4702/5283] 688432.SH 写入 0 条
2026-06-16 14:49:00,873 [INFO] [4703/5283] 688433.SH 写入 0 条
2026-06-16 14:49:01,380 [INFO] [4704/5283] 688435.SH 写入 0 条
2026-06-16 14:49:01,885 [INFO] [4705/5283] 688439.SH 写入 0 条
2026-06-16 14:49:02,388 [INFO] [4706/5283] 688443.SH 写入 0 条
2026-06-16 14:49:02,855 [INFO] [4707/5283] 688448.SH 写入 0 条
2026-06-16 14:49:03,320 [INFO] [4708/5283] 688449.SH 写入 0 条
2026-06-16 14:49:03,827 [INFO] [4709/5283] 688450.SH 写入 0 条
2026-06-16 14:49:04,289 [INFO] [4710/5283] 688455.SH 写入 0 条
2026-06-16 14:49:04,799 [INFO] [4711/5283] 688456.SH 写入 0 条
2026-06-16 14:49:05,293 [INFO] [4712/5283] 688458.SH 写入 0 条
2026-06-16 14:49:05,784 [INFO] [4713/5283] 688459.SH 写入 0 条
2026-06-16 14:49:06,336 [INFO] [4714/5283] 688466.SH 写入 0 条
2026-06-16 14:49:06,833 [INFO] [4715/5283] 688468.SH 写入 0 条
2026-06-16 14:49:07,315 [INFO] [4716/5283] 688469.SH 写入 0 条
2026-06-16 14:49:07,819 [INFO] [4717/5283] 688472.SH 写入 0 条
2026-06-16 14:49:08,323 [INFO] [4718/5283] 688475.SH 写入 0 条
2026-06-16 14:49:08,818 [INFO] [4719/5283] 688478.SH 写入 0 条
2026-06-16 14:49:09,317 [INFO] [4720/5283] 688479.SH 写入 0 条
2026-06-16 14:49:09,832 [INFO] [4721/5283] 688480.SH 写入 0 条
2026-06-16 14:49:10,334 [INFO] [4722/5283] 688484.SH 写入 0 条
2026-06-16 14:49:10,813 [INFO] [4723/5283] 688485.SH 写入 0 条
2026-06-16 14:49:11,313 [INFO] [4724/5283] 688486.SH 写入 0 条
2026-06-16 14:49:11,825 [INFO] [4725/5283] 688488.SH 写入 0 条
2026-06-16 14:49:12,333 [INFO] [4726/5283] 688489.SH 写入 0 条
2026-06-16 14:49:12,826 [INFO] [4727/5283] 688498.SH 写入 0 条
2026-06-16 14:49:13,327 [INFO] [4728/5283] 688499.SH 写入 0 条
2026-06-16 14:49:13,838 [INFO] [4729/5283] 688500.SH 写入 0 条
2026-06-16 14:49:14,338 [INFO] [4730/5283] 688501.SH 写入 0 条
2026-06-16 14:49:14,839 [INFO] [4731/5283] 688502.SH 写入 0 条
2026-06-16 14:49:15,326 [INFO] [4732/5283] 688503.SH 写入 0 条
2026-06-16 14:49:15,850 [INFO] [4733/5283] 688505.SH 写入 0 条
2026-06-16 14:49:16,483 [INFO] [4734/5283] 688506.SH 写入 0 条
2026-06-16 14:49:16,985 [INFO] [4735/5283] 688507.SH 写入 0 条
2026-06-16 14:49:17,516 [INFO] [4736/5283] 688508.SH 写入 0 条
2026-06-16 14:49:18,002 [INFO] [4737/5283] 688509.SH 写入 0 条
2026-06-16 14:49:18,496 [INFO] [4738/5283] 688510.SH 写入 0 条
2026-06-16 14:49:18,994 [INFO] [4739/5283] 688511.SH 写入 0 条
2026-06-16 14:49:19,487 [INFO] [4740/5283] 688512.SH 写入 0 条
2026-06-16 14:49:20,009 [INFO] [4741/5283] 688513.SH 写入 0 条
2026-06-16 14:49:20,510 [INFO] [4742/5283] 688515.SH 写入 0 条
2026-06-16 14:49:20,990 [INFO] [4743/5283] 688516.SH 写入 0 条
2026-06-16 14:49:21,483 [INFO] [4744/5283] 688517.SH 写入 0 条
2026-06-16 14:49:22,011 [INFO] [4745/5283] 688518.SH 写入 0 条
2026-06-16 14:49:22,520 [INFO] [4746/5283] 688519.SH 写入 0 条
2026-06-16 14:49:23,040 [INFO] [4747/5283] 688520.SH 写入 0 条
2026-06-16 14:49:23,563 [INFO] [4748/5283] 688521.SH 写入 0 条
2026-06-16 14:49:24,044 [INFO] [4749/5283] 688522.SH 写入 0 条
2026-06-16 14:49:24,556 [INFO] [4750/5283] 688523.SH 写入 0 条
2026-06-16 14:49:24,928 [INFO] 进度: 已完成 4750, 失败 0, 跳过 0
2026-06-16 14:49:25,050 [INFO] [4751/5283] 688525.SH 写入 0 条
2026-06-16 14:49:25,564 [INFO] [4752/5283] 688526.SH 写入 0 条
2026-06-16 14:49:26,064 [INFO] [4753/5283] 688528.SH 写入 0 条
2026-06-16 14:49:26,586 [INFO] [4754/5283] 688529.SH 写入 0 条
2026-06-16 14:49:27,086 [INFO] [4755/5283] 688530.SH 写入 0 条
2026-06-16 14:49:27,600 [INFO] [4756/5283] 688531.SH 写入 0 条
2026-06-16 14:49:28,118 [INFO] [4757/5283] 688533.SH 写入 0 条
2026-06-16 14:49:28,648 [INFO] [4758/5283] 688535.SH 写入 0 条
2026-06-16 14:49:29,155 [INFO] [4759/5283] 688536.SH 写入 0 条
2026-06-16 14:49:29,673 [INFO] [4760/5283] 688538.SH 写入 0 条
2026-06-16 14:49:30,182 [INFO] [4761/5283] 688539.SH 写入 0 条
2026-06-16 14:49:30,701 [INFO] [4762/5283] 688543.SH 写入 0 条
2026-06-16 14:49:31,211 [INFO] [4763/5283] 688545.SH 写入 0 条
2026-06-16 14:49:31,695 [INFO] [4764/5283] 688548.SH 写入 0 条
2026-06-16 14:49:32,180 [INFO] [4765/5283] 688549.SH 写入 0 条
2026-06-16 14:49:32,698 [INFO] [4766/5283] 688550.SH 写入 0 条
2026-06-16 14:49:33,185 [INFO] [4767/5283] 688551.SH 写入 0 条
2026-06-16 14:49:33,677 [INFO] [4768/5283] 688552.SH 写入 0 条
2026-06-16 14:49:34,216 [INFO] [4769/5283] 688553.SH 写入 0 条
2026-06-16 14:49:34,743 [INFO] [4770/5283] 688556.SH 写入 0 条
2026-06-16 14:49:35,243 [INFO] [4771/5283] 688557.SH 写入 0 条
2026-06-16 14:49:35,761 [INFO] [4772/5283] 688558.SH 写入 0 条
2026-06-16 14:49:36,255 [INFO] [4773/5283] 688559.SH 写入 0 条
2026-06-16 14:49:36,772 [INFO] [4774/5283] 688560.SH 写入 0 条
2026-06-16 14:49:37,299 [INFO] [4775/5283] 688561.SH 写入 0 条
2026-06-16 14:49:37,799 [INFO] [4776/5283] 688562.SH 写入 0 条
2026-06-16 14:49:38,269 [INFO] [4777/5283] 688563.SH 写入 0 条
2026-06-16 14:49:38,786 [INFO] [4778/5283] 688565.SH 写入 0 条
2026-06-16 14:49:39,296 [INFO] [4779/5283] 688566.SH 写入 0 条
2026-06-16 14:49:39,787 [INFO] [4780/5283] 688567.SH 写入 0 条
2026-06-16 14:49:40,278 [INFO] [4781/5283] 688568.SH 写入 0 条
2026-06-16 14:49:40,801 [INFO] [4782/5283] 688569.SH 写入 0 条
2026-06-16 14:49:41,304 [INFO] [4783/5283] 688570.SH 写入 0 条
2026-06-16 14:49:41,822 [INFO] [4784/5283] 688571.SH 写入 0 条
2026-06-16 14:49:42,349 [INFO] [4785/5283] 688573.SH 写入 0 条
2026-06-16 14:49:42,869 [INFO] [4786/5283] 688575.SH 写入 0 条
2026-06-16 14:49:43,371 [INFO] [4787/5283] 688576.SH 写入 0 条
2026-06-16 14:49:43,889 [INFO] [4788/5283] 688577.SH 写入 0 条
2026-06-16 14:49:44,405 [INFO] [4789/5283] 688578.SH 写入 0 条
2026-06-16 14:49:44,907 [INFO] [4790/5283] 688579.SH 写入 0 条
2026-06-16 14:49:45,430 [INFO] [4791/5283] 688580.SH 写入 0 条
2026-06-16 14:49:45,913 [INFO] [4792/5283] 688581.SH 写入 0 条
2026-06-16 14:49:46,412 [INFO] [4793/5283] 688582.SH 写入 0 条
2026-06-16 14:49:46,879 [INFO] [4794/5283] 688583.SH 写入 0 条
2026-06-16 14:49:47,373 [INFO] [4795/5283] 688584.SH 写入 0 条
2026-06-16 14:49:47,879 [INFO] [4796/5283] 688585.SH 写入 0 条
2026-06-16 14:49:48,395 [INFO] [4797/5283] 688586.SH 写入 0 条
2026-06-16 14:49:48,930 [INFO] [4798/5283] 688588.SH 写入 0 条
2026-06-16 14:49:49,477 [INFO] [4799/5283] 688589.SH 写入 0 条
2026-06-16 14:49:49,976 [INFO] [4800/5283] 688590.SH 写入 0 条
2026-06-16 14:49:50,339 [INFO] 进度: 已完成 4800, 失败 0, 跳过 0
2026-06-16 14:49:50,464 [INFO] [4801/5283] 688591.SH 写入 0 条
2026-06-16 14:49:50,954 [INFO] [4802/5283] 688592.SH 写入 0 条
2026-06-16 14:49:51,461 [INFO] [4803/5283] 688593.SH 写入 0 条
2026-06-16 14:49:51,976 [INFO] [4804/5283] 688595.SH 写入 0 条
2026-06-16 14:49:52,489 [INFO] [4805/5283] 688596.SH 写入 0 条
2026-06-16 14:49:53,022 [INFO] [4806/5283] 688597.SH 写入 0 条
2026-06-16 14:49:53,552 [INFO] [4807/5283] 688598.SH 写入 0 条
2026-06-16 14:49:54,040 [INFO] [4808/5283] 688599.SH 写入 0 条
2026-06-16 14:49:54,528 [INFO] [4809/5283] 688600.SH 写入 0 条
2026-06-16 14:49:55,027 [INFO] [4810/5283] 688601.SH 写入 0 条
2026-06-16 14:49:55,511 [INFO] [4811/5283] 688602.SH 写入 0 条
2026-06-16 14:49:55,989 [INFO] [4812/5283] 688603.SH 写入 0 条
2026-06-16 14:49:56,476 [INFO] [4813/5283] 688605.SH 写入 0 条
2026-06-16 14:49:56,982 [INFO] [4814/5283] 688606.SH 写入 0 条
2026-06-16 14:49:57,484 [INFO] [4815/5283] 688607.SH 写入 0 条
2026-06-16 14:49:57,983 [INFO] [4816/5283] 688608.SH 写入 0 条
2026-06-16 14:49:58,496 [INFO] [4817/5283] 688609.SH 写入 0 条
2026-06-16 14:49:58,973 [INFO] [4818/5283] 688610.SH 写入 0 条
2026-06-16 14:49:59,498 [INFO] [4819/5283] 688611.SH 写入 0 条
2026-06-16 14:50:00,003 [INFO] [4820/5283] 688612.SH 写入 0 条
2026-06-16 14:50:00,482 [INFO] [4821/5283] 688613.SH 写入 0 条
2026-06-16 14:50:00,950 [INFO] [4822/5283] 688615.SH 写入 0 条
2026-06-16 14:50:01,434 [INFO] [4823/5283] 688616.SH 写入 0 条
2026-06-16 14:50:02,020 [INFO] [4824/5283] 688617.SH 写入 0 条
2026-06-16 14:50:02,523 [INFO] [4825/5283] 688618.SH 写入 0 条
2026-06-16 14:50:03,099 [INFO] [4826/5283] 688619.SH 写入 0 条
2026-06-16 14:50:03,600 [INFO] [4827/5283] 688620.SH 写入 0 条
2026-06-16 14:50:04,115 [INFO] [4828/5283] 688621.SH 写入 0 条
2026-06-16 14:50:04,698 [INFO] [4829/5283] 688623.SH 写入 0 条
2026-06-16 14:50:05,203 [INFO] [4830/5283] 688625.SH 写入 0 条
2026-06-16 14:50:05,704 [INFO] [4831/5283] 688626.SH 写入 0 条
2026-06-16 14:50:07,162 [INFO] [4832/5283] 688627.SH 写入 0 条
2026-06-16 14:50:07,651 [INFO] [4833/5283] 688628.SH 写入 0 条
2026-06-16 14:50:08,147 [INFO] [4834/5283] 688629.SH 写入 0 条
2026-06-16 14:50:08,629 [INFO] [4835/5283] 688630.SH 写入 0 条
2026-06-16 14:50:09,124 [INFO] [4836/5283] 688631.SH 写入 0 条
2026-06-16 14:50:09,631 [INFO] [4837/5283] 688633.SH 写入 0 条
2026-06-16 14:50:10,179 [INFO] [4838/5283] 688636.SH 写入 0 条
2026-06-16 14:50:10,656 [INFO] [4839/5283] 688638.SH 写入 0 条
2026-06-16 14:50:11,158 [INFO] [4840/5283] 688639.SH 写入 0 条
2026-06-16 14:50:11,632 [INFO] [4841/5283] 688648.SH 写入 0 条
2026-06-16 14:50:12,181 [INFO] [4842/5283] 688651.SH 写入 0 条
2026-06-16 14:50:12,644 [INFO] [4843/5283] 688652.SH 写入 0 条
2026-06-16 14:50:13,145 [INFO] [4844/5283] 688653.SH 写入 0 条
2026-06-16 14:50:13,652 [INFO] [4845/5283] 688655.SH 写入 0 条
2026-06-16 14:50:14,154 [INFO] [4846/5283] 688656.SH 写入 0 条
2026-06-16 14:50:14,668 [INFO] [4847/5283] 688657.SH 写入 0 条
2026-06-16 14:50:15,173 [INFO] [4848/5283] 688658.SH 写入 0 条
2026-06-16 14:50:15,658 [INFO] [4849/5283] 688659.SH 写入 0 条
2026-06-16 14:50:16,168 [INFO] [4850/5283] 688660.SH 写入 0 条
2026-06-16 14:50:16,544 [INFO] 进度: 已完成 4850, 失败 0, 跳过 0
2026-06-16 14:50:16,704 [INFO] [4851/5283] 688661.SH 写入 0 条
2026-06-16 14:50:17,227 [INFO] [4852/5283] 688662.SH 写入 0 条
2026-06-16 14:50:17,752 [INFO] [4853/5283] 688663.SH 写入 0 条
2026-06-16 14:50:18,278 [INFO] [4854/5283] 688665.SH 写入 0 条
2026-06-16 14:50:18,777 [INFO] [4855/5283] 688667.SH 写入 0 条
2026-06-16 14:50:19,270 [INFO] [4856/5283] 688668.SH 写入 0 条
2026-06-16 14:50:19,787 [INFO] [4857/5283] 688669.SH 写入 0 条
2026-06-16 14:50:20,309 [INFO] [4858/5283] 688670.SH 写入 0 条
2026-06-16 14:50:20,792 [INFO] [4859/5283] 688671.SH 写入 0 条
2026-06-16 14:50:21,298 [INFO] [4860/5283] 688676.SH 写入 0 条
2026-06-16 14:50:21,818 [INFO] [4861/5283] 688677.SH 写入 0 条
2026-06-16 14:50:22,329 [INFO] [4862/5283] 688678.SH 写入 0 条
2026-06-16 14:50:22,873 [INFO] [4863/5283] 688679.SH 写入 0 条
2026-06-16 14:50:23,467 [INFO] [4864/5283] 688680.SH 写入 0 条
2026-06-16 14:50:24,087 [INFO] [4865/5283] 688681.SH 写入 0 条
2026-06-16 14:50:24,609 [INFO] [4866/5283] 688682.SH 写入 0 条
2026-06-16 14:50:25,120 [INFO] [4867/5283] 688683.SH 写入 0 条
2026-06-16 14:50:25,644 [INFO] [4868/5283] 688685.SH 写入 0 条
2026-06-16 14:50:26,159 [INFO] [4869/5283] 688686.SH 写入 0 条
2026-06-16 14:50:26,725 [INFO] [4870/5283] 688687.SH 写入 0 条
2026-06-16 14:50:27,240 [INFO] [4871/5283] 688689.SH 写入 0 条
2026-06-16 14:50:27,742 [INFO] [4872/5283] 688690.SH 写入 0 条
2026-06-16 14:50:28,228 [INFO] [4873/5283] 688691.SH 写入 0 条
2026-06-16 14:50:28,728 [INFO] [4874/5283] 688692.SH 写入 0 条
2026-06-16 14:50:29,234 [INFO] [4875/5283] 688693.SH 写入 0 条
2026-06-16 14:50:29,722 [INFO] [4876/5283] 688695.SH 写入 0 条
2026-06-16 14:50:30,222 [INFO] [4877/5283] 688696.SH 写入 0 条
2026-06-16 14:50:30,724 [INFO] [4878/5283] 688697.SH 写入 0 条
2026-06-16 14:50:31,258 [INFO] [4879/5283] 688698.SH 写入 0 条
2026-06-16 14:50:31,790 [INFO] [4880/5283] 688699.SH 写入 0 条
2026-06-16 14:50:32,315 [INFO] [4881/5283] 688700.SH 写入 0 条
2026-06-16 14:50:32,845 [INFO] [4882/5283] 688701.SH 写入 0 条
2026-06-16 14:50:33,324 [INFO] [4883/5283] 688702.SH 写入 0 条
2026-06-16 14:50:33,810 [INFO] [4884/5283] 688707.SH 写入 0 条
2026-06-16 14:50:34,288 [INFO] [4885/5283] 688708.SH 写入 0 条
2026-06-16 14:50:34,783 [INFO] [4886/5283] 688709.SH 写入 0 条
2026-06-16 14:50:35,265 [INFO] [4887/5283] 688710.SH 写入 0 条
2026-06-16 14:50:35,795 [INFO] [4888/5283] 688711.SH 写入 0 条
2026-06-16 14:50:36,363 [INFO] [4889/5283] 688716.SH 写入 0 条
2026-06-16 14:50:36,849 [INFO] [4890/5283] 688717.SH 写入 0 条
2026-06-16 14:50:37,342 [INFO] [4891/5283] 688718.SH 写入 0 条
2026-06-16 14:50:37,855 [INFO] [4892/5283] 688719.SH 写入 0 条
2026-06-16 14:50:38,546 [INFO] [4893/5283] 688720.SH 写入 0 条
2026-06-16 14:50:39,061 [INFO] [4894/5283] 688721.SH 写入 0 条
2026-06-16 14:50:39,579 [INFO] [4895/5283] 688722.SH 写入 0 条
2026-06-16 14:50:40,327 [INFO] [4896/5283] 688726.SH 写入 0 条
2026-06-16 14:50:41,345 [INFO] [4897/5283] 688727.SH 写入 0 条
2026-06-16 14:50:41,847 [INFO] [4898/5283] 688728.SH 写入 0 条
2026-06-16 14:50:42,325 [INFO] [4899/5283] 688729.SH 写入 0 条
2026-06-16 14:50:42,814 [INFO] [4900/5283] 688733.SH 写入 0 条
2026-06-16 14:50:43,177 [INFO] 进度: 已完成 4900, 失败 0, 跳过 0
2026-06-16 14:50:43,317 [INFO] [4901/5283] 688737.SH 写入 0 条
2026-06-16 14:50:43,849 [INFO] [4902/5283] 688739.SH 写入 0 条
2026-06-16 14:50:44,327 [INFO] [4903/5283] 688750.SH 写入 0 条
2026-06-16 14:50:44,791 [INFO] [4904/5283] 688755.SH 写入 0 条
2026-06-16 14:50:45,280 [INFO] [4905/5283] 688757.SH 写入 0 条
2026-06-16 14:50:45,762 [INFO] [4906/5283] 688758.SH 写入 0 条
2026-06-16 14:50:46,220 [INFO] [4907/5283] 688759.SH 写入 0 条
2026-06-16 14:50:46,701 [INFO] [4908/5283] 688765.SH 写入 0 条
2026-06-16 14:50:47,181 [INFO] [4909/5283] 688766.SH 写入 0 条
2026-06-16 14:50:47,685 [INFO] [4910/5283] 688767.SH 写入 0 条
2026-06-16 14:50:48,224 [INFO] [4911/5283] 688768.SH 写入 0 条
2026-06-16 14:50:48,747 [INFO] [4912/5283] 688772.SH 写入 0 条
2026-06-16 14:50:49,230 [INFO] [4913/5283] 688775.SH 写入 0 条
2026-06-16 14:50:49,719 [INFO] [4914/5283] 688776.SH 写入 0 条
2026-06-16 14:50:50,229 [INFO] [4915/5283] 688777.SH 写入 0 条
2026-06-16 14:50:50,733 [INFO] [4916/5283] 688778.SH 写入 0 条
2026-06-16 14:50:51,265 [INFO] [4917/5283] 688779.SH 写入 0 条
2026-06-16 14:50:51,732 [INFO] [4918/5283] 688783.SH 写入 0 条
2026-06-16 14:50:52,227 [INFO] [4919/5283] 688786.SH 写入 0 条
2026-06-16 14:50:52,749 [INFO] [4920/5283] 688787.SH 写入 0 条
2026-06-16 14:50:53,247 [INFO] [4921/5283] 688788.SH 写入 0 条
2026-06-16 14:50:53,756 [INFO] [4922/5283] 688789.SH 写入 0 条
2026-06-16 14:50:54,276 [INFO] [4923/5283] 688790.SH 写入 0 条
2026-06-16 14:50:55,047 [INFO] [4924/5283] 688793.SH 写入 0 条
2026-06-16 14:50:55,791 [INFO] [4925/5283] 688795.SH 写入 0 条
2026-06-16 14:50:56,570 [INFO] [4926/5283] 688796.SH 写入 0 条
2026-06-16 14:50:57,434 [INFO] [4927/5283] 688798.SH 写入 0 条
2026-06-16 14:50:58,278 [INFO] [4928/5283] 688799.SH 写入 0 条
2026-06-16 14:50:59,218 [INFO] [4929/5283] 688800.SH 写入 0 条
2026-06-16 14:50:59,891 [INFO] [4930/5283] 688802.SH 写入 0 条
2026-06-16 14:51:00,625 [INFO] [4931/5283] 688805.SH 写入 0 条
2026-06-16 14:51:01,448 [INFO] [4932/5283] 688807.SH 写入 0 条
2026-06-16 14:51:02,213 [INFO] [4933/5283] 688809.SH 写入 0 条
2026-06-16 14:51:03,166 [INFO] [4934/5283] 688819.SH 写入 0 条
2026-06-16 14:51:04,443 [INFO] [4935/5283] 688981.SH 写入 0 条
2026-06-16 14:51:05,334 [INFO] [4936/5283] 920000.BJ 写入 0 条
2026-06-16 14:51:06,218 [INFO] [4937/5283] 920001.BJ 写入 0 条
2026-06-16 14:51:07,004 [INFO] [4938/5283] 920002.BJ 写入 0 条
2026-06-16 14:51:07,771 [INFO] [4939/5283] 920003.BJ 写入 0 条
2026-06-16 14:51:08,617 [INFO] [4940/5283] 920005.BJ 写入 0 条
2026-06-16 14:51:09,540 [INFO] [4941/5283] 920006.BJ 写入 0 条
2026-06-16 14:51:10,314 [INFO] [4942/5283] 920007.BJ 写入 0 条
2026-06-16 14:51:11,394 [INFO] [4943/5283] 920008.BJ 写入 0 条
2026-06-16 14:51:12,386 [INFO] [4944/5283] 920009.BJ 写入 0 条
2026-06-16 14:51:13,565 [INFO] [4945/5283] 920010.BJ 写入 0 条
2026-06-16 14:51:14,442 [INFO] [4946/5283] 920014.BJ 写入 0 条
2026-06-16 14:51:15,148 [INFO] [4947/5283] 920015.BJ 写入 0 条
2026-06-16 14:51:16,326 [INFO] [4948/5283] 920016.BJ 写入 0 条
2026-06-16 14:51:17,291 [INFO] [4949/5283] 920017.BJ 写入 0 条
2026-06-16 14:51:18,037 [INFO] [4950/5283] 920018.BJ 写入 0 条
2026-06-16 14:51:18,428 [INFO] 进度: 已完成 4950, 失败 0, 跳过 0
2026-06-16 14:51:18,656 [INFO] [4951/5283] 920019.BJ 写入 0 条
2026-06-16 14:51:19,552 [INFO] [4952/5283] 920020.BJ 写入 0 条
2026-06-16 14:51:20,171 [INFO] [4953/5283] 920021.BJ 写入 0 条
2026-06-16 14:51:21,268 [INFO] [4954/5283] 920022.BJ 写入 0 条
2026-06-16 14:51:21,796 [INFO] [4955/5283] 920026.BJ 写入 0 条
2026-06-16 14:51:22,268 [INFO] [4956/5283] 920027.BJ 写入 0 条
2026-06-16 14:51:22,770 [INFO] [4957/5283] 920029.BJ 写入 0 条
2026-06-16 14:51:23,260 [INFO] [4958/5283] 920030.BJ 写入 0 条
2026-06-16 14:51:23,742 [INFO] [4959/5283] 920033.BJ 写入 0 条
2026-06-16 14:51:24,210 [INFO] [4960/5283] 920035.BJ 写入 0 条
2026-06-16 14:51:24,679 [INFO] [4961/5283] 920037.BJ 写入 0 条
2026-06-16 14:51:25,157 [INFO] [4962/5283] 920039.BJ 写入 0 条
2026-06-16 14:51:25,780 [INFO] [4963/5283] 920045.BJ 写入 0 条
2026-06-16 14:51:26,258 [INFO] [4964/5283] 920046.BJ 写入 0 条
2026-06-16 14:51:26,787 [INFO] [4965/5283] 920047.BJ 写入 0 条
2026-06-16 14:51:27,287 [INFO] [4966/5283] 920050.BJ 写入 0 条
2026-06-16 14:51:27,794 [INFO] [4967/5283] 920056.BJ 写入 0 条
2026-06-16 14:51:28,304 [INFO] [4968/5283] 920057.BJ 写入 0 条
2026-06-16 14:51:28,797 [INFO] [4969/5283] 920058.BJ 写入 0 条
2026-06-16 14:51:29,272 [INFO] [4970/5283] 920060.BJ 写入 0 条
2026-06-16 14:51:29,751 [INFO] [4971/5283] 920061.BJ 写入 0 条
2026-06-16 14:51:30,250 [INFO] [4972/5283] 920062.BJ 写入 0 条
2026-06-16 14:51:30,758 [INFO] [4973/5283] 920066.BJ 写入 0 条
2026-06-16 14:51:31,247 [INFO] [4974/5283] 920068.BJ 写入 0 条
2026-06-16 14:51:31,989 [INFO] [4975/5283] 920075.BJ 写入 0 条
2026-06-16 14:51:32,460 [INFO] [4976/5283] 920076.BJ 写入 0 条
2026-06-16 14:51:32,945 [INFO] [4977/5283] 920077.BJ 写入 0 条
2026-06-16 14:51:33,451 [INFO] [4978/5283] 920080.BJ 写入 0 条
2026-06-16 14:51:33,936 [INFO] [4979/5283] 920082.BJ 写入 0 条
2026-06-16 14:51:34,422 [INFO] [4980/5283] 920086.BJ 写入 0 条
2026-06-16 14:51:34,925 [INFO] [4981/5283] 920087.BJ 写入 0 条
2026-06-16 14:51:35,413 [INFO] [4982/5283] 920088.BJ 写入 0 条
2026-06-16 14:51:35,944 [INFO] [4983/5283] 920089.BJ 写入 0 条
2026-06-16 14:51:36,460 [INFO] [4984/5283] 920091.BJ 写入 0 条
2026-06-16 14:51:37,215 [INFO] [4985/5283] 920092.BJ 写入 0 条
2026-06-16 14:51:37,726 [INFO] [4986/5283] 920098.BJ 写入 0 条
2026-06-16 14:51:38,218 [INFO] [4987/5283] 920099.BJ 写入 0 条
2026-06-16 14:51:38,694 [INFO] [4988/5283] 920100.BJ 写入 0 条
2026-06-16 14:51:39,257 [INFO] [4989/5283] 920101.BJ 写入 0 条
2026-06-16 14:51:39,745 [INFO] [4990/5283] 920106.BJ 写入 0 条
2026-06-16 14:51:40,278 [INFO] [4991/5283] 920108.BJ 写入 0 条
2026-06-16 14:51:40,808 [INFO] [4992/5283] 920110.BJ 写入 0 条
2026-06-16 14:51:41,276 [INFO] [4993/5283] 920111.BJ 写入 0 条
2026-06-16 14:51:41,771 [INFO] [4994/5283] 920112.BJ 写入 0 条
2026-06-16 14:51:42,260 [INFO] [4995/5283] 920116.BJ 写入 0 条
2026-06-16 14:51:42,735 [INFO] [4996/5283] 920118.BJ 写入 0 条
2026-06-16 14:51:43,201 [INFO] [4997/5283] 920121.BJ 写入 0 条
2026-06-16 14:51:43,695 [INFO] [4998/5283] 920122.BJ 写入 0 条
2026-06-16 14:51:44,186 [INFO] [4999/5283] 920123.BJ 写入 0 条
2026-06-16 14:51:44,656 [INFO] [5000/5283] 920124.BJ 写入 0 条
2026-06-16 14:51:45,022 [INFO] 进度: 已完成 5000, 失败 0, 跳过 0
2026-06-16 14:51:45,142 [INFO] [5001/5283] 920128.BJ 写入 0 条
2026-06-16 14:51:45,620 [INFO] [5002/5283] 920130.BJ 写入 0 条
2026-06-16 14:51:46,109 [INFO] [5003/5283] 920132.BJ 写入 0 条
2026-06-16 14:51:46,606 [INFO] [5004/5283] 920139.BJ 写入 0 条
2026-06-16 14:51:47,101 [INFO] [5005/5283] 920145.BJ 写入 0 条
2026-06-16 14:51:47,574 [INFO] [5006/5283] 920146.BJ 写入 0 条
2026-06-16 14:51:48,054 [INFO] [5007/5283] 920149.BJ 写入 0 条
2026-06-16 14:51:48,541 [INFO] [5008/5283] 920152.BJ 写入 0 条
2026-06-16 14:51:49,018 [INFO] [5009/5283] 920158.BJ 写入 0 条
2026-06-16 14:51:49,505 [INFO] [5010/5283] 920160.BJ 写入 0 条
2026-06-16 14:51:49,993 [INFO] [5011/5283] 920163.BJ 写入 0 条
2026-06-16 14:51:50,477 [INFO] [5012/5283] 920167.BJ 写入 0 条
2026-06-16 14:51:50,952 [INFO] [5013/5283] 920169.BJ 写入 0 条
2026-06-16 14:51:51,430 [INFO] [5014/5283] 920171.BJ 写入 0 条
2026-06-16 14:51:51,904 [INFO] [5015/5283] 920174.BJ 写入 0 条
2026-06-16 14:51:52,379 [INFO] [5016/5283] 920175.BJ 写入 0 条
2026-06-16 14:51:52,870 [INFO] [5017/5283] 920179.BJ 写入 0 条
2026-06-16 14:51:53,358 [INFO] [5018/5283] 920184.BJ 写入 0 条
2026-06-16 14:51:53,854 [INFO] [5019/5283] 920185.BJ 写入 0 条
2026-06-16 14:51:54,329 [INFO] [5020/5283] 920190.BJ 写入 0 条
2026-06-16 14:51:54,811 [INFO] [5021/5283] 920195.BJ 写入 0 条
2026-06-16 14:51:55,310 [INFO] [5022/5283] 920198.BJ 写入 0 条
2026-06-16 14:51:55,786 [INFO] [5023/5283] 920199.BJ 写入 0 条
2026-06-16 14:51:56,267 [INFO] [5024/5283] 920204.BJ 写入 0 条
2026-06-16 14:51:56,767 [INFO] [5025/5283] 920207.BJ 写入 0 条
2026-06-16 14:51:57,245 [INFO] [5026/5283] 920208.BJ 写入 0 条
2026-06-16 14:51:57,717 [INFO] [5027/5283] 920212.BJ 写入 0 条
2026-06-16 14:51:58,198 [INFO] [5028/5283] 920221.BJ 写入 0 条
2026-06-16 14:51:58,672 [INFO] [5029/5283] 920223.BJ 写入 0 条
2026-06-16 14:51:59,150 [INFO] [5030/5283] 920225.BJ 写入 0 条
2026-06-16 14:51:59,628 [INFO] [5031/5283] 920227.BJ 写入 0 条
2026-06-16 14:52:00,115 [INFO] [5032/5283] 920230.BJ 写入 0 条
2026-06-16 14:52:00,589 [INFO] [5033/5283] 920237.BJ 写入 0 条
2026-06-16 14:52:01,075 [INFO] [5034/5283] 920239.BJ 写入 0 条
2026-06-16 14:52:01,559 [INFO] [5035/5283] 920242.BJ 写入 0 条
2026-06-16 14:52:02,028 [INFO] [5036/5283] 920245.BJ 写入 0 条
2026-06-16 14:52:02,522 [INFO] [5037/5283] 920247.BJ 写入 0 条
2026-06-16 14:52:03,002 [INFO] [5038/5283] 920249.BJ 写入 0 条
2026-06-16 14:52:03,478 [INFO] [5039/5283] 920252.BJ 写入 0 条
2026-06-16 14:52:03,973 [INFO] [5040/5283] 920260.BJ 写入 0 条
2026-06-16 14:52:04,456 [INFO] [5041/5283] 920261.BJ 写入 0 条
2026-06-16 14:52:04,935 [INFO] [5042/5283] 920262.BJ 写入 0 条
2026-06-16 14:52:05,444 [INFO] [5043/5283] 920263.BJ 写入 0 条
2026-06-16 14:52:05,935 [INFO] [5044/5283] 920266.BJ 写入 0 条
2026-06-16 14:52:06,426 [INFO] [5045/5283] 920267.BJ 写入 0 条
2026-06-16 14:52:06,901 [INFO] [5046/5283] 920270.BJ 写入 0 条
2026-06-16 14:52:07,384 [INFO] [5047/5283] 920271.BJ 写入 0 条
2026-06-16 14:52:07,857 [INFO] [5048/5283] 920273.BJ 写入 0 条
2026-06-16 14:52:08,339 [INFO] [5049/5283] 920274.BJ 写入 0 条
2026-06-16 14:52:08,828 [INFO] [5050/5283] 920275.BJ 写入 0 条
2026-06-16 14:52:09,195 [INFO] 进度: 已完成 5050, 失败 0, 跳过 0
2026-06-16 14:52:09,336 [INFO] [5051/5283] 920278.BJ 写入 0 条
2026-06-16 14:52:09,823 [INFO] [5052/5283] 920284.BJ 写入 0 条
2026-06-16 14:52:10,323 [INFO] [5053/5283] 920299.BJ 写入 0 条
2026-06-16 14:52:10,815 [INFO] [5054/5283] 920300.BJ 写入 0 条
2026-06-16 14:52:11,301 [INFO] [5055/5283] 920304.BJ 写入 0 条
2026-06-16 14:52:11,784 [INFO] [5056/5283] 920339.BJ 写入 0 条
2026-06-16 14:52:12,278 [INFO] [5057/5283] 920344.BJ 写入 0 条
2026-06-16 14:52:12,748 [INFO] [5058/5283] 920346.BJ 写入 0 条
2026-06-16 14:52:13,238 [INFO] [5059/5283] 920351.BJ 写入 0 条
2026-06-16 14:52:13,715 [INFO] [5060/5283] 920357.BJ 写入 0 条
2026-06-16 14:52:14,217 [INFO] [5061/5283] 920363.BJ 写入 0 条
2026-06-16 14:52:14,688 [INFO] [5062/5283] 920367.BJ 写入 0 条
2026-06-16 14:52:15,176 [INFO] [5063/5283] 920368.BJ 写入 0 条
2026-06-16 14:52:15,677 [INFO] [5064/5283] 920370.BJ 写入 0 条
2026-06-16 14:52:16,155 [INFO] [5065/5283] 920371.BJ 写入 0 条
2026-06-16 14:52:16,630 [INFO] [5066/5283] 920374.BJ 写入 0 条
2026-06-16 14:52:17,127 [INFO] [5067/5283] 920375.BJ 写入 0 条
2026-06-16 14:52:17,631 [INFO] [5068/5283] 920378.BJ 写入 0 条
2026-06-16 14:52:18,111 [INFO] [5069/5283] 920392.BJ 写入 0 条
2026-06-16 14:52:18,591 [INFO] [5070/5283] 920394.BJ 写入 0 条
2026-06-16 14:52:19,074 [INFO] [5071/5283] 920395.BJ 写入 0 条
2026-06-16 14:52:19,571 [INFO] [5072/5283] 920396.BJ 写入 0 条
2026-06-16 14:52:20,041 [INFO] [5073/5283] 920402.BJ 写入 0 条
2026-06-16 14:52:20,516 [INFO] [5074/5283] 920403.BJ 写入 0 条
2026-06-16 14:52:21,008 [INFO] [5075/5283] 920405.BJ 写入 0 条
2026-06-16 14:52:21,495 [INFO] [5076/5283] 920407.BJ 写入 0 条
2026-06-16 14:52:21,977 [INFO] [5077/5283] 920414.BJ 写入 0 条
2026-06-16 14:52:22,453 [INFO] [5078/5283] 920415.BJ 写入 0 条
2026-06-16 14:52:23,158 [INFO] [5079/5283] 920418.BJ 写入 0 条
2026-06-16 14:52:23,669 [INFO] [5080/5283] 920419.BJ 写入 0 条
2026-06-16 14:52:24,164 [INFO] [5081/5283] 920422.BJ 写入 0 条
2026-06-16 14:52:24,667 [INFO] [5082/5283] 920425.BJ 写入 0 条
2026-06-16 14:52:25,204 [INFO] [5083/5283] 920427.BJ 写入 0 条
2026-06-16 14:52:25,778 [INFO] [5084/5283] 920429.BJ 写入 0 条
2026-06-16 14:52:26,370 [INFO] [5085/5283] 920433.BJ 写入 0 条
2026-06-16 14:52:26,895 [INFO] [5086/5283] 920436.BJ 写入 0 条
2026-06-16 14:52:27,471 [INFO] [5087/5283] 920438.BJ 写入 0 条
2026-06-16 14:52:28,025 [INFO] [5088/5283] 920445.BJ 写入 0 条
2026-06-16 14:52:28,555 [INFO] [5089/5283] 920454.BJ 写入 0 条
2026-06-16 14:52:29,086 [INFO] [5090/5283] 920455.BJ 写入 0 条
2026-06-16 14:52:29,655 [INFO] [5091/5283] 920469.BJ 写入 0 条
2026-06-16 14:52:30,184 [INFO] [5092/5283] 920471.BJ 写入 0 条
2026-06-16 14:52:30,746 [INFO] [5093/5283] 920475.BJ 写入 0 条
2026-06-16 14:52:31,276 [INFO] [5094/5283] 920476.BJ 写入 0 条
2026-06-16 14:52:31,874 [INFO] [5095/5283] 920478.BJ 写入 0 条
2026-06-16 14:52:32,402 [INFO] [5096/5283] 920489.BJ 写入 0 条
2026-06-16 14:52:32,964 [INFO] [5097/5283] 920491.BJ 写入 0 条
2026-06-16 14:52:33,527 [INFO] [5098/5283] 920493.BJ 写入 0 条
2026-06-16 14:52:34,059 [INFO] [5099/5283] 920496.BJ 写入 0 条
2026-06-16 14:52:34,610 [INFO] [5100/5283] 920504.BJ 写入 0 条
2026-06-16 14:52:34,997 [INFO] 进度: 已完成 5100, 失败 0, 跳过 0
2026-06-16 14:52:35,184 [INFO] [5101/5283] 920505.BJ 写入 0 条
2026-06-16 14:52:35,830 [INFO] [5102/5283] 920508.BJ 写入 0 条
2026-06-16 14:52:36,523 [INFO] [5103/5283] 920509.BJ 写入 0 条
2026-06-16 14:52:37,206 [INFO] [5104/5283] 920510.BJ 写入 0 条
2026-06-16 14:52:37,993 [INFO] [5105/5283] 920519.BJ 写入 0 条
2026-06-16 14:52:38,556 [INFO] [5106/5283] 920522.BJ 写入 0 条
2026-06-16 14:52:39,129 [INFO] [5107/5283] 920523.BJ 写入 0 条
2026-06-16 14:52:39,674 [INFO] [5108/5283] 920526.BJ 写入 0 条
2026-06-16 14:52:40,337 [INFO] [5109/5283] 920527.BJ 写入 0 条
2026-06-16 14:52:40,973 [INFO] [5110/5283] 920533.BJ 写入 0 条
2026-06-16 14:52:41,714 [INFO] [5111/5283] 920541.BJ 写入 0 条
2026-06-16 14:52:42,321 [INFO] [5112/5283] 920547.BJ 写入 0 条
2026-06-16 14:52:42,869 [INFO] [5113/5283] 920553.BJ 写入 0 条
2026-06-16 14:52:43,403 [INFO] [5114/5283] 920556.BJ 写入 0 条
2026-06-16 14:52:43,993 [INFO] [5115/5283] 920564.BJ 写入 0 条
2026-06-16 14:52:44,595 [INFO] [5116/5283] 920566.BJ 写入 0 条
2026-06-16 14:52:45,102 [INFO] [5117/5283] 920570.BJ 写入 0 条
2026-06-16 14:52:45,790 [INFO] [5118/5283] 920571.BJ 写入 0 条
2026-06-16 14:52:46,407 [INFO] [5119/5283] 920576.BJ 写入 0 条
2026-06-16 14:52:46,988 [INFO] [5120/5283] 920578.BJ 写入 0 条
2026-06-16 14:52:47,519 [INFO] [5121/5283] 920579.BJ 写入 0 条
2026-06-16 14:52:48,072 [INFO] [5122/5283] 920580.BJ 写入 0 条
2026-06-16 14:52:48,644 [INFO] [5123/5283] 920592.BJ 写入 0 条
2026-06-16 14:52:49,194 [INFO] [5124/5283] 920593.BJ 写入 0 条
2026-06-16 14:52:50,142 [INFO] [5125/5283] 920599.BJ 写入 0 条
2026-06-16 14:52:50,849 [INFO] [5126/5283] 920608.BJ 写入 0 条
2026-06-16 14:52:51,484 [INFO] [5127/5283] 920627.BJ 写入 0 条
2026-06-16 14:52:52,109 [INFO] [5128/5283] 920634.BJ 写入 0 条
2026-06-16 14:52:52,664 [INFO] [5129/5283] 920639.BJ 写入 0 条
2026-06-16 14:52:53,237 [INFO] [5130/5283] 920640.BJ 写入 0 条
2026-06-16 14:52:53,834 [INFO] [5131/5283] 920641.BJ 写入 0 条
2026-06-16 14:52:54,494 [INFO] [5132/5283] 920642.BJ 写入 0 条
2026-06-16 14:52:55,163 [INFO] [5133/5283] 920651.BJ 写入 0 条
2026-06-16 14:52:55,705 [INFO] [5134/5283] 920656.BJ 写入 0 条
2026-06-16 14:52:56,219 [INFO] [5135/5283] 920662.BJ 写入 0 条
2026-06-16 14:52:56,732 [INFO] [5136/5283] 920663.BJ 写入 0 条
2026-06-16 14:52:57,245 [INFO] [5137/5283] 920665.BJ 写入 0 条
2026-06-16 14:52:57,782 [INFO] [5138/5283] 920670.BJ 写入 0 条
2026-06-16 14:52:58,354 [INFO] [5139/5283] 920675.BJ 写入 0 条
2026-06-16 14:52:58,839 [INFO] [5140/5283] 920679.BJ 写入 0 条
2026-06-16 14:52:59,347 [INFO] [5141/5283] 920682.BJ 写入 0 条
2026-06-16 14:52:59,851 [INFO] [5142/5283] 920685.BJ 写入 0 条
2026-06-16 14:53:00,339 [INFO] [5143/5283] 920689.BJ 写入 0 条
2026-06-16 14:53:00,828 [INFO] [5144/5283] 920690.BJ 写入 0 条
2026-06-16 14:53:01,309 [INFO] [5145/5283] 920693.BJ 写入 0 条
2026-06-16 14:53:01,808 [INFO] [5146/5283] 920694.BJ 写入 0 条
2026-06-16 14:53:02,337 [INFO] [5147/5283] 920699.BJ 写入 0 条
2026-06-16 14:53:02,820 [INFO] [5148/5283] 920701.BJ 写入 0 条
2026-06-16 14:53:03,469 [INFO] [5149/5283] 920703.BJ 写入 0 条
2026-06-16 14:53:03,996 [INFO] [5150/5283] 920706.BJ 写入 0 条
2026-06-16 14:53:04,368 [INFO] 进度: 已完成 5150, 失败 0, 跳过 0
2026-06-16 14:53:04,517 [INFO] [5151/5283] 920717.BJ 写入 0 条
2026-06-16 14:53:05,026 [INFO] [5152/5283] 920718.BJ 写入 0 条
2026-06-16 14:53:05,519 [INFO] [5153/5283] 920719.BJ 写入 0 条
2026-06-16 14:53:06,023 [INFO] [5154/5283] 920720.BJ 写入 0 条
2026-06-16 14:53:06,509 [INFO] [5155/5283] 920725.BJ 写入 0 条
2026-06-16 14:53:07,014 [INFO] [5156/5283] 920726.BJ 写入 0 条
2026-06-16 14:53:07,516 [INFO] [5157/5283] 920729.BJ 写入 0 条
2026-06-16 14:53:08,112 [INFO] [5158/5283] 920735.BJ 写入 0 条
2026-06-16 14:53:08,624 [INFO] [5159/5283] 920748.BJ 写入 0 条
2026-06-16 14:53:09,188 [INFO] [5160/5283] 920751.BJ 写入 0 条
2026-06-16 14:53:09,699 [INFO] [5161/5283] 920753.BJ 写入 0 条
2026-06-16 14:53:10,217 [INFO] [5162/5283] 920765.BJ 写入 0 条
2026-06-16 14:53:10,783 [INFO] [5163/5283] 920768.BJ 写入 0 条
2026-06-16 14:53:11,293 [INFO] [5164/5283] 920770.BJ 写入 0 条
2026-06-16 14:53:11,805 [INFO] [5165/5283] 920779.BJ 写入 0 条
2026-06-16 14:53:12,373 [INFO] [5166/5283] 920781.BJ 写入 0 条
2026-06-16 14:53:12,879 [INFO] [5167/5283] 920786.BJ 写入 0 条
2026-06-16 14:53:13,377 [INFO] [5168/5283] 920790.BJ 写入 0 条
2026-06-16 14:53:13,897 [INFO] [5169/5283] 920792.BJ 写入 0 条
2026-06-16 14:53:14,425 [INFO] [5170/5283] 920799.BJ 写入 0 条
2026-06-16 14:53:14,967 [INFO] [5171/5283] 920802.BJ 写入 0 条
2026-06-16 14:53:15,463 [INFO] [5172/5283] 920806.BJ 写入 0 条
2026-06-16 14:53:15,962 [INFO] [5173/5283] 920807.BJ 写入 0 条
2026-06-16 14:53:16,474 [INFO] [5174/5283] 920808.BJ 写入 0 条
2026-06-16 14:53:16,995 [INFO] [5175/5283] 920809.BJ 写入 0 条
2026-06-16 14:53:17,508 [INFO] [5176/5283] 920810.BJ 写入 0 条
2026-06-16 14:53:18,028 [INFO] [5177/5283] 920819.BJ 写入 0 条
2026-06-16 14:53:18,526 [INFO] [5178/5283] 920821.BJ 写入 0 条
2026-06-16 14:53:19,044 [INFO] [5179/5283] 920826.BJ 写入 0 条
2026-06-16 14:53:19,556 [INFO] [5180/5283] 920832.BJ 写入 0 条
2026-06-16 14:53:20,061 [INFO] [5181/5283] 920833.BJ 写入 0 条
2026-06-16 14:53:20,554 [INFO] [5182/5283] 920834.BJ 写入 0 条
2026-06-16 14:53:21,067 [INFO] [5183/5283] 920837.BJ 写入 0 条
2026-06-16 14:53:21,575 [INFO] [5184/5283] 920839.BJ 写入 0 条
2026-06-16 14:53:22,070 [INFO] [5185/5283] 920855.BJ 写入 0 条
2026-06-16 14:53:22,582 [INFO] [5186/5283] 920856.BJ 写入 0 条
2026-06-16 14:53:23,164 [INFO] [5187/5283] 920857.BJ 写入 0 条
2026-06-16 14:53:23,672 [INFO] [5188/5283] 920866.BJ 写入 0 条
2026-06-16 14:53:24,196 [INFO] [5189/5283] 920870.BJ 写入 0 条
2026-06-16 14:53:24,844 [INFO] [5190/5283] 920871.BJ 写入 0 条
2026-06-16 14:53:25,357 [INFO] [5191/5283] 920873.BJ 写入 0 条
2026-06-16 14:53:25,871 [INFO] [5192/5283] 920876.BJ 写入 0 条
2026-06-16 14:53:26,385 [INFO] [5193/5283] 920879.BJ 写入 0 条
2026-06-16 14:53:26,880 [INFO] [5194/5283] 920885.BJ 写入 0 条
2026-06-16 14:53:27,409 [INFO] [5195/5283] 920892.BJ 写入 0 条
2026-06-16 14:53:27,937 [INFO] [5196/5283] 920895.BJ 写入 0 条
2026-06-16 14:53:28,564 [INFO] [5197/5283] 920896.BJ 写入 0 条
2026-06-16 14:53:29,057 [INFO] [5198/5283] 920906.BJ 写入 0 条
2026-06-16 14:53:29,555 [INFO] [5199/5283] 920914.BJ 写入 0 条
2026-06-16 14:53:30,080 [INFO] [5200/5283] 920924.BJ 写入 0 条
2026-06-16 14:53:30,450 [INFO] 进度: 已完成 5200, 失败 0, 跳过 0
2026-06-16 14:53:30,595 [INFO] [5201/5283] 920925.BJ 写入 0 条
2026-06-16 14:53:31,096 [INFO] [5202/5283] 920926.BJ 写入 0 条
2026-06-16 14:53:31,605 [INFO] [5203/5283] 920931.BJ 写入 0 条
2026-06-16 14:53:32,098 [INFO] [5204/5283] 920932.BJ 写入 0 条
2026-06-16 14:53:32,629 [INFO] [5205/5283] 920942.BJ 写入 0 条
2026-06-16 14:53:33,141 [INFO] [5206/5283] 920943.BJ 写入 0 条
2026-06-16 14:53:33,665 [INFO] [5207/5283] 920946.BJ 写入 0 条
2026-06-16 14:53:34,172 [INFO] [5208/5283] 920950.BJ 写入 0 条
2026-06-16 14:53:34,658 [INFO] [5209/5283] 920953.BJ 写入 0 条
2026-06-16 14:53:35,160 [INFO] [5210/5283] 920957.BJ 写入 0 条
2026-06-16 14:53:35,668 [INFO] [5211/5283] 920961.BJ 写入 0 条
2026-06-16 14:53:36,229 [INFO] [5212/5283] 920964.BJ 写入 0 条
2026-06-16 14:53:36,865 [INFO] [5213/5283] 920970.BJ 写入 0 条
2026-06-16 14:53:37,562 [INFO] [5214/5283] 920971.BJ 写入 0 条
2026-06-16 14:53:38,078 [INFO] [5215/5283] 920974.BJ 写入 0 条
2026-06-16 14:53:38,572 [INFO] [5216/5283] 920976.BJ 写入 0 条
2026-06-16 14:53:39,137 [INFO] [5217/5283] 920978.BJ 写入 0 条
2026-06-16 14:53:39,666 [INFO] [5218/5283] 920981.BJ 写入 0 条
2026-06-16 14:53:40,187 [INFO] [5219/5283] 920982.BJ 写入 0 条
2026-06-16 14:53:40,685 [INFO] [5220/5283] 920985.BJ 写入 0 条
2026-06-16 14:53:41,209 [INFO] [5221/5283] 920992.BJ 写入 0 条
2026-06-16 14:53:41,730 [INFO] [5222/5283] 689009.SH 写入 0 条
2026-06-16 14:53:42,255 [INFO] [5223/5283] 001220.SZ 写入 0 条
2026-06-16 14:53:42,724 [INFO] [5224/5283] 001237.SZ 写入 0 条
2026-06-16 14:53:43,193 [INFO] [5225/5283] 001257.SZ 写入 0 条
2026-06-16 14:53:43,658 [INFO] [5226/5283] 001312.SZ 写入 0 条
2026-06-16 14:53:44,121 [INFO] [5227/5283] 001365.SZ 写入 0 条
2026-06-16 14:53:44,587 [INFO] [5228/5283] 001393.SZ 写入 0 条
2026-06-16 14:53:45,076 [INFO] [5229/5283] 301513.SZ 写入 0 条
2026-06-16 14:53:45,646 [INFO] [5230/5283] 301531.SZ 写入 0 条
2026-06-16 14:53:46,112 [INFO] [5231/5283] 301599.SZ 写入 0 条
2026-06-16 14:53:46,578 [INFO] [5232/5283] 301666.SZ 写入 0 条
2026-06-16 14:53:47,063 [INFO] [5233/5283] 301669.SZ 写入 0 条
2026-06-16 14:53:47,556 [INFO] [5234/5283] 301680.SZ 写入 0 条
2026-06-16 14:53:48,030 [INFO] [5235/5283] 301682.SZ 写入 0 条
2026-06-16 14:53:48,523 [INFO] [5236/5283] 301683.SZ 写入 0 条
2026-06-16 14:53:49,000 [INFO] [5237/5283] 301696.SZ 写入 0 条
2026-06-16 14:53:49,510 [INFO] [5238/5283] 601112.SH 写入 0 条
2026-06-16 14:53:49,998 [INFO] [5239/5283] 603284.SH 写入 0 条
2026-06-16 14:53:50,492 [INFO] [5240/5283] 603293.SH 写入 0 条
2026-06-16 14:53:50,958 [INFO] [5241/5283] 603407.SH 写入 0 条
2026-06-16 14:53:51,493 [INFO] [5242/5283] 603435.SH 写入 0 条
2026-06-16 14:53:52,000 [INFO] [5243/5283] 603459.SH 写入 0 条
2026-06-16 14:53:52,490 [INFO] [5244/5283] 688635.SH 写入 0 条
2026-06-16 14:53:52,997 [INFO] [5245/5283] 688712.SH 写入 0 条
2026-06-16 14:53:53,921 [INFO] [5246/5283] 688781.SH 写入 0 条
2026-06-16 14:53:54,609 [INFO] [5247/5283] 688785.SH 写入 0 条
2026-06-16 14:53:55,417 [INFO] [5248/5283] 688808.SH 写入 0 条
2026-06-16 14:53:56,268 [INFO] [5249/5283] 688811.SH 写入 0 条
2026-06-16 14:53:57,060 [INFO] [5250/5283] 688813.SH 写入 0 条
2026-06-16 14:53:57,629 [INFO] 进度: 已完成 5250, 失败 0, 跳过 0
2026-06-16 14:53:58,097 [INFO] [5251/5283] 688816.SH 写入 0 条
2026-06-16 14:53:58,617 [INFO] [5252/5283] 688818.SH 写入 0 条
2026-06-16 14:53:59,108 [INFO] [5253/5283] 688820.SH 写入 0 条
2026-06-16 14:53:59,576 [INFO] [5254/5283] 920011.BJ 写入 0 条
2026-06-16 14:54:00,183 [INFO] [5255/5283] 920012.BJ 写入 0 条
2026-06-16 14:54:01,293 [INFO] [5256/5283] 920028.BJ 写入 0 条
2026-06-16 14:54:01,955 [INFO] [5257/5283] 920036.BJ 写入 0 条
2026-06-16 14:54:02,547 [INFO] [5258/5283] 920055.BJ 写入 0 条
2026-06-16 14:54:03,214 [INFO] [5259/5283] 920069.BJ 写入 0 条
2026-06-16 14:54:03,695 [INFO] [5260/5283] 920078.BJ 写入 0 条
2026-06-16 14:54:04,365 [INFO] [5261/5283] 920083.BJ 写入 0 条
2026-06-16 14:54:04,870 [INFO] [5262/5283] 920096.BJ 写入 0 条
2026-06-16 14:54:05,376 [INFO] [5263/5283] 920119.BJ 写入 0 条
2026-06-16 14:54:05,841 [INFO] [5264/5283] 920125.BJ 写入 0 条
2026-06-16 14:54:06,315 [INFO] [5265/5283] 920156.BJ 写入 0 条
2026-06-16 14:54:06,778 [INFO] [5266/5283] 920159.BJ 写入 0 条
2026-06-16 14:54:07,279 [INFO] [5267/5283] 920161.BJ 写入 0 条
2026-06-16 14:54:07,742 [INFO] [5268/5283] 920166.BJ 写入 0 条
2026-06-16 14:54:08,233 [INFO] [5269/5283] 920168.BJ 写入 0 条
2026-06-16 14:54:08,705 [INFO] [5270/5283] 920177.BJ 写入 0 条
2026-06-16 14:54:09,157 [INFO] [5271/5283] 920178.BJ 写入 0 条
2026-06-16 14:54:09,649 [INFO] [5272/5283] 920180.BJ 写入 0 条
2026-06-16 14:54:10,120 [INFO] [5273/5283] 920181.BJ 写入 0 条
2026-06-16 14:54:10,746 [INFO] [5274/5283] 920183.BJ 写入 0 条
2026-06-16 14:54:11,253 [INFO] [5275/5283] 920186.BJ 写入 0 条
2026-06-16 14:54:11,736 [INFO] [5276/5283] 920187.BJ 写入 0 条
2026-06-16 14:54:12,191 [INFO] [5277/5283] 920188.BJ 写入 0 条
2026-06-16 14:54:12,683 [INFO] [5278/5283] 920191.BJ 写入 0 条
2026-06-16 14:54:13,163 [INFO] [5279/5283] 920200.BJ 写入 0 条
2026-06-16 14:54:13,790 [INFO] [5280/5283] 920206.BJ 写入 0 条
2026-06-16 14:54:14,312 [INFO] [5281/5283] 920211.BJ 写入 0 条
2026-06-16 14:54:14,785 [INFO] [5282/5283] 920218.BJ 写入 0 条
2026-06-16 14:54:15,473 [INFO] [5283/5283] 920220.BJ 写入 0 条
2026-06-16 14:54:15,894 [INFO] 财务补全完成: 成功 5283, 失败 0, 跳过 0
