2026-06-12 11:11:12 [INFO] database: 数据库初始化完成: C:\Users\fengpeng\stock_analysis_system\database\stock_analysis.db
2026-06-12 11:11:31 [INFO] database: 数据库初始化完成: C:\Users\fengpeng\stock_analysis_system\database\stock_analysis.db
2026-06-18 17:09:00,929 - logging_config - INFO - setup_logging:64 - 日志配置完成 - 级别: INFO, 文件: logs/stock_analysis.log
2026-06-18 17:09:00,933 - logging_config - INFO - setup_logging:64 - 日志配置完成 - 级别: INFO, 文件: logs/test_fixes.log
2026-06-18 17:09:00,934 - logging_config - INFO - run_all_tests:170 - 🚀 开始运行所有测试...
2026-06-18 17:09:00,934 - logging_config - INFO - run_all_tests:184 - 
--- 测试: 配置管理器 ---
2026-06-18 17:09:00,935 - logging_config - INFO - test_config_manager:25 - 🧪 测试配置管理器...
2026-06-18 17:09:00,939 - logging_config - INFO - test_config_manager:36 - ✅ 配置设置成功
2026-06-18 17:09:00,939 - logging_config - ERROR - test_config_manager:50 - ❌ 配置管理器测试失败: 
2026-06-18 17:09:00,939 - logging_config - ERROR - run_all_tests:190 - ❌ 配置管理器 测试失败
2026-06-18 17:09:00,939 - logging_config - INFO - run_all_tests:184 - 
--- 测试: 策略常量 ---
2026-06-18 17:09:00,939 - logging_config - INFO - test_strategy_constants:56 - 🧪 测试策略常量...
2026-06-18 17:09:00,941 - logging_config - INFO - test_strategy_constants:62 - ✅ 成长股常量: 0.001
2026-06-18 17:09:00,941 - logging_config - INFO - test_strategy_constants:67 - ✅ 价值股常量: 0.85
2026-06-18 17:09:00,941 - logging_config - INFO - test_strategy_constants:72 - ✅ 不存在的常量处理正确
2026-06-18 17:09:00,941 - logging_config - INFO - run_all_tests:187 - ✅ 策略常量 测试通过
2026-06-18 17:09:00,942 - logging_config - INFO - run_all_tests:184 - 
--- 测试: SQL注入防护 ---
2026-06-18 17:09:00,942 - logging_config - INFO - test_sql_injection_protection:83 - 🧪 测试SQL注入防护...
2026-06-18 17:09:00,943 - logging_config - ERROR - test_sql_injection_protection:112 - ❌ SQL注入防护测试失败: You can only execute one statement at a time.
2026-06-18 17:09:00,943 - logging_config - ERROR - run_all_tests:190 - ❌ SQL注入防护 测试失败
2026-06-18 17:09:00,944 - logging_config - INFO - run_all_tests:184 - 
--- 测试: 日志配置 ---
2026-06-18 17:09:00,944 - logging_config - INFO - test_logging_config:118 - 🧪 测试日志配置...
2026-06-18 17:09:00,944 - logging_config - INFO - test_logging_config:124 - ✅ 日志器获取成功
2026-06-18 17:09:00,944 - test_logger - INFO - test_logging_config:127 - 测试日志消息
2026-06-18 17:09:00,945 - logging_config - INFO - test_logging_config:128 - ✅ 日志输出正常
2026-06-18 17:09:00,945 - logging_config - INFO - run_all_tests:187 - ✅ 日志配置 测试通过
2026-06-18 17:09:00,945 - logging_config - INFO - run_all_tests:184 - 
--- 测试: 数据库连接 ---
2026-06-18 17:09:00,945 - logging_config - INFO - test_database_connection:139 - 🧪 测试数据库连接...
2026-06-18 17:09:00,952 - logging_config - INFO - test_database_connection:153 - ✅ 数据库连接成功，表存在
2026-06-18 17:09:00,954 - logging_config - INFO - run_all_tests:187 - ✅ 数据库连接 测试通过
2026-06-18 17:09:00,954 - logging_config - INFO - run_all_tests:196 - 
=== 测试结果汇总 ===
2026-06-18 17:09:00,954 - logging_config - INFO - run_all_tests:197 - ✅ 通过: 3
2026-06-18 17:09:00,954 - logging_config - INFO - run_all_tests:198 - ❌ 失败: 2
2026-06-18 17:09:00,955 - logging_config - INFO - run_all_tests:199 - 📊 总计: 5
2026-06-18 17:09:55,041 - logging_config - INFO - setup_logging:64 - 日志配置完成 - 级别: INFO, 文件: logs/stock_analysis.log
2026-06-18 17:09:55,046 - logging_config - INFO - setup_logging:64 - 日志配置完成 - 级别: INFO, 文件: logs/test_fixes.log
2026-06-18 17:09:55,046 - logging_config - INFO - run_all_tests:182 - 🚀 开始运行所有测试...
2026-06-18 17:09:55,047 - logging_config - INFO - run_all_tests:196 - 
--- 测试: 配置管理器 ---
2026-06-18 17:09:55,047 - logging_config - INFO - test_config_manager:25 - 🧪 测试配置管理器...
2026-06-18 17:09:55,053 - logging_config - INFO - test_config_manager:36 - ✅ 配置设置成功
2026-06-18 17:09:55,054 - logging_config - INFO - test_config_manager:46 - ✅ 配置手动恢复成功
2026-06-18 17:09:55,054 - logging_config - INFO - test_config_manager:51 - ✅ 安全属性获取成功
2026-06-18 17:09:55,054 - logging_config - INFO - run_all_tests:199 - ✅ 配置管理器 测试通过
2026-06-18 17:09:55,055 - logging_config - INFO - run_all_tests:196 - 
--- 测试: 策略常量 ---
2026-06-18 17:09:55,055 - logging_config - INFO - test_strategy_constants:62 - 🧪 测试策略常量...
2026-06-18 17:09:55,056 - logging_config - INFO - test_strategy_constants:68 - ✅ 成长股常量: 0.001
2026-06-18 17:09:55,056 - logging_config - INFO - test_strategy_constants:73 - ✅ 价值股常量: 0.85
2026-06-18 17:09:55,056 - logging_config - INFO - test_strategy_constants:78 - ✅ 不存在的常量处理正确
2026-06-18 17:09:55,057 - logging_config - INFO - run_all_tests:199 - ✅ 策略常量 测试通过
2026-06-18 17:09:55,057 - logging_config - INFO - run_all_tests:196 - 
--- 测试: SQL注入防护 ---
2026-06-18 17:09:55,057 - logging_config - INFO - test_sql_injection_protection:89 - 🧪 测试SQL注入防护...
2026-06-18 17:09:55,059 - logging_config - ERROR - test_sql_injection_protection:124 - ❌ SQL注入防护测试失败: You can only execute one statement at a time.
2026-06-18 17:09:55,063 - logging_config - ERROR - run_all_tests:202 - ❌ SQL注入防护 测试失败
2026-06-18 17:09:55,063 - logging_config - INFO - run_all_tests:196 - 
--- 测试: 日志配置 ---
2026-06-18 17:09:55,063 - logging_config - INFO - test_logging_config:130 - 🧪 测试日志配置...
2026-06-18 17:09:55,064 - logging_config - INFO - test_logging_config:136 - ✅ 日志器获取成功
2026-06-18 17:09:55,064 - test_logger - INFO - test_logging_config:139 - 测试日志消息
2026-06-18 17:09:55,064 - logging_config - INFO - test_logging_config:140 - ✅ 日志输出正常
2026-06-18 17:09:55,065 - logging_config - INFO - run_all_tests:199 - ✅ 日志配置 测试通过
2026-06-18 17:09:55,065 - logging_config - INFO - run_all_tests:196 - 
--- 测试: 数据库连接 ---
2026-06-18 17:09:55,066 - logging_config - INFO - test_database_connection:151 - 🧪 测试数据库连接...
2026-06-18 17:09:55,072 - logging_config - INFO - test_database_connection:165 - ✅ 数据库连接成功，表存在
2026-06-18 17:09:55,074 - logging_config - INFO - run_all_tests:199 - ✅ 数据库连接 测试通过
2026-06-18 17:09:55,074 - logging_config - INFO - run_all_tests:208 - 
=== 测试结果汇总 ===
2026-06-18 17:09:55,087 - logging_config - INFO - run_all_tests:209 - ✅ 通过: 4
2026-06-18 17:09:55,087 - logging_config - INFO - run_all_tests:210 - ❌ 失败: 1
2026-06-18 17:09:55,089 - logging_config - INFO - run_all_tests:211 - 📊 总计: 5
2026-06-18 17:10:23,624 - logging_config - INFO - setup_logging:64 - 日志配置完成 - 级别: INFO, 文件: logs/stock_analysis.log
2026-06-18 17:10:23,628 - logging_config - INFO - setup_logging:64 - 日志配置完成 - 级别: INFO, 文件: logs/test_fixes.log
2026-06-18 17:10:23,628 - logging_config - INFO - run_all_tests:183 - 🚀 开始运行所有测试...
2026-06-18 17:10:23,628 - logging_config - INFO - run_all_tests:197 - 
--- 测试: 配置管理器 ---
2026-06-18 17:10:23,628 - logging_config - INFO - test_config_manager:25 - 🧪 测试配置管理器...
2026-06-18 17:10:23,634 - logging_config - INFO - test_config_manager:36 - ✅ 配置设置成功
2026-06-18 17:10:23,634 - logging_config - INFO - test_config_manager:46 - ✅ 配置手动恢复成功
2026-06-18 17:10:23,634 - logging_config - INFO - test_config_manager:51 - ✅ 安全属性获取成功
2026-06-18 17:10:23,635 - logging_config - INFO - run_all_tests:200 - ✅ 配置管理器 测试通过
2026-06-18 17:10:23,636 - logging_config - INFO - run_all_tests:197 - 
--- 测试: 策略常量 ---
2026-06-18 17:10:23,636 - logging_config - INFO - test_strategy_constants:62 - 🧪 测试策略常量...
2026-06-18 17:10:23,636 - logging_config - INFO - test_strategy_constants:68 - ✅ 成长股常量: 0.001
2026-06-18 17:10:23,647 - logging_config - INFO - test_strategy_constants:73 - ✅ 价值股常量: 0.85
2026-06-18 17:10:23,647 - logging_config - INFO - test_strategy_constants:78 - ✅ 不存在的常量处理正确
2026-06-18 17:10:23,647 - logging_config - INFO - run_all_tests:200 - ✅ 策略常量 测试通过
2026-06-18 17:10:23,647 - logging_config - INFO - run_all_tests:197 - 
--- 测试: SQL注入防护 ---
2026-06-18 17:10:23,648 - logging_config - INFO - test_sql_injection_protection:89 - 🧪 测试SQL注入防护...
2026-06-18 17:10:23,652 - logging_config - ERROR - test_sql_injection_protection:125 - ❌ SQL注入防护测试失败: You can only execute one statement at a time.
2026-06-18 17:10:23,655 - logging_config - ERROR - run_all_tests:203 - ❌ SQL注入防护 测试失败
2026-06-18 17:10:23,656 - logging_config - INFO - run_all_tests:197 - 
--- 测试: 日志配置 ---
2026-06-18 17:10:23,656 - logging_config - INFO - test_logging_config:131 - 🧪 测试日志配置...
2026-06-18 17:10:23,656 - logging_config - INFO - test_logging_config:137 - ✅ 日志器获取成功
2026-06-18 17:10:23,657 - test_logger - INFO - test_logging_config:140 - 测试日志消息
2026-06-18 17:10:23,657 - logging_config - INFO - test_logging_config:141 - ✅ 日志输出正常
2026-06-18 17:10:23,657 - logging_config - INFO - run_all_tests:200 - ✅ 日志配置 测试通过
2026-06-18 17:10:23,657 - logging_config - INFO - run_all_tests:197 - 
--- 测试: 数据库连接 ---
2026-06-18 17:10:23,657 - logging_config - INFO - test_database_connection:152 - 🧪 测试数据库连接...
2026-06-18 17:10:23,666 - logging_config - INFO - test_database_connection:166 - ✅ 数据库连接成功，表存在
2026-06-18 17:10:23,695 - logging_config - INFO - run_all_tests:200 - ✅ 数据库连接 测试通过
2026-06-18 17:10:23,715 - logging_config - INFO - run_all_tests:209 - 
=== 测试结果汇总 ===
2026-06-18 17:10:23,717 - logging_config - INFO - run_all_tests:210 - ✅ 通过: 4
2026-06-18 17:10:23,718 - logging_config - INFO - run_all_tests:211 - ❌ 失败: 1
2026-06-18 17:10:23,718 - logging_config - INFO - run_all_tests:212 - 📊 总计: 5
2026-06-18 17:10:52,562 - logging_config - INFO - setup_logging:64 - 日志配置完成 - 级别: INFO, 文件: logs/stock_analysis.log
2026-06-18 17:10:52,566 - logging_config - INFO - setup_logging:64 - 日志配置完成 - 级别: INFO, 文件: logs/test_fixes.log
2026-06-18 17:10:52,567 - logging_config - INFO - run_all_tests:184 - 🚀 开始运行所有测试...
2026-06-18 17:10:52,567 - logging_config - INFO - run_all_tests:198 - 
--- 测试: 配置管理器 ---
2026-06-18 17:10:52,568 - logging_config - INFO - test_config_manager:25 - 🧪 测试配置管理器...
2026-06-18 17:10:52,574 - logging_config - INFO - test_config_manager:36 - ✅ 配置设置成功
2026-06-18 17:10:52,574 - logging_config - INFO - test_config_manager:46 - ✅ 配置手动恢复成功
2026-06-18 17:10:52,582 - logging_config - INFO - test_config_manager:51 - ✅ 安全属性获取成功
2026-06-18 17:10:52,582 - logging_config - INFO - run_all_tests:201 - ✅ 配置管理器 测试通过
2026-06-18 17:10:52,582 - logging_config - INFO - run_all_tests:198 - 
--- 测试: 策略常量 ---
2026-06-18 17:10:52,583 - logging_config - INFO - test_strategy_constants:62 - 🧪 测试策略常量...
2026-06-18 17:10:52,583 - logging_config - INFO - test_strategy_constants:68 - ✅ 成长股常量: 0.001
2026-06-18 17:10:52,583 - logging_config - INFO - test_strategy_constants:73 - ✅ 价值股常量: 0.85
2026-06-18 17:10:52,584 - logging_config - INFO - test_strategy_constants:78 - ✅ 不存在的常量处理正确
2026-06-18 17:10:52,584 - logging_config - INFO - run_all_tests:201 - ✅ 策略常量 测试通过
2026-06-18 17:10:52,584 - logging_config - INFO - run_all_tests:198 - 
--- 测试: SQL注入防护 ---
2026-06-18 17:10:52,587 - logging_config - INFO - test_sql_injection_protection:89 - 🧪 测试SQL注入防护...
2026-06-18 17:10:52,593 - logging_config - ERROR - test_sql_injection_protection:126 - ❌ SQL注入防护测试失败: You can only execute one statement at a time.
2026-06-18 17:10:52,593 - logging_config - ERROR - run_all_tests:204 - ❌ SQL注入防护 测试失败
2026-06-18 17:10:52,594 - logging_config - INFO - run_all_tests:198 - 
--- 测试: 日志配置 ---
2026-06-18 17:10:52,594 - logging_config - INFO - test_logging_config:132 - 🧪 测试日志配置...
2026-06-18 17:10:52,595 - logging_config - INFO - test_logging_config:138 - ✅ 日志器获取成功
2026-06-18 17:10:52,596 - test_logger - INFO - test_logging_config:141 - 测试日志消息
2026-06-18 17:10:52,597 - logging_config - INFO - test_logging_config:142 - ✅ 日志输出正常
2026-06-18 17:10:52,597 - logging_config - INFO - run_all_tests:201 - ✅ 日志配置 测试通过
2026-06-18 17:10:52,597 - logging_config - INFO - run_all_tests:198 - 
--- 测试: 数据库连接 ---
2026-06-18 17:10:52,597 - logging_config - INFO - test_database_connection:153 - 🧪 测试数据库连接...
2026-06-18 17:10:52,609 - logging_config - INFO - test_database_connection:167 - ✅ 数据库连接成功，表存在
2026-06-18 17:10:52,613 - logging_config - INFO - run_all_tests:201 - ✅ 数据库连接 测试通过
2026-06-18 17:10:52,613 - logging_config - INFO - run_all_tests:210 - 
=== 测试结果汇总 ===
2026-06-18 17:10:52,613 - logging_config - INFO - run_all_tests:211 - ✅ 通过: 4
2026-06-18 17:10:52,614 - logging_config - INFO - run_all_tests:212 - ❌ 失败: 1
2026-06-18 17:10:52,614 - logging_config - INFO - run_all_tests:213 - 📊 总计: 5
2026-06-18 17:11:30,446 - logging_config - INFO - setup_logging:64 - 日志配置完成 - 级别: INFO, 文件: logs/stock_analysis.log
2026-06-18 17:11:30,449 - logging_config - INFO - setup_logging:64 - 日志配置完成 - 级别: INFO, 文件: logs/test_fixes.log
2026-06-18 17:11:30,451 - logging_config - INFO - run_all_tests:191 - 🚀 开始运行所有测试...
2026-06-18 17:11:30,451 - logging_config - INFO - run_all_tests:205 - 
--- 测试: 配置管理器 ---
2026-06-18 17:11:30,451 - logging_config - INFO - test_config_manager:25 - 🧪 测试配置管理器...
2026-06-18 17:11:30,457 - logging_config - INFO - test_config_manager:36 - ✅ 配置设置成功
2026-06-18 17:11:30,457 - logging_config - INFO - test_config_manager:46 - ✅ 配置手动恢复成功
2026-06-18 17:11:30,457 - logging_config - INFO - test_config_manager:51 - ✅ 安全属性获取成功
2026-06-18 17:11:30,457 - logging_config - INFO - run_all_tests:208 - ✅ 配置管理器 测试通过
2026-06-18 17:11:30,459 - logging_config - INFO - run_all_tests:205 - 
--- 测试: 策略常量 ---
2026-06-18 17:11:30,459 - logging_config - INFO - test_strategy_constants:62 - 🧪 测试策略常量...
2026-06-18 17:11:30,459 - logging_config - INFO - test_strategy_constants:68 - ✅ 成长股常量: 0.001
2026-06-18 17:11:30,461 - logging_config - INFO - test_strategy_constants:73 - ✅ 价值股常量: 0.85
2026-06-18 17:11:30,461 - logging_config - INFO - test_strategy_constants:78 - ✅ 不存在的常量处理正确
2026-06-18 17:11:30,461 - logging_config - INFO - run_all_tests:208 - ✅ 策略常量 测试通过
2026-06-18 17:11:30,461 - logging_config - INFO - run_all_tests:205 - 
--- 测试: SQL注入防护 ---
2026-06-18 17:11:30,461 - logging_config - INFO - test_sql_injection_protection:89 - 🧪 测试SQL注入防护...
2026-06-18 17:11:30,492 - logging_config - ERROR - test_sql_injection_protection:111 - ❌ 参数化查询失败: near "?": syntax error
2026-06-18 17:11:30,493 - logging_config - ERROR - run_all_tests:211 - ❌ SQL注入防护 测试失败
2026-06-18 17:11:30,493 - logging_config - INFO - run_all_tests:205 - 
--- 测试: 日志配置 ---
2026-06-18 17:11:30,493 - logging_config - INFO - test_logging_config:139 - 🧪 测试日志配置...
2026-06-18 17:11:30,494 - logging_config - INFO - test_logging_config:145 - ✅ 日志器获取成功
2026-06-18 17:11:30,494 - test_logger - INFO - test_logging_config:148 - 测试日志消息
2026-06-18 17:11:30,494 - logging_config - INFO - test_logging_config:149 - ✅ 日志输出正常
2026-06-18 17:11:30,495 - logging_config - INFO - run_all_tests:208 - ✅ 日志配置 测试通过
2026-06-18 17:11:30,496 - logging_config - INFO - run_all_tests:205 - 
--- 测试: 数据库连接 ---
2026-06-18 17:11:30,496 - logging_config - INFO - test_database_connection:160 - 🧪 测试数据库连接...
2026-06-18 17:11:30,541 - logging_config - INFO - test_database_connection:174 - ✅ 数据库连接成功，表存在
2026-06-18 17:11:30,566 - logging_config - INFO - run_all_tests:208 - ✅ 数据库连接 测试通过
2026-06-18 17:11:30,587 - logging_config - INFO - run_all_tests:217 - 
=== 测试结果汇总 ===
2026-06-18 17:11:30,587 - logging_config - INFO - run_all_tests:218 - ✅ 通过: 4
2026-06-18 17:11:30,587 - logging_config - INFO - run_all_tests:219 - ❌ 失败: 1
2026-06-18 17:11:30,588 - logging_config - INFO - run_all_tests:220 - 📊 总计: 5
2026-06-18 17:12:10,852 - logging_config - INFO - setup_logging:64 - 日志配置完成 - 级别: INFO, 文件: logs/stock_analysis.log
2026-06-18 17:12:10,855 - logging_config - INFO - setup_logging:64 - 日志配置完成 - 级别: INFO, 文件: logs/test_fixes.log
2026-06-18 17:12:10,855 - logging_config - INFO - run_all_tests:204 - 🚀 开始运行所有测试...
2026-06-18 17:12:10,856 - logging_config - INFO - run_all_tests:218 - 
--- 测试: 配置管理器 ---
2026-06-18 17:12:10,856 - logging_config - INFO - test_config_manager:25 - 🧪 测试配置管理器...
2026-06-18 17:12:10,862 - logging_config - INFO - test_config_manager:36 - ✅ 配置设置成功
2026-06-18 17:12:10,862 - logging_config - INFO - test_config_manager:46 - ✅ 配置手动恢复成功
2026-06-18 17:12:10,863 - logging_config - INFO - test_config_manager:51 - ✅ 安全属性获取成功
2026-06-18 17:12:10,863 - logging_config - INFO - run_all_tests:221 - ✅ 配置管理器 测试通过
2026-06-18 17:12:10,863 - logging_config - INFO - run_all_tests:218 - 
--- 测试: 策略常量 ---
2026-06-18 17:12:10,863 - logging_config - INFO - test_strategy_constants:62 - 🧪 测试策略常量...
2026-06-18 17:12:10,863 - logging_config - INFO - test_strategy_constants:68 - ✅ 成长股常量: 0.001
2026-06-18 17:12:10,865 - logging_config - INFO - test_strategy_constants:73 - ✅ 价值股常量: 0.85
2026-06-18 17:12:10,865 - logging_config - INFO - test_strategy_constants:78 - ✅ 不存在的常量处理正确
2026-06-18 17:12:10,867 - logging_config - INFO - run_all_tests:221 - ✅ 策略常量 测试通过
2026-06-18 17:12:10,867 - logging_config - INFO - run_all_tests:218 - 
--- 测试: SQL注入防护 ---
2026-06-18 17:12:10,867 - logging_config - INFO - test_sql_injection_protection:89 - 🧪 测试SQL注入防护...
2026-06-18 17:12:10,870 - logging_config - INFO - test_sql_injection_protection:110 - ✅ 参数化查询成功，找到表: test_table
2026-06-18 17:12:10,870 - logging_config - INFO - test_sql_injection_protection:122 - ✅ 字符串拼接查询成功，表中有 0 行
2026-06-18 17:12:10,870 - logging_config - ERROR - test_sql_injection_protection:146 - ❌ SQL注入防护测试失败: You can only execute one statement at a time.
2026-06-18 17:12:10,872 - logging_config - ERROR - run_all_tests:224 - ❌ SQL注入防护 测试失败
2026-06-18 17:12:10,872 - logging_config - INFO - run_all_tests:218 - 
--- 测试: 日志配置 ---
2026-06-18 17:12:10,872 - logging_config - INFO - test_logging_config:152 - 🧪 测试日志配置...
2026-06-18 17:12:10,872 - logging_config - INFO - test_logging_config:158 - ✅ 日志器获取成功
2026-06-18 17:12:10,883 - test_logger - INFO - test_logging_config:161 - 测试日志消息
2026-06-18 17:12:10,883 - logging_config - INFO - test_logging_config:162 - ✅ 日志输出正常
2026-06-18 17:12:10,883 - logging_config - INFO - run_all_tests:221 - ✅ 日志配置 测试通过
2026-06-18 17:12:10,884 - logging_config - INFO - run_all_tests:218 - 
--- 测试: 数据库连接 ---
2026-06-18 17:12:10,884 - logging_config - INFO - test_database_connection:173 - 🧪 测试数据库连接...
2026-06-18 17:12:10,897 - logging_config - INFO - test_database_connection:187 - ✅ 数据库连接成功，表存在
2026-06-18 17:12:10,899 - logging_config - INFO - run_all_tests:221 - ✅ 数据库连接 测试通过
2026-06-18 17:12:10,900 - logging_config - INFO - run_all_tests:230 - 
=== 测试结果汇总 ===
2026-06-18 17:12:10,900 - logging_config - INFO - run_all_tests:231 - ✅ 通过: 4
2026-06-18 17:12:10,900 - logging_config - INFO - run_all_tests:232 - ❌ 失败: 1
2026-06-18 17:12:10,900 - logging_config - INFO - run_all_tests:233 - 📊 总计: 5
2026-06-18 17:12:42,832 - logging_config - INFO - setup_logging:64 - 日志配置完成 - 级别: INFO, 文件: logs/stock_analysis.log
2026-06-18 17:12:42,834 - logging_config - INFO - setup_logging:64 - 日志配置完成 - 级别: INFO, 文件: logs/test_fixes.log
2026-06-18 17:12:42,834 - logging_config - INFO - run_all_tests:203 - 🚀 开始运行所有测试...
2026-06-18 17:12:42,836 - logging_config - INFO - run_all_tests:217 - 
--- 测试: 配置管理器 ---
2026-06-18 17:12:42,837 - logging_config - INFO - test_config_manager:25 - 🧪 测试配置管理器...
2026-06-18 17:12:42,857 - logging_config - INFO - test_config_manager:36 - ✅ 配置设置成功
2026-06-18 17:12:42,861 - logging_config - INFO - test_config_manager:46 - ✅ 配置手动恢复成功
2026-06-18 17:12:42,861 - logging_config - INFO - test_config_manager:51 - ✅ 安全属性获取成功
2026-06-18 17:12:42,862 - logging_config - INFO - run_all_tests:220 - ✅ 配置管理器 测试通过
2026-06-18 17:12:42,862 - logging_config - INFO - run_all_tests:217 - 
--- 测试: 策略常量 ---
2026-06-18 17:12:42,863 - logging_config - INFO - test_strategy_constants:62 - 🧪 测试策略常量...
2026-06-18 17:12:42,863 - logging_config - INFO - test_strategy_constants:68 - ✅ 成长股常量: 0.001
2026-06-18 17:12:42,863 - logging_config - INFO - test_strategy_constants:73 - ✅ 价值股常量: 0.85
2026-06-18 17:12:42,864 - logging_config - INFO - test_strategy_constants:78 - ✅ 不存在的常量处理正确
2026-06-18 17:12:42,864 - logging_config - INFO - run_all_tests:220 - ✅ 策略常量 测试通过
2026-06-18 17:12:42,864 - logging_config - INFO - run_all_tests:217 - 
--- 测试: SQL注入防护 ---
2026-06-18 17:12:42,866 - logging_config - INFO - test_sql_injection_protection:89 - 🧪 测试SQL注入防护...
2026-06-18 17:12:42,880 - logging_config - INFO - test_sql_injection_protection:110 - ✅ 参数化查询成功，找到表: test_table
2026-06-18 17:12:42,883 - logging_config - INFO - test_sql_injection_protection:122 - ✅ 字符串拼接查询成功，表中有 0 行
2026-06-18 17:12:42,884 - logging_config - ERROR - test_sql_injection_protection:145 - ❌ SQL注入防护测试失败: You can only execute one statement at a time.
2026-06-18 17:12:42,884 - logging_config - ERROR - run_all_tests:223 - ❌ SQL注入防护 测试失败
2026-06-18 17:12:42,885 - logging_config - INFO - run_all_tests:217 - 
--- 测试: 日志配置 ---
2026-06-18 17:12:42,885 - logging_config - INFO - test_logging_config:151 - 🧪 测试日志配置...
2026-06-18 17:12:42,885 - logging_config - INFO - test_logging_config:157 - ✅ 日志器获取成功
2026-06-18 17:12:42,885 - test_logger - INFO - test_logging_config:160 - 测试日志消息
2026-06-18 17:12:42,886 - logging_config - INFO - test_logging_config:161 - ✅ 日志输出正常
2026-06-18 17:12:42,889 - logging_config - INFO - run_all_tests:220 - ✅ 日志配置 测试通过
2026-06-18 17:12:42,891 - logging_config - INFO - run_all_tests:217 - 
--- 测试: 数据库连接 ---
2026-06-18 17:12:42,891 - logging_config - INFO - test_database_connection:172 - 🧪 测试数据库连接...
2026-06-18 17:12:42,897 - logging_config - INFO - test_database_connection:186 - ✅ 数据库连接成功，表存在
2026-06-18 17:12:42,901 - logging_config - INFO - run_all_tests:220 - ✅ 数据库连接 测试通过
2026-06-18 17:12:42,901 - logging_config - INFO - run_all_tests:229 - 
=== 测试结果汇总 ===
2026-06-18 17:12:42,901 - logging_config - INFO - run_all_tests:230 - ✅ 通过: 4
2026-06-18 17:12:42,901 - logging_config - INFO - run_all_tests:231 - ❌ 失败: 1
2026-06-18 17:12:42,901 - logging_config - INFO - run_all_tests:232 - 📊 总计: 5
2026-06-18 17:13:15,818 - logging_config - INFO - setup_logging:64 - 日志配置完成 - 级别: INFO, 文件: logs/stock_analysis.log
2026-06-18 17:13:15,832 - logging_config - INFO - setup_logging:64 - 日志配置完成 - 级别: INFO, 文件: logs/test_fixes.log
2026-06-18 17:13:15,832 - logging_config - INFO - run_all_tests:205 - 🚀 开始运行所有测试...
2026-06-18 17:13:15,833 - logging_config - INFO - run_all_tests:219 - 
--- 测试: 配置管理器 ---
2026-06-18 17:13:15,833 - logging_config - INFO - test_config_manager:25 - 🧪 测试配置管理器...
2026-06-18 17:13:15,839 - logging_config - INFO - test_config_manager:36 - ✅ 配置设置成功
2026-06-18 17:13:15,864 - logging_config - INFO - test_config_manager:46 - ✅ 配置手动恢复成功
2026-06-18 17:13:15,864 - logging_config - INFO - test_config_manager:51 - ✅ 安全属性获取成功
2026-06-18 17:13:15,864 - logging_config - INFO - run_all_tests:222 - ✅ 配置管理器 测试通过
2026-06-18 17:13:15,865 - logging_config - INFO - run_all_tests:219 - 
--- 测试: 策略常量 ---
2026-06-18 17:13:15,865 - logging_config - INFO - test_strategy_constants:62 - 🧪 测试策略常量...
2026-06-18 17:13:15,865 - logging_config - INFO - test_strategy_constants:68 - ✅ 成长股常量: 0.001
2026-06-18 17:13:15,865 - logging_config - INFO - test_strategy_constants:73 - ✅ 价值股常量: 0.85
2026-06-18 17:13:15,866 - logging_config - INFO - test_strategy_constants:78 - ✅ 不存在的常量处理正确
2026-06-18 17:13:15,866 - logging_config - INFO - run_all_tests:222 - ✅ 策略常量 测试通过
2026-06-18 17:13:15,866 - logging_config - INFO - run_all_tests:219 - 
--- 测试: SQL注入防护 ---
2026-06-18 17:13:15,866 - logging_config - INFO - test_sql_injection_protection:89 - 🧪 测试SQL注入防护...
2026-06-18 17:13:15,886 - logging_config - INFO - test_sql_injection_protection:110 - ✅ 参数化查询成功，找到表: test_table
2026-06-18 17:13:15,891 - logging_config - INFO - test_sql_injection_protection:122 - ✅ 字符串拼接查询成功，表中有 0 行
2026-06-18 17:13:15,893 - logging_config - ERROR - test_sql_injection_protection:147 - ❌ SQL注入防护测试失败: You can only execute one statement at a time.
2026-06-18 17:13:15,893 - logging_config - ERROR - run_all_tests:225 - ❌ SQL注入防护 测试失败
2026-06-18 17:13:15,894 - logging_config - INFO - run_all_tests:219 - 
--- 测试: 日志配置 ---
2026-06-18 17:13:15,894 - logging_config - INFO - test_logging_config:153 - 🧪 测试日志配置...
2026-06-18 17:13:15,895 - logging_config - INFO - test_logging_config:159 - ✅ 日志器获取成功
2026-06-18 17:13:15,895 - test_logger - INFO - test_logging_config:162 - 测试日志消息
2026-06-18 17:13:15,896 - logging_config - INFO - test_logging_config:163 - ✅ 日志输出正常
2026-06-18 17:13:15,896 - logging_config - INFO - run_all_tests:222 - ✅ 日志配置 测试通过
2026-06-18 17:13:15,896 - logging_config - INFO - run_all_tests:219 - 
--- 测试: 数据库连接 ---
2026-06-18 17:13:15,896 - logging_config - INFO - test_database_connection:174 - 🧪 测试数据库连接...
2026-06-18 17:13:15,911 - logging_config - INFO - test_database_connection:188 - ✅ 数据库连接成功，表存在
2026-06-18 17:13:15,913 - logging_config - INFO - run_all_tests:222 - ✅ 数据库连接 测试通过
2026-06-18 17:13:15,913 - logging_config - INFO - run_all_tests:231 - 
=== 测试结果汇总 ===
2026-06-18 17:13:15,914 - logging_config - INFO - run_all_tests:232 - ✅ 通过: 4
2026-06-18 17:13:15,915 - logging_config - INFO - run_all_tests:233 - ❌ 失败: 1
2026-06-18 17:13:15,915 - logging_config - INFO - run_all_tests:234 - 📊 总计: 5
2026-06-18 17:13:47,850 - logging_config - INFO - setup_logging:64 - 日志配置完成 - 级别: INFO, 文件: logs/stock_analysis.log
2026-06-18 17:13:47,853 - logging_config - INFO - setup_logging:64 - 日志配置完成 - 级别: INFO, 文件: logs/test_fixes.log
2026-06-18 17:13:47,854 - logging_config - INFO - run_all_tests:207 - 🚀 开始运行所有测试...
2026-06-18 17:13:47,854 - logging_config - INFO - run_all_tests:221 - 
--- 测试: 配置管理器 ---
2026-06-18 17:13:47,855 - logging_config - INFO - test_config_manager:25 - 🧪 测试配置管理器...
2026-06-18 17:13:47,861 - logging_config - INFO - test_config_manager:36 - ✅ 配置设置成功
2026-06-18 17:13:47,861 - logging_config - INFO - test_config_manager:46 - ✅ 配置手动恢复成功
2026-06-18 17:13:47,861 - logging_config - INFO - test_config_manager:51 - ✅ 安全属性获取成功
2026-06-18 17:13:47,862 - logging_config - INFO - run_all_tests:224 - ✅ 配置管理器 测试通过
2026-06-18 17:13:47,862 - logging_config - INFO - run_all_tests:221 - 
--- 测试: 策略常量 ---
2026-06-18 17:13:47,862 - logging_config - INFO - test_strategy_constants:62 - 🧪 测试策略常量...
2026-06-18 17:13:47,862 - logging_config - INFO - test_strategy_constants:68 - ✅ 成长股常量: 0.001
2026-06-18 17:13:47,863 - logging_config - INFO - test_strategy_constants:73 - ✅ 价值股常量: 0.85
2026-06-18 17:13:47,863 - logging_config - INFO - test_strategy_constants:78 - ✅ 不存在的常量处理正确
2026-06-18 17:13:47,863 - logging_config - INFO - run_all_tests:224 - ✅ 策略常量 测试通过
2026-06-18 17:13:47,863 - logging_config - INFO - run_all_tests:221 - 
--- 测试: SQL注入防护 ---
2026-06-18 17:13:47,865 - logging_config - INFO - test_sql_injection_protection:89 - 🧪 测试SQL注入防护...
2026-06-18 17:13:47,869 - logging_config - INFO - test_sql_injection_protection:110 - ✅ 参数化查询成功，找到表: test_table
2026-06-18 17:13:47,869 - logging_config - INFO - test_sql_injection_protection:122 - ✅ 字符串拼接查询成功，表中有 0 行
2026-06-18 17:13:47,869 - logging_config - ERROR - test_sql_injection_protection:149 - ❌ SQL注入防护测试失败: You can only execute one statement at a time.
2026-06-18 17:13:47,869 - logging_config - ERROR - run_all_tests:227 - ❌ SQL注入防护 测试失败
2026-06-18 17:13:47,871 - logging_config - INFO - run_all_tests:221 - 
--- 测试: 日志配置 ---
2026-06-18 17:13:47,871 - logging_config - INFO - test_logging_config:155 - 🧪 测试日志配置...
2026-06-18 17:13:47,871 - logging_config - INFO - test_logging_config:161 - ✅ 日志器获取成功
2026-06-18 17:13:47,871 - test_logger - INFO - test_logging_config:164 - 测试日志消息
2026-06-18 17:13:47,871 - logging_config - INFO - test_logging_config:165 - ✅ 日志输出正常
2026-06-18 17:13:47,872 - logging_config - INFO - run_all_tests:224 - ✅ 日志配置 测试通过
2026-06-18 17:13:47,883 - logging_config - INFO - run_all_tests:221 - 
--- 测试: 数据库连接 ---
2026-06-18 17:13:47,885 - logging_config - INFO - test_database_connection:176 - 🧪 测试数据库连接...
2026-06-18 17:13:47,903 - logging_config - INFO - test_database_connection:190 - ✅ 数据库连接成功，表存在
2026-06-18 17:13:47,926 - logging_config - INFO - run_all_tests:224 - ✅ 数据库连接 测试通过
2026-06-18 17:13:47,927 - logging_config - INFO - run_all_tests:233 - 
=== 测试结果汇总 ===
2026-06-18 17:13:47,928 - logging_config - INFO - run_all_tests:234 - ✅ 通过: 4
2026-06-18 17:13:47,928 - logging_config - INFO - run_all_tests:235 - ❌ 失败: 1
2026-06-18 17:13:47,929 - logging_config - INFO - run_all_tests:236 - 📊 总计: 5
2026-06-18 17:15:08,338 - logging_config - INFO - setup_logging:64 - 日志配置完成 - 级别: INFO, 文件: logs/stock_analysis.log
2026-06-18 17:15:08,345 - logging_config - INFO - setup_logging:64 - 日志配置完成 - 级别: INFO, 文件: logs/test_fixes.log
2026-06-18 17:15:08,346 - logging_config - INFO - run_all_tests:211 - 🚀 开始运行所有测试...
2026-06-18 17:15:08,346 - logging_config - INFO - run_all_tests:225 - 
--- 测试: 配置管理器 ---
2026-06-18 17:15:08,346 - logging_config - INFO - test_config_manager:25 - 🧪 测试配置管理器...
2026-06-18 17:15:08,354 - logging_config - INFO - test_config_manager:36 - ✅ 配置设置成功
2026-06-18 17:15:08,354 - logging_config - INFO - test_config_manager:46 - ✅ 配置手动恢复成功
2026-06-18 17:15:08,355 - logging_config - INFO - test_config_manager:51 - ✅ 安全属性获取成功
2026-06-18 17:15:08,355 - logging_config - INFO - run_all_tests:228 - ✅ 配置管理器 测试通过
2026-06-18 17:15:08,355 - logging_config - INFO - run_all_tests:225 - 
--- 测试: 策略常量 ---
2026-06-18 17:15:08,355 - logging_config - INFO - test_strategy_constants:62 - 🧪 测试策略常量...
2026-06-18 17:15:08,359 - logging_config - INFO - test_strategy_constants:68 - ✅ 成长股常量: 0.001
2026-06-18 17:15:08,361 - logging_config - INFO - test_strategy_constants:73 - ✅ 价值股常量: 0.85
2026-06-18 17:15:08,361 - logging_config - INFO - test_strategy_constants:78 - ✅ 不存在的常量处理正确
2026-06-18 17:15:08,361 - logging_config - INFO - run_all_tests:228 - ✅ 策略常量 测试通过
2026-06-18 17:15:08,361 - logging_config - INFO - run_all_tests:225 - 
--- 测试: SQL注入防护 ---
2026-06-18 17:15:08,361 - logging_config - INFO - test_sql_injection_protection:89 - 🧪 测试SQL注入防护...
2026-06-18 17:15:08,366 - logging_config - INFO - test_sql_injection_protection:110 - ✅ 参数化查询成功，找到表: test_table
2026-06-18 17:15:08,366 - logging_config - INFO - test_sql_injection_protection:122 - ✅ 字符串拼接查询成功，表中有 0 行
2026-06-18 17:15:08,366 - logging_config - ERROR - test_sql_injection_protection:153 - ❌ SQL注入防护测试失败: You can only execute one statement at a time.
2026-06-18 17:15:08,367 - logging_config - ERROR - run_all_tests:231 - ❌ SQL注入防护 测试失败
2026-06-18 17:15:08,367 - logging_config - INFO - run_all_tests:225 - 
--- 测试: 日志配置 ---
2026-06-18 17:15:08,367 - logging_config - INFO - test_logging_config:159 - 🧪 测试日志配置...
2026-06-18 17:15:08,367 - logging_config - INFO - test_logging_config:165 - ✅ 日志器获取成功
2026-06-18 17:15:08,367 - test_logger - INFO - test_logging_config:168 - 测试日志消息
2026-06-18 17:15:08,367 - logging_config - INFO - test_logging_config:169 - ✅ 日志输出正常
2026-06-18 17:15:08,367 - logging_config - INFO - run_all_tests:228 - ✅ 日志配置 测试通过
2026-06-18 17:15:08,367 - logging_config - INFO - run_all_tests:225 - 
--- 测试: 数据库连接 ---
2026-06-18 17:15:08,369 - logging_config - INFO - test_database_connection:180 - 🧪 测试数据库连接...
2026-06-18 17:15:08,377 - logging_config - INFO - test_database_connection:194 - ✅ 数据库连接成功，表存在
2026-06-18 17:15:08,384 - logging_config - INFO - run_all_tests:228 - ✅ 数据库连接 测试通过
2026-06-18 17:15:08,385 - logging_config - INFO - run_all_tests:237 - 
=== 测试结果汇总 ===
2026-06-18 17:15:08,385 - logging_config - INFO - run_all_tests:238 - ✅ 通过: 4
2026-06-18 17:15:08,386 - logging_config - INFO - run_all_tests:239 - ❌ 失败: 1
2026-06-18 17:15:08,386 - logging_config - INFO - run_all_tests:240 - 📊 总计: 5
2026-06-18 17:15:59,986 - logging_config - INFO - setup_logging:64 - 日志配置完成 - 级别: INFO, 文件: logs/stock_analysis.log
2026-06-18 17:15:59,989 - logging_config - INFO - setup_logging:64 - 日志配置完成 - 级别: INFO, 文件: logs/test_fixes.log
2026-06-18 17:15:59,989 - logging_config - INFO - run_all_tests:210 - 🚀 开始运行所有测试...
2026-06-18 17:15:59,989 - logging_config - INFO - run_all_tests:224 - 
--- 测试: 配置管理器 ---
2026-06-18 17:15:59,989 - logging_config - INFO - test_config_manager:25 - 🧪 测试配置管理器...
2026-06-18 17:16:00,000 - logging_config - INFO - test_config_manager:36 - ✅ 配置设置成功
2026-06-18 17:16:00,010 - logging_config - INFO - test_config_manager:46 - ✅ 配置手动恢复成功
2026-06-18 17:16:00,012 - logging_config - INFO - test_config_manager:51 - ✅ 安全属性获取成功
2026-06-18 17:16:00,012 - logging_config - INFO - run_all_tests:227 - ✅ 配置管理器 测试通过
2026-06-18 17:16:00,012 - logging_config - INFO - run_all_tests:224 - 
--- 测试: 策略常量 ---
2026-06-18 17:16:00,016 - logging_config - INFO - test_strategy_constants:62 - 🧪 测试策略常量...
2026-06-18 17:16:00,016 - logging_config - INFO - test_strategy_constants:68 - ✅ 成长股常量: 0.001
2026-06-18 17:16:00,017 - logging_config - INFO - test_strategy_constants:73 - ✅ 价值股常量: 0.85
2026-06-18 17:16:00,017 - logging_config - INFO - test_strategy_constants:78 - ✅ 不存在的常量处理正确
2026-06-18 17:16:00,017 - logging_config - INFO - run_all_tests:227 - ✅ 策略常量 测试通过
2026-06-18 17:16:00,017 - logging_config - INFO - run_all_tests:224 - 
--- 测试: SQL注入防护 ---
2026-06-18 17:16:00,018 - logging_config - INFO - test_sql_injection_protection:89 - 🧪 测试SQL注入防护...
2026-06-18 17:16:00,025 - logging_config - INFO - test_sql_injection_protection:110 - ✅ 参数化查询成功，找到表: test_table
2026-06-18 17:16:00,025 - logging_config - INFO - test_sql_injection_protection:122 - ✅ 字符串拼接查询成功，表中有 0 行
2026-06-18 17:16:00,026 - logging_config - ERROR - test_sql_injection_protection:152 - ❌ SQL注入防护测试失败: You can only execute one statement at a time.
2026-06-18 17:16:00,026 - logging_config - ERROR - run_all_tests:230 - ❌ SQL注入防护 测试失败
2026-06-18 17:16:00,026 - logging_config - INFO - run_all_tests:224 - 
--- 测试: 日志配置 ---
2026-06-18 17:16:00,026 - logging_config - INFO - test_logging_config:158 - 🧪 测试日志配置...
2026-06-18 17:16:00,027 - logging_config - INFO - test_logging_config:164 - ✅ 日志器获取成功
2026-06-18 17:16:00,027 - test_logger - INFO - test_logging_config:167 - 测试日志消息
2026-06-18 17:16:00,027 - logging_config - INFO - test_logging_config:168 - ✅ 日志输出正常
2026-06-18 17:16:00,027 - logging_config - INFO - run_all_tests:227 - ✅ 日志配置 测试通过
2026-06-18 17:16:00,027 - logging_config - INFO - run_all_tests:224 - 
--- 测试: 数据库连接 ---
2026-06-18 17:16:00,027 - logging_config - INFO - test_database_connection:179 - 🧪 测试数据库连接...
2026-06-18 17:16:00,052 - logging_config - INFO - test_database_connection:193 - ✅ 数据库连接成功，表存在
2026-06-18 17:16:00,055 - logging_config - INFO - run_all_tests:227 - ✅ 数据库连接 测试通过
2026-06-18 17:16:00,055 - logging_config - INFO - run_all_tests:236 - 
=== 测试结果汇总 ===
2026-06-18 17:16:00,055 - logging_config - INFO - run_all_tests:237 - ✅ 通过: 4
2026-06-18 17:16:00,056 - logging_config - INFO - run_all_tests:238 - ❌ 失败: 1
2026-06-18 17:16:00,056 - logging_config - INFO - run_all_tests:239 - 📊 总计: 5
2026-06-20 10:07:06,797 - logging_config - INFO - setup_logging:64 - 日志配置完成 - 级别: INFO, 文件: logs/stock_analysis.log
2026-06-20 10:07:06,800 - logging_config - INFO - setup_logging:64 - 日志配置完成 - 级别: INFO, 文件: logs/test_fixes.log
2026-06-20 10:07:06,800 - logging_config - INFO - run_all_tests:210 - 🚀 开始运行所有测试...
2026-06-20 10:07:06,800 - logging_config - INFO - run_all_tests:224 - 
--- 测试: 配置管理器 ---
2026-06-20 10:07:06,801 - logging_config - INFO - test_config_manager:25 - 🧪 测试配置管理器...
2026-06-20 10:07:06,806 - logging_config - INFO - test_config_manager:36 - ✅ 配置设置成功
2026-06-20 10:07:06,806 - logging_config - INFO - test_config_manager:46 - ✅ 配置手动恢复成功
2026-06-20 10:07:06,806 - logging_config - INFO - test_config_manager:51 - ✅ 安全属性获取成功
2026-06-20 10:07:06,807 - logging_config - INFO - run_all_tests:227 - ✅ 配置管理器 测试通过
2026-06-20 10:07:06,807 - logging_config - INFO - run_all_tests:224 - 
--- 测试: 策略常量 ---
2026-06-20 10:07:06,807 - logging_config - INFO - test_strategy_constants:62 - 🧪 测试策略常量...
2026-06-20 10:07:06,807 - logging_config - INFO - test_strategy_constants:68 - ✅ 成长股常量: 0.001
2026-06-20 10:07:06,807 - logging_config - INFO - test_strategy_constants:73 - ✅ 价值股常量: 0.85
2026-06-20 10:07:06,807 - logging_config - INFO - test_strategy_constants:78 - ✅ 不存在的常量处理正确
2026-06-20 10:07:06,808 - logging_config - INFO - run_all_tests:227 - ✅ 策略常量 测试通过
2026-06-20 10:07:06,808 - logging_config - INFO - run_all_tests:224 - 
--- 测试: SQL注入防护 ---
2026-06-20 10:07:06,808 - logging_config - INFO - test_sql_injection_protection:89 - 🧪 测试SQL注入防护...
2026-06-20 10:07:06,824 - logging_config - INFO - test_sql_injection_protection:110 - ✅ 参数化查询成功，找到表: test_table
2026-06-20 10:07:06,824 - logging_config - INFO - test_sql_injection_protection:122 - ✅ 字符串拼接查询成功，表中有 0 行
2026-06-20 10:07:06,824 - logging_config - ERROR - test_sql_injection_protection:152 - ❌ SQL注入防护测试失败: You can only execute one statement at a time.
2026-06-20 10:07:06,824 - logging_config - ERROR - run_all_tests:230 - ❌ SQL注入防护 测试失败
2026-06-20 10:07:06,824 - logging_config - INFO - run_all_tests:224 - 
--- 测试: 日志配置 ---
2026-06-20 10:07:06,824 - logging_config - INFO - test_logging_config:158 - 🧪 测试日志配置...
2026-06-20 10:07:06,826 - logging_config - INFO - test_logging_config:164 - ✅ 日志器获取成功
2026-06-20 10:07:06,826 - test_logger - INFO - test_logging_config:167 - 测试日志消息
2026-06-20 10:07:06,826 - logging_config - INFO - test_logging_config:168 - ✅ 日志输出正常
2026-06-20 10:07:06,826 - logging_config - INFO - run_all_tests:227 - ✅ 日志配置 测试通过
2026-06-20 10:07:06,826 - logging_config - INFO - run_all_tests:224 - 
--- 测试: 数据库连接 ---
2026-06-20 10:07:06,826 - logging_config - INFO - test_database_connection:179 - 🧪 测试数据库连接...
2026-06-20 10:07:06,832 - logging_config - INFO - test_database_connection:193 - ✅ 数据库连接成功，表存在
2026-06-20 10:07:06,835 - logging_config - INFO - run_all_tests:227 - ✅ 数据库连接 测试通过
2026-06-20 10:07:06,835 - logging_config - INFO - run_all_tests:236 - 
=== 测试结果汇总 ===
2026-06-20 10:07:06,836 - logging_config - INFO - run_all_tests:237 - ✅ 通过: 4
2026-06-20 10:07:06,836 - logging_config - INFO - run_all_tests:238 - ❌ 失败: 1
2026-06-20 10:07:06,836 - logging_config - INFO - run_all_tests:239 - 📊 总计: 5
2026-06-20 10:07:18,904 - logging_config - INFO - setup_logging:64 - 日志配置完成 - 级别: INFO, 文件: logs/stock_analysis.log
2026-06-20 10:07:18,906 - logging_config - INFO - setup_logging:64 - 日志配置完成 - 级别: INFO, 文件: logs/test_fixes.log
2026-06-20 10:07:18,906 - logging_config - INFO - run_all_tests:207 - 🚀 开始运行所有测试...
2026-06-20 10:07:18,907 - logging_config - INFO - run_all_tests:221 - 
--- 测试: 配置管理器 ---
2026-06-20 10:07:18,907 - logging_config - INFO - test_config_manager:25 - 🧪 测试配置管理器...
2026-06-20 10:07:18,912 - logging_config - INFO - test_config_manager:36 - ✅ 配置设置成功
2026-06-20 10:07:18,912 - logging_config - INFO - test_config_manager:46 - ✅ 配置手动恢复成功
2026-06-20 10:07:18,912 - logging_config - INFO - test_config_manager:51 - ✅ 安全属性获取成功
2026-06-20 10:07:18,914 - logging_config - INFO - run_all_tests:224 - ✅ 配置管理器 测试通过
2026-06-20 10:07:18,914 - logging_config - INFO - run_all_tests:221 - 
--- 测试: 策略常量 ---
2026-06-20 10:07:18,914 - logging_config - INFO - test_strategy_constants:62 - 🧪 测试策略常量...
2026-06-20 10:07:18,914 - logging_config - INFO - test_strategy_constants:68 - ✅ 成长股常量: 0.001
2026-06-20 10:07:18,915 - logging_config - INFO - test_strategy_constants:73 - ✅ 价值股常量: 0.85
2026-06-20 10:07:18,915 - logging_config - INFO - test_strategy_constants:78 - ✅ 不存在的常量处理正确
2026-06-20 10:07:18,915 - logging_config - INFO - run_all_tests:224 - ✅ 策略常量 测试通过
2026-06-20 10:07:18,915 - logging_config - INFO - run_all_tests:221 - 
--- 测试: SQL注入防护 ---
2026-06-20 10:07:18,916 - logging_config - INFO - test_sql_injection_protection:89 - 🧪 测试SQL注入防护...
2026-06-20 10:07:18,919 - logging_config - INFO - test_sql_injection_protection:110 - ✅ 参数化查询成功，找到表: test_table
2026-06-20 10:07:18,919 - logging_config - INFO - test_sql_injection_protection:122 - ✅ 字符串拼接查询成功，表中有 0 行
2026-06-20 10:07:18,920 - logging_config - ERROR - test_sql_injection_protection:149 - ❌ SQL注入防护测试失败: You can only execute one statement at a time.
2026-06-20 10:07:18,920 - logging_config - ERROR - run_all_tests:227 - ❌ SQL注入防护 测试失败
2026-06-20 10:07:18,920 - logging_config - INFO - run_all_tests:221 - 
--- 测试: 日志配置 ---
2026-06-20 10:07:18,920 - logging_config - INFO - test_logging_config:155 - 🧪 测试日志配置...
2026-06-20 10:07:18,921 - logging_config - INFO - test_logging_config:161 - ✅ 日志器获取成功
2026-06-20 10:07:18,921 - test_logger - INFO - test_logging_config:164 - 测试日志消息
2026-06-20 10:07:18,921 - logging_config - INFO - test_logging_config:165 - ✅ 日志输出正常
2026-06-20 10:07:18,921 - logging_config - INFO - run_all_tests:224 - ✅ 日志配置 测试通过
2026-06-20 10:07:18,922 - logging_config - INFO - run_all_tests:221 - 
--- 测试: 数据库连接 ---
2026-06-20 10:07:18,922 - logging_config - INFO - test_database_connection:176 - 🧪 测试数据库连接...
2026-06-20 10:07:18,928 - logging_config - INFO - test_database_connection:190 - ✅ 数据库连接成功，表存在
2026-06-20 10:07:18,930 - logging_config - INFO - run_all_tests:224 - ✅ 数据库连接 测试通过
2026-06-20 10:07:18,930 - logging_config - INFO - run_all_tests:233 - 
=== 测试结果汇总 ===
2026-06-20 10:07:18,931 - logging_config - INFO - run_all_tests:234 - ✅ 通过: 4
2026-06-20 10:07:18,931 - logging_config - INFO - run_all_tests:235 - ❌ 失败: 1
2026-06-20 10:07:18,931 - logging_config - INFO - run_all_tests:236 - 📊 总计: 5
2026-06-20 10:07:35,886 - logging_config - INFO - setup_logging:64 - 日志配置完成 - 级别: INFO, 文件: logs/stock_analysis.log
2026-06-20 10:07:35,887 - logging_config - INFO - setup_logging:64 - 日志配置完成 - 级别: INFO, 文件: logs/test_fixes.log
2026-06-20 10:07:35,888 - logging_config - INFO - run_all_tests:209 - 🚀 开始运行所有测试...
2026-06-20 10:07:35,888 - logging_config - INFO - run_all_tests:223 - 
--- 测试: 配置管理器 ---
2026-06-20 10:07:35,888 - logging_config - INFO - test_config_manager:25 - 🧪 测试配置管理器...
2026-06-20 10:07:35,893 - logging_config - INFO - test_config_manager:36 - ✅ 配置设置成功
2026-06-20 10:07:35,893 - logging_config - INFO - test_config_manager:46 - ✅ 配置手动恢复成功
2026-06-20 10:07:35,894 - logging_config - INFO - test_config_manager:51 - ✅ 安全属性获取成功
2026-06-20 10:07:35,894 - logging_config - INFO - run_all_tests:226 - ✅ 配置管理器 测试通过
2026-06-20 10:07:35,894 - logging_config - INFO - run_all_tests:223 - 
--- 测试: 策略常量 ---
2026-06-20 10:07:35,894 - logging_config - INFO - test_strategy_constants:62 - 🧪 测试策略常量...
2026-06-20 10:07:35,895 - logging_config - INFO - test_strategy_constants:68 - ✅ 成长股常量: 0.001
2026-06-20 10:07:35,895 - logging_config - INFO - test_strategy_constants:73 - ✅ 价值股常量: 0.85
2026-06-20 10:07:35,895 - logging_config - INFO - test_strategy_constants:78 - ✅ 不存在的常量处理正确
2026-06-20 10:07:35,895 - logging_config - INFO - run_all_tests:226 - ✅ 策略常量 测试通过
2026-06-20 10:07:35,896 - logging_config - INFO - run_all_tests:223 - 
--- 测试: SQL注入防护 ---
2026-06-20 10:07:35,896 - logging_config - INFO - test_sql_injection_protection:89 - 🧪 测试SQL注入防护...
2026-06-20 10:07:35,899 - logging_config - INFO - test_sql_injection_protection:110 - ✅ 参数化查询成功，找到表: test_table
2026-06-20 10:07:35,899 - logging_config - INFO - test_sql_injection_protection:122 - ✅ 字符串拼接查询成功，表中有 0 行
2026-06-20 10:07:35,900 - logging_config - ERROR - test_sql_injection_protection:151 - ❌ SQL注入防护测试失败: You can only execute one statement at a time.
2026-06-20 10:07:35,900 - logging_config - ERROR - run_all_tests:229 - ❌ SQL注入防护 测试失败
2026-06-20 10:07:35,900 - logging_config - INFO - run_all_tests:223 - 
--- 测试: 日志配置 ---
2026-06-20 10:07:35,900 - logging_config - INFO - test_logging_config:157 - 🧪 测试日志配置...
2026-06-20 10:07:35,901 - logging_config - INFO - test_logging_config:163 - ✅ 日志器获取成功
2026-06-20 10:07:35,901 - test_logger - INFO - test_logging_config:166 - 测试日志消息
2026-06-20 10:07:35,901 - logging_config - INFO - test_logging_config:167 - ✅ 日志输出正常
2026-06-20 10:07:35,901 - logging_config - INFO - run_all_tests:226 - ✅ 日志配置 测试通过
2026-06-20 10:07:35,901 - logging_config - INFO - run_all_tests:223 - 
--- 测试: 数据库连接 ---
2026-06-20 10:07:35,902 - logging_config - INFO - test_database_connection:178 - 🧪 测试数据库连接...
2026-06-20 10:07:35,908 - logging_config - INFO - test_database_connection:192 - ✅ 数据库连接成功，表存在
2026-06-20 10:07:35,912 - logging_config - INFO - run_all_tests:226 - ✅ 数据库连接 测试通过
2026-06-20 10:07:35,912 - logging_config - INFO - run_all_tests:235 - 
=== 测试结果汇总 ===
2026-06-20 10:07:35,912 - logging_config - INFO - run_all_tests:236 - ✅ 通过: 4
2026-06-20 10:07:35,913 - logging_config - INFO - run_all_tests:237 - ❌ 失败: 1
2026-06-20 10:07:35,913 - logging_config - INFO - run_all_tests:238 - 📊 总计: 5
2026-06-20 10:08:02,554 - logging_config - INFO - setup_logging:64 - 日志配置完成 - 级别: INFO, 文件: logs/stock_analysis.log
2026-06-20 10:08:02,555 - logging_config - INFO - setup_logging:64 - 日志配置完成 - 级别: INFO, 文件: logs/test_fixes.log
2026-06-20 10:08:02,555 - logging_config - INFO - run_all_tests:209 - 🚀 开始运行所有测试...
2026-06-20 10:08:02,556 - logging_config - INFO - run_all_tests:223 - 
--- 测试: 配置管理器 ---
2026-06-20 10:08:02,556 - logging_config - INFO - test_config_manager:25 - 🧪 测试配置管理器...
2026-06-20 10:08:02,560 - logging_config - INFO - test_config_manager:36 - ✅ 配置设置成功
2026-06-20 10:08:02,560 - logging_config - INFO - test_config_manager:46 - ✅ 配置手动恢复成功
2026-06-20 10:08:02,561 - logging_config - INFO - test_config_manager:51 - ✅ 安全属性获取成功
2026-06-20 10:08:02,561 - logging_config - INFO - run_all_tests:226 - ✅ 配置管理器 测试通过
2026-06-20 10:08:02,561 - logging_config - INFO - run_all_tests:223 - 
--- 测试: 策略常量 ---
2026-06-20 10:08:02,561 - logging_config - INFO - test_strategy_constants:62 - 🧪 测试策略常量...
2026-06-20 10:08:02,561 - logging_config - INFO - test_strategy_constants:68 - ✅ 成长股常量: 0.001
2026-06-20 10:08:02,562 - logging_config - INFO - test_strategy_constants:73 - ✅ 价值股常量: 0.85
2026-06-20 10:08:02,562 - logging_config - INFO - test_strategy_constants:78 - ✅ 不存在的常量处理正确
2026-06-20 10:08:02,562 - logging_config - INFO - run_all_tests:226 - ✅ 策略常量 测试通过
2026-06-20 10:08:02,562 - logging_config - INFO - run_all_tests:223 - 
--- 测试: SQL注入防护 ---
2026-06-20 10:08:02,562 - logging_config - INFO - test_sql_injection_protection:89 - 🧪 测试SQL注入防护...
2026-06-20 10:08:02,565 - logging_config - INFO - test_sql_injection_protection:110 - ✅ 参数化查询成功，找到表: test_table
2026-06-20 10:08:02,565 - logging_config - INFO - test_sql_injection_protection:122 - ✅ 字符串拼接查询成功，表中有 0 行
2026-06-20 10:08:02,566 - logging_config - INFO - test_sql_injection_protection:142 - ✅ SQLite正确拒绝了多语句查询
2026-06-20 10:08:02,566 - logging_config - INFO - run_all_tests:226 - ✅ SQL注入防护 测试通过
2026-06-20 10:08:02,566 - logging_config - INFO - run_all_tests:223 - 
--- 测试: 日志配置 ---
2026-06-20 10:08:02,566 - logging_config - INFO - test_logging_config:157 - 🧪 测试日志配置...
2026-06-20 10:08:02,567 - logging_config - INFO - test_logging_config:163 - ✅ 日志器获取成功
2026-06-20 10:08:02,567 - test_logger - INFO - test_logging_config:166 - 测试日志消息
2026-06-20 10:08:02,567 - logging_config - INFO - test_logging_config:167 - ✅ 日志输出正常
2026-06-20 10:08:02,567 - logging_config - INFO - run_all_tests:226 - ✅ 日志配置 测试通过
2026-06-20 10:08:02,567 - logging_config - INFO - run_all_tests:223 - 
--- 测试: 数据库连接 ---
2026-06-20 10:08:02,568 - logging_config - INFO - test_database_connection:178 - 🧪 测试数据库连接...
2026-06-20 10:08:02,573 - logging_config - INFO - test_database_connection:192 - ✅ 数据库连接成功，表存在
2026-06-20 10:08:02,575 - logging_config - INFO - run_all_tests:226 - ✅ 数据库连接 测试通过
2026-06-20 10:08:02,576 - logging_config - INFO - run_all_tests:235 - 
=== 测试结果汇总 ===
2026-06-20 10:08:02,576 - logging_config - INFO - run_all_tests:236 - ✅ 通过: 5
2026-06-20 10:08:02,576 - logging_config - INFO - run_all_tests:237 - ❌ 失败: 0
2026-06-20 10:08:02,576 - logging_config - INFO - run_all_tests:238 - 📊 总计: 5
2026-06-20 10:11:10,954 - logging_config - INFO - setup_logging:64 - 日志配置完成 - 级别: INFO, 文件: logs/stock_analysis.log
2026-06-20 10:11:10,956 - logging_config - INFO - setup_logging:64 - 日志配置完成 - 级别: INFO, 文件: logs/test_fixes.log
2026-06-20 10:11:10,956 - logging_config - INFO - run_all_tests:209 - 🚀 开始运行所有测试...
2026-06-20 10:11:10,956 - logging_config - INFO - run_all_tests:223 - 
--- 测试: 配置管理器 ---
2026-06-20 10:11:10,958 - logging_config - INFO - test_config_manager:25 - 🧪 测试配置管理器...
2026-06-20 10:11:10,964 - logging_config - INFO - test_config_manager:36 - ✅ 配置设置成功
2026-06-20 10:11:10,965 - logging_config - INFO - test_config_manager:46 - ✅ 配置手动恢复成功
2026-06-20 10:11:10,965 - logging_config - INFO - test_config_manager:51 - ✅ 安全属性获取成功
2026-06-20 10:11:10,965 - logging_config - INFO - run_all_tests:226 - ✅ 配置管理器 测试通过
2026-06-20 10:11:10,965 - logging_config - INFO - run_all_tests:223 - 
--- 测试: 策略常量 ---
2026-06-20 10:11:10,967 - logging_config - INFO - test_strategy_constants:62 - 🧪 测试策略常量...
2026-06-20 10:11:10,967 - logging_config - INFO - test_strategy_constants:68 - ✅ 成长股常量: 0.001
2026-06-20 10:11:10,967 - logging_config - INFO - test_strategy_constants:73 - ✅ 价值股常量: 0.85
2026-06-20 10:11:10,967 - logging_config - INFO - test_strategy_constants:78 - ✅ 不存在的常量处理正确
2026-06-20 10:11:10,967 - logging_config - INFO - run_all_tests:226 - ✅ 策略常量 测试通过
2026-06-20 10:11:10,969 - logging_config - INFO - run_all_tests:223 - 
--- 测试: SQL注入防护 ---
2026-06-20 10:11:10,969 - logging_config - INFO - test_sql_injection_protection:89 - 🧪 测试SQL注入防护...
2026-06-20 10:11:10,976 - logging_config - INFO - test_sql_injection_protection:110 - ✅ 参数化查询成功，找到表: test_table
2026-06-20 10:11:10,976 - logging_config - INFO - test_sql_injection_protection:122 - ✅ 字符串拼接查询成功，表中有 0 行
2026-06-20 10:11:10,978 - logging_config - INFO - test_sql_injection_protection:142 - ✅ SQLite正确拒绝了多语句查询
2026-06-20 10:11:10,978 - logging_config - INFO - run_all_tests:226 - ✅ SQL注入防护 测试通过
2026-06-20 10:11:10,978 - logging_config - INFO - run_all_tests:223 - 
--- 测试: 日志配置 ---
2026-06-20 10:11:10,978 - logging_config - INFO - test_logging_config:157 - 🧪 测试日志配置...
2026-06-20 10:11:10,978 - logging_config - INFO - test_logging_config:163 - ✅ 日志器获取成功
2026-06-20 10:11:10,978 - test_logger - INFO - test_logging_config:166 - 测试日志消息
2026-06-20 10:11:10,978 - logging_config - INFO - test_logging_config:167 - ✅ 日志输出正常
2026-06-20 10:11:10,978 - logging_config - INFO - run_all_tests:226 - ✅ 日志配置 测试通过
2026-06-20 10:11:10,980 - logging_config - INFO - run_all_tests:223 - 
--- 测试: 数据库连接 ---
2026-06-20 10:11:10,980 - logging_config - INFO - test_database_connection:178 - 🧪 测试数据库连接...
2026-06-20 10:11:10,987 - logging_config - INFO - test_database_connection:192 - ✅ 数据库连接成功，表存在
2026-06-20 10:11:10,991 - logging_config - INFO - run_all_tests:226 - ✅ 数据库连接 测试通过
2026-06-20 10:11:10,994 - logging_config - INFO - run_all_tests:235 - 
=== 测试结果汇总 ===
2026-06-20 10:11:10,994 - logging_config - INFO - run_all_tests:236 - ✅ 通过: 5
2026-06-20 10:11:10,994 - logging_config - INFO - run_all_tests:237 - ❌ 失败: 0
2026-06-20 10:11:10,994 - logging_config - INFO - run_all_tests:238 - 📊 总计: 5
2026-06-20 10:11:31,345 - logging_config - INFO - setup_logging:64 - 日志配置完成 - 级别: INFO, 文件: logs/stock_analysis.log
2026-06-20 10:11:31,653 - logging_config - INFO - setup_logging:64 - 日志配置完成 - 级别: INFO, 文件: logs/stock_analysis.log
2026-06-20 10:11:42,262 - logging_config - INFO - setup_logging:64 - 日志配置完成 - 级别: INFO, 文件: logs/stock_analysis.log
2026-06-20 10:11:42,507 - logging_config - INFO - setup_logging:64 - 日志配置完成 - 级别: INFO, 文件: logs/stock_analysis.log
2026-06-20 10:11:42,553 - alert_system - INFO - add_rule:173 - 添加预警规则: 价格大幅上涨
2026-06-20 10:11:42,553 - alert_system - INFO - add_rule:173 - 添加预警规则: 价格大幅下跌
2026-06-20 10:11:42,553 - alert_system - INFO - add_rule:173 - 添加预警规则: 成交量暴增
2026-06-20 10:11:42,554 - alert_system - INFO - add_rule:173 - 添加预警规则: 突破20日均线
2026-06-20 10:11:42,554 - alert_system - INFO - add_rule:173 - 添加预警规则: 跌破20日均线
2026-06-20 10:11:42,554 - alert_system - INFO - add_rule:173 - 添加预警规则: 系统CPU使用率过高
2026-06-20 10:11:42,555 - alert_system - INFO - _init_default_rules:168 - 已初始化 6 个预警规则
2026-06-20 10:11:42,555 - alert_system - INFO - add_notification_channel:226 - 添加通知渠道: console_notification
2026-06-20 10:11:42,555 - alert_system - INFO - add_notification_channel:226 - 添加通知渠道: log_notification
2026-06-20 10:11:42,555 - __main__ - INFO - __init__:39 - 🚀 增强版股票分析系统初始化完成
2026-06-20 10:11:42,556 - __main__ - INFO - run_performance_report:89 - 📈 生成性能报告...
2026-06-20 10:11:43,880 - __main__ - INFO - run_performance_report:132 - 
=== 增强版股票分析系统 - 性能报告 ===
生成时间: 2026-06-20 10:11:43
运行时间: 1秒

【系统指标】
- CPU使用率: 83.5%
- 内存使用率: 62.9%
- 磁盘使用率: 62.7%

【数据库指标】
- 数据库大小: 203.66796875 MB
- 总记录数: 1,419,426

【性能统计】
- 函数调用数: 0
- API调用数: 0
- 平均执行时间: 0.000秒
- 平均API时间: 0.000秒
- 慢查询数: 0

【缓存统计】
- 查询缓存命中率: 0.00%
- API缓存命中率: 0.00%

【预警统计】
- 总预警数: 0

2026-06-20 10:11:43,880 - __main__ - INFO - shutdown:150 - 🛑 关闭系统...
2026-06-20 10:11:43,881 - __main__ - INFO - run_performance_report:89 - 📈 生成性能报告...
2026-06-20 10:11:45,178 - __main__ - INFO - run_performance_report:132 - 
=== 增强版股票分析系统 - 性能报告 ===
生成时间: 2026-06-20 10:11:45
运行时间: 3秒

【系统指标】
- CPU使用率: 90.8%
- 内存使用率: 62.9%
- 磁盘使用率: 62.7%

【数据库指标】
- 数据库大小: 203.66796875 MB
- 总记录数: 1,419,426

【性能统计】
- 函数调用数: 0
- API调用数: 0
- 平均执行时间: 0.000秒
- 平均API时间: 0.000秒
- 慢查询数: 0

【缓存统计】
- 查询缓存命中率: 0.00%
- API缓存命中率: 0.00%

【预警统计】
- 总预警数: 0

2026-06-20 10:11:45,178 - performance_optimizer - INFO - clear:74 - 缓存已清空
2026-06-20 10:11:45,179 - performance_optimizer - INFO - clear:139 - API缓存已清空
2026-06-20 10:11:45,179 - __main__ - INFO - shutdown:159 - ✅ 系统已关闭
2026-06-20 10:12:16,866 - logging_config - INFO - setup_logging:64 - 日志配置完成 - 级别: INFO, 文件: logs/stock_analysis.log
2026-06-20 10:12:16,870 - logging_config - INFO - setup_logging:64 - 日志配置完成 - 级别: INFO, 文件: logs/stock_analysis.log
2026-06-20 10:12:41,772 - logging_config - INFO - setup_logging:64 - 日志配置完成 - 级别: INFO, 文件: logs/stock_analysis.log
2026-06-20 10:12:41,973 - logging_config - INFO - setup_logging:64 - 日志配置完成 - 级别: INFO, 文件: logs/stock_analysis.log
2026-06-20 10:12:41,974 - __main__ - INFO - run_all_tests:254 - 🚀 开始运行集成测试...
2026-06-20 10:12:41,984 - __main__ - INFO - log_result:44 - ✅ PASS: 数据库连接测试
2026-06-20 10:12:41,984 - __main__ - ERROR - log_result:47 - ❌ FAIL: 性能优化模块测试 - 'QueryCache' object has no attribute 'cache_query'
2026-06-20 10:12:46,243 - __main__ - INFO - log_result:44 - ✅ PASS: 系统监控模块测试
2026-06-20 10:12:46,247 - visualization - INFO - create_performance_chart:50 - 性能图表已生成: reports\charts\performance_20260620_101246.png
2026-06-20 10:12:46,248 - visualization - INFO - create_portfolio_allocation_chart:84 - 配置图表已生成: reports\charts\allocation_20260620_101246.png
2026-06-20 10:12:46,250 - visualization - INFO - create_dashboard:201 - 仪表板已生成: reports\charts\dashboard_20260620_101246.html
2026-06-20 10:12:46,251 - __main__ - INFO - log_result:44 - ✅ PASS: 可视化模块测试
2026-06-20 10:12:46,251 - alert_system - INFO - add_rule:173 - 添加预警规则: 价格大幅上涨
2026-06-20 10:12:46,252 - alert_system - INFO - add_rule:173 - 添加预警规则: 价格大幅下跌
2026-06-20 10:12:46,252 - alert_system - INFO - add_rule:173 - 添加预警规则: 成交量暴增
2026-06-20 10:12:46,252 - alert_system - INFO - add_rule:173 - 添加预警规则: 突破20日均线
2026-06-20 10:12:46,252 - alert_system - INFO - add_rule:173 - 添加预警规则: 跌破20日均线
2026-06-20 10:12:46,252 - alert_system - INFO - add_rule:173 - 添加预警规则: 系统CPU使用率过高
2026-06-20 10:12:46,252 - alert_system - INFO - _init_default_rules:168 - 已初始化 6 个预警规则
2026-06-20 10:12:46,254 - __main__ - ERROR - log_result:47 - ❌ FAIL: 预警系统模块测试 - name 'timedelta' is not defined
2026-06-20 10:12:46,261 - logging_config - INFO - setup_logging:64 - 日志配置完成 - 级别: INFO, 文件: logs/stock_analysis.log
2026-06-20 10:12:46,264 - alert_system - INFO - add_rule:173 - 添加预警规则: 价格大幅上涨
2026-06-20 10:12:46,265 - alert_system - INFO - add_rule:173 - 添加预警规则: 价格大幅下跌
2026-06-20 10:12:46,265 - alert_system - INFO - add_rule:173 - 添加预警规则: 成交量暴增
2026-06-20 10:12:46,265 - alert_system - INFO - add_rule:173 - 添加预警规则: 突破20日均线
2026-06-20 10:12:46,267 - alert_system - INFO - add_rule:173 - 添加预警规则: 跌破20日均线
2026-06-20 10:12:46,268 - alert_system - INFO - add_rule:173 - 添加预警规则: 系统CPU使用率过高
2026-06-20 10:12:46,268 - alert_system - INFO - _init_default_rules:168 - 已初始化 6 个预警规则
2026-06-20 10:12:46,268 - alert_system - INFO - add_notification_channel:226 - 添加通知渠道: console_notification
2026-06-20 10:12:46,269 - alert_system - INFO - add_notification_channel:226 - 添加通知渠道: log_notification
2026-06-20 10:12:46,269 - enhanced_main - INFO - __init__:39 - 🚀 增强版股票分析系统初始化完成
2026-06-20 10:12:47,503 - enhanced_main - INFO - run_performance_report:89 - 📈 生成性能报告...
2026-06-20 10:12:48,744 - enhanced_main - INFO - run_performance_report:132 - 
=== 增强版股票分析系统 - 性能报告 ===
生成时间: 2026-06-20 10:12:48
运行时间: 2秒

【系统指标】
- CPU使用率: 61.9%
- 内存使用率: 62.0%
- 磁盘使用率: 62.7%

【数据库指标】
- 数据库大小: 203.66796875 MB
- 总记录数: 1,419,426

【性能统计】
- 函数调用数: 0
- API调用数: 0
- 平均执行时间: 0.000秒
- 平均API时间: 0.000秒
- 慢查询数: 0

【缓存统计】
- 查询缓存命中率: 0.00%
- API缓存命中率: 0.00%

【预警统计】
- 总预警数: 0

2026-06-20 10:12:48,745 - enhanced_main - INFO - shutdown:150 - 🛑 关闭系统...
2026-06-20 10:12:48,745 - enhanced_main - INFO - run_performance_report:89 - 📈 生成性能报告...
2026-06-20 10:12:50,089 - enhanced_main - INFO - run_performance_report:132 - 
=== 增强版股票分析系统 - 性能报告 ===
生成时间: 2026-06-20 10:12:50
运行时间: 4秒

【系统指标】
- CPU使用率: 69.7%
- 内存使用率: 62.1%
- 磁盘使用率: 62.7%

【数据库指标】
- 数据库大小: 203.66796875 MB
- 总记录数: 1,419,426

【性能统计】
- 函数调用数: 0
- API调用数: 0
- 平均执行时间: 0.000秒
- 平均API时间: 0.000秒
- 慢查询数: 0

【缓存统计】
- 查询缓存命中率: 0.00%
- API缓存命中率: 0.00%

【预警统计】
- 总预警数: 0

2026-06-20 10:12:50,090 - performance_optimizer - INFO - clear:74 - 缓存已清空
2026-06-20 10:12:50,090 - performance_optimizer - INFO - clear:139 - API缓存已清空
2026-06-20 10:12:50,090 - enhanced_main - INFO - shutdown:159 - ✅ 系统已关闭
2026-06-20 10:12:50,091 - __main__ - INFO - log_result:44 - ✅ PASS: 模块集成测试
2026-06-20 10:12:50,091 - __main__ - INFO - run_all_tests:264 - 
==================================================
2026-06-20 10:12:50,092 - __main__ - INFO - run_all_tests:265 - 📊 集成测试结果摘要
2026-06-20 10:12:50,092 - __main__ - INFO - run_all_tests:266 - ==================================================
2026-06-20 10:12:50,092 - __main__ - INFO - run_all_tests:267 - 总计: 6 个测试
2026-06-20 10:12:50,092 - __main__ - INFO - run_all_tests:268 - 通过: 4 个
2026-06-20 10:12:50,092 - __main__ - INFO - run_all_tests:269 - 失败: 2 个
2026-06-20 10:12:50,093 - __main__ - INFO - run_all_tests:270 - 通过率: 66.7%
2026-06-20 10:12:50,093 - __main__ - INFO - run_all_tests:271 - ==================================================
2026-06-20 10:13:14,588 - logging_config - INFO - setup_logging:64 - 日志配置完成 - 级别: INFO, 文件: logs/stock_analysis.log
2026-06-20 10:13:14,832 - logging_config - INFO - setup_logging:64 - 日志配置完成 - 级别: INFO, 文件: logs/stock_analysis.log
2026-06-20 10:13:14,832 - __main__ - INFO - run_all_tests:259 - 🚀 开始运行集成测试...
2026-06-20 10:13:14,849 - __main__ - INFO - log_result:45 - ✅ PASS: 数据库连接测试
2026-06-20 10:13:14,850 - __main__ - INFO - log_result:45 - ✅ PASS: 性能优化模块测试
2026-06-20 10:13:18,843 - __main__ - INFO - log_result:45 - ✅ PASS: 系统监控模块测试
2026-06-20 10:13:18,846 - visualization - INFO - create_performance_chart:50 - 性能图表已生成: reports\charts\performance_20260620_101318.png
2026-06-20 10:13:18,849 - visualization - INFO - create_portfolio_allocation_chart:84 - 配置图表已生成: reports\charts\allocation_20260620_101318.png
2026-06-20 10:13:18,865 - visualization - INFO - create_dashboard:201 - 仪表板已生成: reports\charts\dashboard_20260620_101318.html
2026-06-20 10:13:18,867 - __main__ - INFO - log_result:45 - ✅ PASS: 可视化模块测试
2026-06-20 10:13:18,867 - alert_system - INFO - add_rule:173 - 添加预警规则: 价格大幅上涨
2026-06-20 10:13:18,867 - alert_system - INFO - add_rule:173 - 添加预警规则: 价格大幅下跌
2026-06-20 10:13:18,867 - alert_system - INFO - add_rule:173 - 添加预警规则: 成交量暴增
2026-06-20 10:13:18,868 - alert_system - INFO - add_rule:173 - 添加预警规则: 突破20日均线
2026-06-20 10:13:18,874 - alert_system - INFO - add_rule:173 - 添加预警规则: 跌破20日均线
2026-06-20 10:13:18,875 - alert_system - INFO - add_rule:173 - 添加预警规则: 系统CPU使用率过高
2026-06-20 10:13:18,875 - alert_system - INFO - _init_default_rules:168 - 已初始化 6 个预警规则
2026-06-20 10:13:18,877 - __main__ - ERROR - log_result:48 - ❌ FAIL: 预警系统模块测试 - name 'timedelta' is not defined
2026-06-20 10:13:18,882 - logging_config - INFO - setup_logging:64 - 日志配置完成 - 级别: INFO, 文件: logs/stock_analysis.log
2026-06-20 10:13:18,883 - alert_system - INFO - add_rule:173 - 添加预警规则: 价格大幅上涨
2026-06-20 10:13:18,884 - alert_system - INFO - add_rule:173 - 添加预警规则: 价格大幅下跌
2026-06-20 10:13:18,884 - alert_system - INFO - add_rule:173 - 添加预警规则: 成交量暴增
2026-06-20 10:13:18,884 - alert_system - INFO - add_rule:173 - 添加预警规则: 突破20日均线
2026-06-20 10:13:18,884 - alert_system - INFO - add_rule:173 - 添加预警规则: 跌破20日均线
2026-06-20 10:13:18,885 - alert_system - INFO - add_rule:173 - 添加预警规则: 系统CPU使用率过高
2026-06-20 10:13:18,885 - alert_system - INFO - _init_default_rules:168 - 已初始化 6 个预警规则
2026-06-20 10:13:18,885 - alert_system - INFO - add_notification_channel:226 - 添加通知渠道: console_notification
2026-06-20 10:13:18,885 - alert_system - INFO - add_notification_channel:226 - 添加通知渠道: log_notification
2026-06-20 10:13:18,886 - enhanced_main - INFO - __init__:39 - 🚀 增强版股票分析系统初始化完成
2026-06-20 10:13:20,131 - enhanced_main - INFO - run_performance_report:89 - 📈 生成性能报告...
2026-06-20 10:13:21,379 - enhanced_main - INFO - run_performance_report:132 - 
=== 增强版股票分析系统 - 性能报告 ===
生成时间: 2026-06-20 10:13:21
运行时间: 2秒

【系统指标】
- CPU使用率: 96.2%
- 内存使用率: 62.9%
- 磁盘使用率: 62.7%

【数据库指标】
- 数据库大小: 203.66796875 MB
- 总记录数: 1,419,426

【性能统计】
- 函数调用数: 0
- API调用数: 1
- 平均执行时间: 0.000秒
- 平均API时间: 0.000秒
- 慢查询数: 0

【缓存统计】
- 查询缓存命中率: 50.00%
- API缓存命中率: 50.00%

【预警统计】
- 总预警数: 0

2026-06-20 10:13:21,379 - enhanced_main - INFO - shutdown:150 - 🛑 关闭系统...
2026-06-20 10:13:21,379 - enhanced_main - INFO - run_performance_report:89 - 📈 生成性能报告...
2026-06-20 10:13:22,852 - enhanced_main - INFO - run_performance_report:132 - 
=== 增强版股票分析系统 - 性能报告 ===
生成时间: 2026-06-20 10:13:22
运行时间: 4秒

【系统指标】
- CPU使用率: 93.9%
- 内存使用率: 62.8%
- 磁盘使用率: 62.7%

【数据库指标】
- 数据库大小: 203.66796875 MB
- 总记录数: 1,419,426

【性能统计】
- 函数调用数: 0
- API调用数: 1
- 平均执行时间: 0.000秒
- 平均API时间: 0.000秒
- 慢查询数: 0

【缓存统计】
- 查询缓存命中率: 50.00%
- API缓存命中率: 50.00%

【预警统计】
- 总预警数: 0

2026-06-20 10:13:22,852 - performance_optimizer - INFO - clear:74 - 缓存已清空
2026-06-20 10:13:22,852 - performance_optimizer - INFO - clear:139 - API缓存已清空
2026-06-20 10:13:22,852 - enhanced_main - INFO - shutdown:159 - ✅ 系统已关闭
2026-06-20 10:13:22,852 - __main__ - INFO - log_result:45 - ✅ PASS: 模块集成测试
2026-06-20 10:13:22,852 - __main__ - INFO - run_all_tests:269 - 
==================================================
2026-06-20 10:13:22,854 - __main__ - INFO - run_all_tests:270 - 📊 集成测试结果摘要
2026-06-20 10:13:22,854 - __main__ - INFO - run_all_tests:271 - ==================================================
2026-06-20 10:13:22,854 - __main__ - INFO - run_all_tests:272 - 总计: 6 个测试
2026-06-20 10:13:22,854 - __main__ - INFO - run_all_tests:273 - 通过: 5 个
2026-06-20 10:13:22,854 - __main__ - INFO - run_all_tests:274 - 失败: 1 个
2026-06-20 10:13:22,854 - __main__ - INFO - run_all_tests:275 - 通过率: 83.3%
2026-06-20 10:13:22,854 - __main__ - INFO - run_all_tests:276 - ==================================================
2026-06-20 10:13:58,581 - logging_config - INFO - setup_logging:64 - 日志配置完成 - 级别: INFO, 文件: logs/stock_analysis.log
2026-06-20 10:13:59,411 - logging_config - INFO - setup_logging:64 - 日志配置完成 - 级别: INFO, 文件: logs/stock_analysis.log
2026-06-20 10:13:59,412 - __main__ - INFO - run_all_tests:259 - 🚀 开始运行集成测试...
2026-06-20 10:13:59,422 - __main__ - INFO - log_result:45 - ✅ PASS: 数据库连接测试
2026-06-20 10:13:59,422 - __main__ - INFO - log_result:45 - ✅ PASS: 性能优化模块测试
2026-06-20 10:14:03,347 - __main__ - INFO - log_result:45 - ✅ PASS: 系统监控模块测试
2026-06-20 10:14:03,349 - visualization - INFO - create_performance_chart:50 - 性能图表已生成: reports\charts\performance_20260620_101403.png
2026-06-20 10:14:03,350 - visualization - INFO - create_portfolio_allocation_chart:84 - 配置图表已生成: reports\charts\allocation_20260620_101403.png
2026-06-20 10:14:03,352 - visualization - INFO - create_dashboard:201 - 仪表板已生成: reports\charts\dashboard_20260620_101403.html
2026-06-20 10:14:03,352 - __main__ - INFO - log_result:45 - ✅ PASS: 可视化模块测试
2026-06-20 10:14:03,352 - alert_system - INFO - add_rule:173 - 添加预警规则: 价格大幅上涨
2026-06-20 10:14:03,353 - alert_system - INFO - add_rule:173 - 添加预警规则: 价格大幅下跌
2026-06-20 10:14:03,353 - alert_system - INFO - add_rule:173 - 添加预警规则: 成交量暴增
2026-06-20 10:14:03,353 - alert_system - INFO - add_rule:173 - 添加预警规则: 突破20日均线
2026-06-20 10:14:03,354 - alert_system - INFO - add_rule:173 - 添加预警规则: 跌破20日均线
2026-06-20 10:14:03,354 - alert_system - INFO - add_rule:173 - 添加预警规则: 系统CPU使用率过高
2026-06-20 10:14:03,354 - alert_system - INFO - _init_default_rules:168 - 已初始化 6 个预警规则
2026-06-20 10:14:03,365 - __main__ - INFO - log_result:45 - ✅ PASS: 预警系统模块测试
2026-06-20 10:14:03,381 - logging_config - INFO - setup_logging:64 - 日志配置完成 - 级别: INFO, 文件: logs/stock_analysis.log
2026-06-20 10:14:03,383 - alert_system - INFO - add_rule:173 - 添加预警规则: 价格大幅上涨
2026-06-20 10:14:03,383 - alert_system - INFO - add_rule:173 - 添加预警规则: 价格大幅下跌
2026-06-20 10:14:03,383 - alert_system - INFO - add_rule:173 - 添加预警规则: 成交量暴增
2026-06-20 10:14:03,383 - alert_system - INFO - add_rule:173 - 添加预警规则: 突破20日均线
2026-06-20 10:14:03,399 - alert_system - INFO - add_rule:173 - 添加预警规则: 跌破20日均线
2026-06-20 10:14:03,400 - alert_system - INFO - add_rule:173 - 添加预警规则: 系统CPU使用率过高
2026-06-20 10:14:03,400 - alert_system - INFO - _init_default_rules:168 - 已初始化 6 个预警规则
2026-06-20 10:14:03,401 - alert_system - INFO - add_notification_channel:226 - 添加通知渠道: console_notification
2026-06-20 10:14:03,401 - alert_system - INFO - add_notification_channel:226 - 添加通知渠道: log_notification
2026-06-20 10:14:03,401 - enhanced_main - INFO - __init__:39 - 🚀 增强版股票分析系统初始化完成
2026-06-20 10:14:05,036 - enhanced_main - INFO - run_performance_report:89 - 📈 生成性能报告...
2026-06-20 10:14:06,309 - enhanced_main - INFO - run_performance_report:132 - 
=== 增强版股票分析系统 - 性能报告 ===
生成时间: 2026-06-20 10:14:06
运行时间: 3秒

【系统指标】
- CPU使用率: 100.0%
- 内存使用率: 63.1%
- 磁盘使用率: 62.7%

【数据库指标】
- 数据库大小: 203.66796875 MB
- 总记录数: 1,419,426

【性能统计】
- 函数调用数: 0
- API调用数: 1
- 平均执行时间: 0.000秒
- 平均API时间: 0.000秒
- 慢查询数: 0

【缓存统计】
- 查询缓存命中率: 50.00%
- API缓存命中率: 50.00%

【预警统计】
- 总预警数: 0

2026-06-20 10:14:06,310 - enhanced_main - INFO - shutdown:150 - 🛑 关闭系统...
2026-06-20 10:14:06,310 - enhanced_main - INFO - run_performance_report:89 - 📈 生成性能报告...
2026-06-20 10:14:07,558 - enhanced_main - INFO - run_performance_report:132 - 
=== 增强版股票分析系统 - 性能报告 ===
生成时间: 2026-06-20 10:14:07
运行时间: 4秒

【系统指标】
- CPU使用率: 100.0%
- 内存使用率: 63.1%
- 磁盘使用率: 62.7%

【数据库指标】
- 数据库大小: 203.66796875 MB
- 总记录数: 1,419,426

【性能统计】
- 函数调用数: 0
- API调用数: 1
- 平均执行时间: 0.000秒
- 平均API时间: 0.000秒
- 慢查询数: 0

【缓存统计】
- 查询缓存命中率: 50.00%
- API缓存命中率: 50.00%

【预警统计】
- 总预警数: 0

2026-06-20 10:14:07,559 - performance_optimizer - INFO - clear:74 - 缓存已清空
2026-06-20 10:14:07,559 - performance_optimizer - INFO - clear:139 - API缓存已清空
2026-06-20 10:14:07,559 - enhanced_main - INFO - shutdown:159 - ✅ 系统已关闭
2026-06-20 10:14:07,560 - __main__ - INFO - log_result:45 - ✅ PASS: 模块集成测试
2026-06-20 10:14:07,560 - __main__ - INFO - run_all_tests:269 - 
==================================================
2026-06-20 10:14:07,569 - __main__ - INFO - run_all_tests:270 - 📊 集成测试结果摘要
2026-06-20 10:14:07,569 - __main__ - INFO - run_all_tests:271 - ==================================================
2026-06-20 10:14:07,569 - __main__ - INFO - run_all_tests:272 - 总计: 6 个测试
2026-06-20 10:14:07,570 - __main__ - INFO - run_all_tests:273 - 通过: 6 个
2026-06-20 10:14:07,570 - __main__ - INFO - run_all_tests:274 - 失败: 0 个
2026-06-20 10:14:07,570 - __main__ - INFO - run_all_tests:275 - 通过率: 100.0%
2026-06-20 10:14:07,571 - __main__ - INFO - run_all_tests:276 - ==================================================
2026-06-20 10:16:52,965 - logging_config - INFO - setup_logging:64 - 日志配置完成 - 级别: INFO, 文件: logs/stock_analysis.log
2026-06-20 10:16:53,166 - logging_config - INFO - setup_logging:64 - 日志配置完成 - 级别: INFO, 文件: logs/stock_analysis.log
2026-06-20 10:16:53,188 - alert_system - INFO - add_rule:173 - 添加预警规则: 价格大幅上涨
2026-06-20 10:16:53,190 - alert_system - INFO - add_rule:173 - 添加预警规则: 价格大幅下跌
2026-06-20 10:16:53,190 - alert_system - INFO - add_rule:173 - 添加预警规则: 成交量暴增
2026-06-20 10:16:53,191 - alert_system - INFO - add_rule:173 - 添加预警规则: 突破20日均线
2026-06-20 10:16:53,191 - alert_system - INFO - add_rule:173 - 添加预警规则: 跌破20日均线
2026-06-20 10:16:53,192 - alert_system - INFO - add_rule:173 - 添加预警规则: 系统CPU使用率过高
2026-06-20 10:16:53,192 - alert_system - INFO - _init_default_rules:168 - 已初始化 6 个预警规则
2026-06-20 10:16:53,193 - alert_system - INFO - add_notification_channel:226 - 添加通知渠道: console_notification
2026-06-20 10:16:53,195 - __main__ - INFO - run_full_ops:263 - 🚀 开始完整运维流程...
2026-06-20 10:16:53,197 - __main__ - INFO - _health_check:65 - 🏥 执行健康检查...
2026-06-20 10:16:54,425 - __main__ - INFO - _health_check:77 - 系统状态: healthy
2026-06-20 10:16:54,425 - __main__ - INFO - _cleanup_temp_files:81 - 🧹 清理临时文件...
2026-06-20 10:16:54,429 - __main__ - INFO - _cleanup_temp_files:100 - 临时文件清理完成
2026-06-20 10:16:54,429 - __main__ - INFO - _cleanup_cache:104 - 🗑️ 清理过期缓存...
2026-06-20 10:16:54,429 - performance_optimizer - INFO - clear:74 - 缓存已清空
2026-06-20 10:16:54,430 - performance_optimizer - INFO - clear:139 - API缓存已清空
2026-06-20 10:23:58,235 - logging_config - INFO - setup_logging:64 - 日志配置完成 - 级别: INFO, 文件: logs/stock_analysis.log
2026-06-20 10:23:58,502 - logging_config - INFO - setup_logging:64 - 日志配置完成 - 级别: INFO, 文件: logs/stock_analysis.log
2026-06-20 10:23:58,545 - alert_system - INFO - add_rule:173 - 添加预警规则: 价格大幅上涨
2026-06-20 10:23:58,545 - alert_system - INFO - add_rule:173 - 添加预警规则: 价格大幅下跌
2026-06-20 10:23:58,545 - alert_system - INFO - add_rule:173 - 添加预警规则: 成交量暴增
2026-06-20 10:23:58,546 - alert_system - INFO - add_rule:173 - 添加预警规则: 突破20日均线
2026-06-20 10:23:58,546 - alert_system - INFO - add_rule:173 - 添加预警规则: 跌破20日均线
2026-06-20 10:23:58,546 - alert_system - INFO - add_rule:173 - 添加预警规则: 系统CPU使用率过高
2026-06-20 10:23:58,546 - alert_system - INFO - _init_default_rules:168 - 已初始化 6 个预警规则
2026-06-20 10:23:58,546 - alert_system - INFO - add_notification_channel:226 - 添加通知渠道: console_notification
2026-06-20 10:23:58,550 - __main__ - INFO - run_full_ops:259 - 🚀 开始完整运维流程...
2026-06-20 10:23:58,550 - __main__ - INFO - _health_check:65 - 🏥 执行健康检查...
2026-06-20 10:23:59,821 - __main__ - INFO - _health_check:77 - 系统状态: critical
2026-06-20 10:23:59,822 - __main__ - INFO - _cleanup_temp_files:81 - 🧹 清理临时文件...
2026-06-20 10:23:59,827 - __main__ - INFO - _cleanup_temp_files:100 - 临时文件清理完成
2026-06-20 10:23:59,828 - __main__ - INFO - _cleanup_cache:104 - 🗑️ 清理过期缓存...
2026-06-20 10:23:59,829 - performance_optimizer - INFO - clear:74 - 缓存已清空
2026-06-20 10:23:59,829 - performance_optimizer - INFO - clear:139 - API缓存已清空
2026-06-20 10:23:59,829 - __main__ - INFO - _cleanup_cache:110 - 缓存清理完成
2026-06-20 10:23:59,829 - __main__ - INFO - backup_database:152 - 💾 开始数据库备份...
2026-06-20 10:26:19,551 - __main__ - INFO - backup_database:175 - ✅ 备份完成: backups\stock_analysis_20260620_102359.db.gz
2026-06-20 10:26:19,551 - __main__ - INFO - optimize_database:184 - 🔧 开始数据库优化...
2026-06-20 10:26:34,663 - __main__ - INFO - optimize_database:205 - ✅ 数据库优化完成
2026-06-20 10:26:34,664 - __main__ - INFO - check_data_quality:214 - 🔍 检查数据质量...
2026-06-20 10:26:34,676 - __main__ - INFO - check_data_quality:250 - ✅ 数据质量检查通过
2026-06-20 10:26:34,679 - __main__ - INFO - _generate_ops_report:295 - 运维报告已保存: reports\ops_20260620_102634.txt
2026-06-20 10:26:34,679 - __main__ - INFO - run_full_ops:273 - ✅ 完整运维流程完成
2026-06-20 10:26:34,682 - performance_optimizer - INFO - clear:74 - 缓存已清空
2026-06-20 10:26:34,683 - performance_optimizer - INFO - clear:139 - API缓存已清空
2026-06-20 10:28:48,019 - logging_config - INFO - setup_logging:64 - 日志配置完成 - 级别: INFO, 文件: logs/stock_analysis.log
2026-06-20 10:28:48,023 - logging_config - INFO - setup_logging:64 - 日志配置完成 - 级别: INFO, 文件: logs/test_fixes.log
2026-06-20 10:28:48,023 - logging_config - INFO - run_all_tests:209 - 🚀 开始运行所有测试...
2026-06-20 10:28:48,023 - logging_config - INFO - run_all_tests:223 - 
--- 测试: 配置管理器 ---
2026-06-20 10:28:48,023 - logging_config - INFO - test_config_manager:25 - 🧪 测试配置管理器...
2026-06-20 10:28:48,028 - logging_config - INFO - test_config_manager:36 - ✅ 配置设置成功
2026-06-20 10:28:48,029 - logging_config - INFO - test_config_manager:46 - ✅ 配置手动恢复成功
2026-06-20 10:28:48,029 - logging_config - INFO - test_config_manager:51 - ✅ 安全属性获取成功
2026-06-20 10:28:48,029 - logging_config - INFO - run_all_tests:226 - ✅ 配置管理器 测试通过
2026-06-20 10:28:48,029 - logging_config - INFO - run_all_tests:223 - 
--- 测试: 策略常量 ---
2026-06-20 10:28:48,029 - logging_config - INFO - test_strategy_constants:62 - 🧪 测试策略常量...
2026-06-20 10:28:48,029 - logging_config - INFO - test_strategy_constants:68 - ✅ 成长股常量: 0.001
2026-06-20 10:28:48,029 - logging_config - INFO - test_strategy_constants:73 - ✅ 价值股常量: 0.85
2026-06-20 10:28:48,031 - logging_config - INFO - test_strategy_constants:78 - ✅ 不存在的常量处理正确
2026-06-20 10:28:48,031 - logging_config - INFO - run_all_tests:226 - ✅ 策略常量 测试通过
2026-06-20 10:28:48,031 - logging_config - INFO - run_all_tests:223 - 
--- 测试: SQL注入防护 ---
2026-06-20 10:28:48,031 - logging_config - INFO - test_sql_injection_protection:89 - 🧪 测试SQL注入防护...
2026-06-20 10:28:48,036 - logging_config - INFO - test_sql_injection_protection:110 - ✅ 参数化查询成功，找到表: test_table
2026-06-20 10:28:48,037 - logging_config - INFO - test_sql_injection_protection:122 - ✅ 字符串拼接查询成功，表中有 0 行
2026-06-20 10:28:48,038 - logging_config - INFO - test_sql_injection_protection:142 - ✅ SQLite正确拒绝了多语句查询
2026-06-20 10:28:48,038 - logging_config - INFO - run_all_tests:226 - ✅ SQL注入防护 测试通过
2026-06-20 10:28:48,038 - logging_config - INFO - run_all_tests:223 - 
--- 测试: 日志配置 ---
2026-06-20 10:28:48,038 - logging_config - INFO - test_logging_config:157 - 🧪 测试日志配置...
2026-06-20 10:28:48,039 - logging_config - INFO - test_logging_config:163 - ✅ 日志器获取成功
2026-06-20 10:28:48,039 - test_logger - INFO - test_logging_config:166 - 测试日志消息
2026-06-20 10:28:48,042 - logging_config - INFO - test_logging_config:167 - ✅ 日志输出正常
2026-06-20 10:28:48,042 - logging_config - INFO - run_all_tests:226 - ✅ 日志配置 测试通过
2026-06-20 10:28:48,044 - logging_config - INFO - run_all_tests:223 - 
--- 测试: 数据库连接 ---
2026-06-20 10:28:48,044 - logging_config - INFO - test_database_connection:178 - 🧪 测试数据库连接...
2026-06-20 10:28:48,059 - logging_config - INFO - test_database_connection:192 - ✅ 数据库连接成功，表存在
2026-06-20 10:28:48,064 - logging_config - INFO - run_all_tests:226 - ✅ 数据库连接 测试通过
2026-06-20 10:28:48,064 - logging_config - INFO - run_all_tests:235 - 
=== 测试结果汇总 ===
2026-06-20 10:28:48,064 - logging_config - INFO - run_all_tests:236 - ✅ 通过: 5
2026-06-20 10:28:48,065 - logging_config - INFO - run_all_tests:237 - ❌ 失败: 0
2026-06-20 10:28:48,065 - logging_config - INFO - run_all_tests:238 - 📊 总计: 5
2026-06-20 10:28:52,746 - logging_config - INFO - setup_logging:64 - 日志配置完成 - 级别: INFO, 文件: logs/stock_analysis.log
2026-06-20 10:28:52,968 - logging_config - INFO - setup_logging:64 - 日志配置完成 - 级别: INFO, 文件: logs/stock_analysis.log
2026-06-20 10:28:52,969 - __main__ - INFO - run_all_tests:259 - 🚀 开始运行集成测试...
2026-06-20 10:28:52,979 - __main__ - INFO - log_result:45 - ✅ PASS: 数据库连接测试
2026-06-20 10:28:52,979 - __main__ - INFO - log_result:45 - ✅ PASS: 性能优化模块测试
2026-06-20 10:28:56,738 - __main__ - INFO - log_result:45 - ✅ PASS: 系统监控模块测试
2026-06-20 10:28:56,739 - visualization - INFO - create_performance_chart:50 - 性能图表已生成: reports\charts\performance_20260620_102856.png
2026-06-20 10:28:56,739 - visualization - INFO - create_portfolio_allocation_chart:84 - 配置图表已生成: reports\charts\allocation_20260620_102856.png
2026-06-20 10:28:56,743 - visualization - INFO - create_dashboard:201 - 仪表板已生成: reports\charts\dashboard_20260620_102856.html
2026-06-20 10:28:56,743 - __main__ - INFO - log_result:45 - ✅ PASS: 可视化模块测试
2026-06-20 10:28:56,743 - alert_system - INFO - add_rule:173 - 添加预警规则: 价格大幅上涨
2026-06-20 10:28:56,743 - alert_system - INFO - add_rule:173 - 添加预警规则: 价格大幅下跌
2026-06-20 10:28:56,744 - alert_system - INFO - add_rule:173 - 添加预警规则: 成交量暴增
2026-06-20 10:28:56,744 - alert_system - INFO - add_rule:173 - 添加预警规则: 突破20日均线
2026-06-20 10:28:56,744 - alert_system - INFO - add_rule:173 - 添加预警规则: 跌破20日均线
2026-06-20 10:28:56,744 - alert_system - INFO - add_rule:173 - 添加预警规则: 系统CPU使用率过高
2026-06-20 10:28:56,745 - alert_system - INFO - _init_default_rules:168 - 已初始化 6 个预警规则
2026-06-20 10:28:56,749 - __main__ - INFO - log_result:45 - ✅ PASS: 预警系统模块测试
2026-06-20 10:28:56,758 - logging_config - INFO - setup_logging:64 - 日志配置完成 - 级别: INFO, 文件: logs/stock_analysis.log
2026-06-20 10:28:56,760 - alert_system - INFO - add_rule:173 - 添加预警规则: 价格大幅上涨
2026-06-20 10:28:56,760 - alert_system - INFO - add_rule:173 - 添加预警规则: 价格大幅下跌
2026-06-20 10:28:56,761 - alert_system - INFO - add_rule:173 - 添加预警规则: 成交量暴增
2026-06-20 10:28:56,761 - alert_system - INFO - add_rule:173 - 添加预警规则: 突破20日均线
2026-06-20 10:28:56,761 - alert_system - INFO - add_rule:173 - 添加预警规则: 跌破20日均线
2026-06-20 10:28:56,761 - alert_system - INFO - add_rule:173 - 添加预警规则: 系统CPU使用率过高
2026-06-20 10:28:56,761 - alert_system - INFO - _init_default_rules:168 - 已初始化 6 个预警规则
2026-06-20 10:28:56,761 - alert_system - INFO - add_notification_channel:226 - 添加通知渠道: console_notification
2026-06-20 10:28:56,762 - alert_system - INFO - add_notification_channel:226 - 添加通知渠道: log_notification
2026-06-20 10:28:56,762 - enhanced_main - INFO - __init__:39 - 🚀 增强版股票分析系统初始化完成
2026-06-20 10:28:57,976 - enhanced_main - INFO - run_performance_report:89 - 📈 生成性能报告...
2026-06-20 10:28:59,210 - enhanced_main - INFO - run_performance_report:132 - 
=== 增强版股票分析系统 - 性能报告 ===
生成时间: 2026-06-20 10:28:59
运行时间: 2秒

【系统指标】
- CPU使用率: 100.0%
- 内存使用率: 66.4%
- 磁盘使用率: 62.8%

【数据库指标】
- 数据库大小: 196.80078125 MB
- 总记录数: 1,419,426

【性能统计】
- 函数调用数: 0
- API调用数: 1
- 平均执行时间: 0.000秒
- 平均API时间: 0.000秒
- 慢查询数: 0

【缓存统计】
- 查询缓存命中率: 50.00%
- API缓存命中率: 50.00%

【预警统计】
- 总预警数: 0

2026-06-20 10:28:59,210 - enhanced_main - INFO - shutdown:150 - 🛑 关闭系统...
2026-06-20 10:28:59,210 - enhanced_main - INFO - run_performance_report:89 - 📈 生成性能报告...
2026-06-20 10:29:00,447 - enhanced_main - INFO - run_performance_report:132 - 
=== 增强版股票分析系统 - 性能报告 ===
生成时间: 2026-06-20 10:29:00
运行时间: 4秒

【系统指标】
- CPU使用率: 87.7%
- 内存使用率: 66.6%
- 磁盘使用率: 62.8%

【数据库指标】
- 数据库大小: 196.80078125 MB
- 总记录数: 1,419,426

【性能统计】
- 函数调用数: 0
- API调用数: 1
- 平均执行时间: 0.000秒
- 平均API时间: 0.000秒
- 慢查询数: 0

【缓存统计】
- 查询缓存命中率: 50.00%
- API缓存命中率: 50.00%

【预警统计】
- 总预警数: 0

2026-06-20 10:29:00,447 - performance_optimizer - INFO - clear:74 - 缓存已清空
2026-06-20 10:29:00,448 - performance_optimizer - INFO - clear:139 - API缓存已清空
2026-06-20 10:29:00,448 - enhanced_main - INFO - shutdown:159 - ✅ 系统已关闭
2026-06-20 10:29:00,448 - __main__ - INFO - log_result:45 - ✅ PASS: 模块集成测试
2026-06-20 10:29:00,448 - __main__ - INFO - run_all_tests:269 - 
==================================================
2026-06-20 10:29:00,448 - __main__ - INFO - run_all_tests:270 - 📊 集成测试结果摘要
2026-06-20 10:29:00,449 - __main__ - INFO - run_all_tests:271 - ==================================================
2026-06-20 10:29:00,449 - __main__ - INFO - run_all_tests:272 - 总计: 6 个测试
2026-06-20 10:29:00,449 - __main__ - INFO - run_all_tests:273 - 通过: 6 个
2026-06-20 10:29:00,449 - __main__ - INFO - run_all_tests:274 - 失败: 0 个
2026-06-20 10:29:00,450 - __main__ - INFO - run_all_tests:275 - 通过率: 100.0%
2026-06-20 10:29:00,450 - __main__ - INFO - run_all_tests:276 - ==================================================
2026-06-20 10:29:06,079 - logging_config - INFO - setup_logging:64 - 日志配置完成 - 级别: INFO, 文件: logs/stock_analysis.log
2026-06-20 10:29:06,286 - logging_config - INFO - setup_logging:64 - 日志配置完成 - 级别: INFO, 文件: logs/stock_analysis.log
2026-06-20 10:29:06,325 - logging_config - INFO - setup_logging:64 - 日志配置完成 - 级别: INFO, 文件: logs/stock_analysis.log
2026-06-20 10:29:06,330 - logging_config - INFO - setup_logging:64 - 日志配置完成 - 级别: INFO, 文件: logs/stock_analysis.log
2026-06-20 10:29:06,337 - logging_config - INFO - setup_logging:64 - 日志配置完成 - 级别: INFO, 文件: logs/test_fixes.log
2026-06-20 10:29:49,875 - logging_config - INFO - setup_logging:64 - 日志配置完成 - 级别: INFO, 文件: logs/stock_analysis.log
2026-06-20 10:29:50,053 - logging_config - INFO - setup_logging:64 - 日志配置完成 - 级别: INFO, 文件: logs/stock_analysis.log
2026-06-20 10:29:50,095 - alert_system - INFO - add_rule:173 - 添加预警规则: 价格大幅上涨
2026-06-20 10:29:50,095 - alert_system - INFO - add_rule:173 - 添加预警规则: 价格大幅下跌
2026-06-20 10:29:50,095 - alert_system - INFO - add_rule:173 - 添加预警规则: 成交量暴增
2026-06-20 10:29:50,096 - alert_system - INFO - add_rule:173 - 添加预警规则: 突破20日均线
2026-06-20 10:29:50,096 - alert_system - INFO - add_rule:173 - 添加预警规则: 跌破20日均线
2026-06-20 10:29:50,096 - alert_system - INFO - add_rule:173 - 添加预警规则: 系统CPU使用率过高
2026-06-20 10:29:50,097 - alert_system - INFO - _init_default_rules:168 - 已初始化 6 个预警规则
2026-06-20 10:29:50,097 - alert_system - INFO - add_notification_channel:226 - 添加通知渠道: console_notification
2026-06-20 10:29:50,098 - __main__ - INFO - run_weekly_ops:245 - 🚀 开始周度运维...
2026-06-20 10:29:50,098 - __main__ - INFO - run_weekly_report:34 - 📊 生成周度运维报告...
2026-06-20 10:29:52,487 - __main__ - INFO - run_weekly_report:85 - 周度报告已生成: reports\weekly_ops_20260620.json
2026-06-20 10:29:52,487 - __main__ - INFO - run_weekly_report:86 - Markdown摘要: reports\weekly_ops_20260620.md
2026-06-20 10:29:52,488 - __main__ - INFO - cleanup_old_reports:164 - 🧹 清理 30 天前的旧报告...
2026-06-20 10:29:52,491 - __main__ - INFO - cleanup_old_reports:177 - ✅ 清理完成，删除 0 个文件
2026-06-20 10:29:52,491 - __main__ - INFO - generate_capacity_plan:182 - 📈 生成容量规划建议...
2026-06-20 10:29:53,681 - __main__ - INFO - generate_capacity_plan:240 - 容量规划已保存: reports\capacity_plan_20260620.json
2026-06-20 10:29:53,681 - __main__ - INFO - run_weekly_ops:253 - ✅ 周度运维完成
2026-06-20 10:29:53,681 - performance_optimizer - INFO - clear:74 - 缓存已清空
2026-06-20 10:29:53,682 - performance_optimizer - INFO - clear:139 - API缓存已清空
2026-06-20 10:34:22,809 - logging_config - INFO - setup_logging:64 - 日志配置完成 - 级别: INFO, 文件: logs/stock_analysis.log
2026-06-20 10:34:22,981 - logging_config - INFO - setup_logging:64 - 日志配置完成 - 级别: INFO, 文件: logs/stock_analysis.log
2026-06-20 10:49:33,946 - logging_config - INFO - setup_logging:64 - 日志配置完成 - 级别: INFO, 文件: logs/stock_analysis.log
2026-06-20 10:49:33,948 - logging_config - INFO - setup_logging:64 - 日志配置完成 - 级别: INFO, 文件: logs/test_fixes.log
2026-06-20 10:49:33,948 - logging_config - INFO - run_all_tests:209 - 🚀 开始运行所有测试...
2026-06-20 10:49:33,948 - logging_config - INFO - run_all_tests:223 - 
--- 测试: 配置管理器 ---
2026-06-20 10:49:33,949 - logging_config - INFO - test_config_manager:25 - 🧪 测试配置管理器...
2026-06-20 10:49:33,953 - logging_config - INFO - test_config_manager:36 - ✅ 配置设置成功
2026-06-20 10:49:33,954 - logging_config - INFO - test_config_manager:46 - ✅ 配置手动恢复成功
2026-06-20 10:49:33,954 - logging_config - INFO - test_config_manager:51 - ✅ 安全属性获取成功
2026-06-20 10:49:33,954 - logging_config - INFO - run_all_tests:226 - ✅ 配置管理器 测试通过
2026-06-20 10:49:33,954 - logging_config - INFO - run_all_tests:223 - 
--- 测试: 策略常量 ---
2026-06-20 10:49:33,955 - logging_config - INFO - test_strategy_constants:62 - 🧪 测试策略常量...
2026-06-20 10:49:33,955 - logging_config - INFO - test_strategy_constants:68 - ✅ 成长股常量: 0.001
2026-06-20 10:49:33,955 - logging_config - INFO - test_strategy_constants:73 - ✅ 价值股常量: 0.85
2026-06-20 10:49:33,955 - logging_config - INFO - test_strategy_constants:78 - ✅ 不存在的常量处理正确
2026-06-20 10:49:33,956 - logging_config - INFO - run_all_tests:226 - ✅ 策略常量 测试通过
2026-06-20 10:49:33,956 - logging_config - INFO - run_all_tests:223 - 
--- 测试: SQL注入防护 ---
2026-06-20 10:49:33,956 - logging_config - INFO - test_sql_injection_protection:89 - 🧪 测试SQL注入防护...
2026-06-20 10:49:33,959 - logging_config - INFO - test_sql_injection_protection:110 - ✅ 参数化查询成功，找到表: test_table
2026-06-20 10:49:33,959 - logging_config - INFO - test_sql_injection_protection:122 - ✅ 字符串拼接查询成功，表中有 0 行
2026-06-20 10:49:33,959 - logging_config - INFO - test_sql_injection_protection:142 - ✅ SQLite正确拒绝了多语句查询
2026-06-20 10:49:33,960 - logging_config - INFO - run_all_tests:226 - ✅ SQL注入防护 测试通过
2026-06-20 10:49:33,960 - logging_config - INFO - run_all_tests:223 - 
--- 测试: 日志配置 ---
2026-06-20 10:49:33,960 - logging_config - INFO - test_logging_config:157 - 🧪 测试日志配置...
2026-06-20 10:49:33,960 - logging_config - INFO - test_logging_config:163 - ✅ 日志器获取成功
2026-06-20 10:49:33,961 - test_logger - INFO - test_logging_config:166 - 测试日志消息
2026-06-20 10:49:33,961 - logging_config - INFO - test_logging_config:167 - ✅ 日志输出正常
2026-06-20 10:49:33,961 - logging_config - INFO - run_all_tests:226 - ✅ 日志配置 测试通过
2026-06-20 10:49:33,961 - logging_config - INFO - run_all_tests:223 - 
--- 测试: 数据库连接 ---
2026-06-20 10:49:33,961 - logging_config - INFO - test_database_connection:178 - 🧪 测试数据库连接...
2026-06-20 10:49:33,967 - logging_config - INFO - test_database_connection:192 - ✅ 数据库连接成功，表存在
2026-06-20 10:49:33,969 - logging_config - INFO - run_all_tests:226 - ✅ 数据库连接 测试通过
2026-06-20 10:49:33,970 - logging_config - INFO - run_all_tests:235 - 
=== 测试结果汇总 ===
2026-06-20 10:49:33,970 - logging_config - INFO - run_all_tests:236 - ✅ 通过: 5
2026-06-20 10:49:33,970 - logging_config - INFO - run_all_tests:237 - ❌ 失败: 0
2026-06-20 10:49:33,971 - logging_config - INFO - run_all_tests:238 - 📊 总计: 5
2026-06-20 10:49:37,465 - logging_config - INFO - setup_logging:64 - 日志配置完成 - 级别: INFO, 文件: logs/stock_analysis.log
2026-06-20 10:49:37,650 - logging_config - INFO - setup_logging:64 - 日志配置完成 - 级别: INFO, 文件: logs/stock_analysis.log
2026-06-20 10:49:37,650 - __main__ - INFO - run_all_tests:259 - 🚀 开始运行集成测试...
2026-06-20 10:49:37,659 - __main__ - INFO - log_result:45 - ✅ PASS: 数据库连接测试
2026-06-20 10:49:37,660 - __main__ - INFO - log_result:45 - ✅ PASS: 性能优化模块测试
2026-06-20 10:49:41,194 - __main__ - INFO - log_result:45 - ✅ PASS: 系统监控模块测试
2026-06-20 10:49:41,195 - visualization - INFO - create_performance_chart:50 - 性能图表已生成: reports\charts\performance_20260620_104941.png
2026-06-20 10:49:41,196 - visualization - INFO - create_portfolio_allocation_chart:84 - 配置图表已生成: reports\charts\allocation_20260620_104941.png
2026-06-20 10:49:41,198 - visualization - INFO - create_dashboard:201 - 仪表板已生成: reports\charts\dashboard_20260620_104941.html
2026-06-20 10:49:41,198 - __main__ - INFO - log_result:45 - ✅ PASS: 可视化模块测试
2026-06-20 10:49:41,199 - alert_system - INFO - add_rule:173 - 添加预警规则: 价格大幅上涨
2026-06-20 10:49:41,199 - alert_system - INFO - add_rule:173 - 添加预警规则: 价格大幅下跌
2026-06-20 10:49:41,199 - alert_system - INFO - add_rule:173 - 添加预警规则: 成交量暴增
2026-06-20 10:49:41,199 - alert_system - INFO - add_rule:173 - 添加预警规则: 突破20日均线
2026-06-20 10:49:41,200 - alert_system - INFO - add_rule:173 - 添加预警规则: 跌破20日均线
2026-06-20 10:49:41,200 - alert_system - INFO - add_rule:173 - 添加预警规则: 系统CPU使用率过高
2026-06-20 10:49:41,200 - alert_system - INFO - _init_default_rules:168 - 已初始化 6 个预警规则
2026-06-20 10:49:41,200 - __main__ - INFO - log_result:45 - ✅ PASS: 预警系统模块测试
2026-06-20 10:49:41,205 - logging_config - INFO - setup_logging:64 - 日志配置完成 - 级别: INFO, 文件: logs/stock_analysis.log
2026-06-20 10:49:41,207 - alert_system - INFO - add_rule:173 - 添加预警规则: 价格大幅上涨
2026-06-20 10:49:41,207 - alert_system - INFO - add_rule:173 - 添加预警规则: 价格大幅下跌
2026-06-20 10:49:41,207 - alert_system - INFO - add_rule:173 - 添加预警规则: 成交量暴增
2026-06-20 10:49:41,208 - alert_system - INFO - add_rule:173 - 添加预警规则: 突破20日均线
2026-06-20 10:49:41,208 - alert_system - INFO - add_rule:173 - 添加预警规则: 跌破20日均线
2026-06-20 10:49:41,208 - alert_system - INFO - add_rule:173 - 添加预警规则: 系统CPU使用率过高
2026-06-20 10:49:41,208 - alert_system - INFO - _init_default_rules:168 - 已初始化 6 个预警规则
2026-06-20 10:49:41,208 - alert_system - INFO - add_notification_channel:226 - 添加通知渠道: console_notification
2026-06-20 10:49:41,209 - alert_system - INFO - add_notification_channel:226 - 添加通知渠道: log_notification
2026-06-20 10:49:41,209 - enhanced_main - INFO - __init__:39 - 🚀 增强版股票分析系统初始化完成
2026-06-20 10:49:42,502 - enhanced_main - INFO - run_performance_report:89 - 📈 生成性能报告...
2026-06-20 10:49:43,727 - enhanced_main - INFO - run_performance_report:132 - 
=== 增强版股票分析系统 - 性能报告 ===
生成时间: 2026-06-20 10:49:43
运行时间: 3秒

【系统指标】
- CPU使用率: 93.3%
- 内存使用率: 61.8%
- 磁盘使用率: 62.8%

【数据库指标】
- 数据库大小: 196.80078125 MB
- 总记录数: 1,419,426

【性能统计】
- 函数调用数: 0
- API调用数: 1
- 平均执行时间: 0.000秒
- 平均API时间: 0.000秒
- 慢查询数: 0

【缓存统计】
- 查询缓存命中率: 50.00%
- API缓存命中率: 50.00%

【预警统计】
- 总预警数: 0

2026-06-20 10:49:43,728 - enhanced_main - INFO - shutdown:150 - 🛑 关闭系统...
2026-06-20 10:49:43,728 - enhanced_main - INFO - run_performance_report:89 - 📈 生成性能报告...
2026-06-20 10:49:44,927 - enhanced_main - INFO - run_performance_report:132 - 
=== 增强版股票分析系统 - 性能报告 ===
生成时间: 2026-06-20 10:49:44
运行时间: 4秒

【系统指标】
- CPU使用率: 85.9%
- 内存使用率: 61.6%
- 磁盘使用率: 62.8%

【数据库指标】
- 数据库大小: 196.80078125 MB
- 总记录数: 1,419,426

【性能统计】
- 函数调用数: 0
- API调用数: 1
- 平均执行时间: 0.000秒
- 平均API时间: 0.000秒
- 慢查询数: 0

【缓存统计】
- 查询缓存命中率: 50.00%
- API缓存命中率: 50.00%

【预警统计】
- 总预警数: 0

2026-06-20 10:49:44,928 - performance_optimizer - INFO - clear:74 - 缓存已清空
2026-06-20 10:49:44,928 - performance_optimizer - INFO - clear:139 - API缓存已清空
2026-06-20 10:49:44,928 - enhanced_main - INFO - shutdown:159 - ✅ 系统已关闭
2026-06-20 10:49:44,928 - __main__ - INFO - log_result:45 - ✅ PASS: 模块集成测试
2026-06-20 10:49:44,929 - __main__ - INFO - run_all_tests:269 - 
==================================================
2026-06-20 10:49:44,932 - __main__ - INFO - run_all_tests:270 - 📊 集成测试结果摘要
2026-06-20 10:49:44,932 - __main__ - INFO - run_all_tests:271 - ==================================================
2026-06-20 10:49:44,934 - __main__ - INFO - run_all_tests:272 - 总计: 6 个测试
2026-06-20 10:49:44,935 - __main__ - INFO - run_all_tests:273 - 通过: 6 个
2026-06-20 10:49:44,935 - __main__ - INFO - run_all_tests:274 - 失败: 0 个
2026-06-20 10:49:44,936 - __main__ - INFO - run_all_tests:275 - 通过率: 100.0%
2026-06-20 10:49:44,936 - __main__ - INFO - run_all_tests:276 - ==================================================
2026-06-20 10:49:48,848 - logging_config - INFO - setup_logging:64 - 日志配置完成 - 级别: INFO, 文件: logs/stock_analysis.log
2026-06-20 10:49:49,027 - logging_config - INFO - setup_logging:64 - 日志配置完成 - 级别: INFO, 文件: logs/stock_analysis.log
2026-06-20 10:49:49,040 - alert_system - INFO - add_rule:173 - 添加预警规则: 价格大幅上涨
2026-06-20 10:49:49,040 - alert_system - INFO - add_rule:173 - 添加预警规则: 价格大幅下跌
2026-06-20 10:49:49,041 - alert_system - INFO - add_rule:173 - 添加预警规则: 成交量暴增
2026-06-20 10:49:49,041 - alert_system - INFO - add_rule:173 - 添加预警规则: 突破20日均线
2026-06-20 10:49:49,041 - alert_system - INFO - add_rule:173 - 添加预警规则: 跌破20日均线
2026-06-20 10:49:49,041 - alert_system - INFO - add_rule:173 - 添加预警规则: 系统CPU使用率过高
2026-06-20 10:49:49,043 - alert_system - INFO - _init_default_rules:168 - 已初始化 6 个预警规则
2026-06-20 10:49:49,043 - alert_system - INFO - add_notification_channel:226 - 添加通知渠道: console_notification
2026-06-20 10:49:49,045 - __main__ - INFO - daily_maintenance:41 - 🔧 开始日常维护...
2026-06-20 10:49:49,045 - __main__ - INFO - _health_check:65 - 🏥 执行健康检查...
2026-06-20 10:49:50,215 - __main__ - INFO - _health_check:77 - 系统状态: healthy
2026-06-20 10:49:50,215 - __main__ - INFO - _cleanup_temp_files:81 - 🧹 清理临时文件...
2026-06-20 10:49:50,218 - __main__ - INFO - _cleanup_temp_files:100 - 临时文件清理完成
2026-06-20 10:49:50,220 - __main__ - INFO - _cleanup_cache:104 - 🗑️ 清理过期缓存...
2026-06-20 10:49:50,220 - performance_optimizer - INFO - clear:74 - 缓存已清空
2026-06-20 10:49:50,220 - performance_optimizer - INFO - clear:139 - API缓存已清空
2026-06-20 10:49:50,220 - __main__ - INFO - _cleanup_cache:110 - 缓存清理完成
2026-06-20 10:49:50,221 - __main__ - INFO - _generate_maintenance_report:114 - 📊 生成维护报告...
2026-06-20 10:49:51,429 - __main__ - INFO - _generate_maintenance_report:148 - 维护报告已保存: reports\maintenance_20260620_104951.txt
2026-06-20 10:49:51,430 - __main__ - INFO - daily_maintenance:56 - ✅ 日常维护完成
2026-06-20 10:49:51,430 - performance_optimizer - INFO - clear:74 - 缓存已清空
2026-06-20 10:49:51,430 - performance_optimizer - INFO - clear:139 - API缓存已清空
2026-06-20 10:50:11,270 - logging_config - INFO - setup_logging:64 - 日志配置完成 - 级别: INFO, 文件: logs/stock_analysis.log
2026-06-20 10:50:11,272 - logging_config - INFO - setup_logging:64 - 日志配置完成 - 级别: INFO, 文件: logs/test_fixes.log
2026-06-20 10:50:11,273 - logging_config - INFO - run_all_tests:209 - 🚀 开始运行所有测试...
2026-06-20 10:50:11,273 - logging_config - INFO - run_all_tests:223 - 
--- 测试: 配置管理器 ---
2026-06-20 10:50:11,273 - logging_config - INFO - test_config_manager:25 - 🧪 测试配置管理器...
2026-06-20 10:50:11,278 - logging_config - INFO - test_config_manager:36 - ✅ 配置设置成功
2026-06-20 10:50:11,278 - logging_config - INFO - test_config_manager:46 - ✅ 配置手动恢复成功
2026-06-20 10:50:11,278 - logging_config - INFO - test_config_manager:51 - ✅ 安全属性获取成功
2026-06-20 10:50:11,278 - logging_config - INFO - run_all_tests:226 - ✅ 配置管理器 测试通过
2026-06-20 10:50:11,279 - logging_config - INFO - run_all_tests:223 - 
--- 测试: 策略常量 ---
2026-06-20 10:50:11,279 - logging_config - INFO - test_strategy_constants:62 - 🧪 测试策略常量...
2026-06-20 10:50:11,279 - logging_config - INFO - test_strategy_constants:68 - ✅ 成长股常量: 0.001
2026-06-20 10:50:11,279 - logging_config - INFO - test_strategy_constants:73 - ✅ 价值股常量: 0.85
2026-06-20 10:50:11,280 - logging_config - INFO - test_strategy_constants:78 - ✅ 不存在的常量处理正确
2026-06-20 10:50:11,280 - logging_config - INFO - run_all_tests:226 - ✅ 策略常量 测试通过
2026-06-20 10:50:11,280 - logging_config - INFO - run_all_tests:223 - 
--- 测试: SQL注入防护 ---
2026-06-20 10:50:11,280 - logging_config - INFO - test_sql_injection_protection:89 - 🧪 测试SQL注入防护...
2026-06-20 10:50:11,283 - logging_config - INFO - test_sql_injection_protection:110 - ✅ 参数化查询成功，找到表: test_table
2026-06-20 10:50:11,284 - logging_config - INFO - test_sql_injection_protection:122 - ✅ 字符串拼接查询成功，表中有 0 行
2026-06-20 10:50:11,284 - logging_config - INFO - test_sql_injection_protection:142 - ✅ SQLite正确拒绝了多语句查询
2026-06-20 10:50:11,284 - logging_config - INFO - run_all_tests:226 - ✅ SQL注入防护 测试通过
2026-06-20 10:50:11,285 - logging_config - INFO - run_all_tests:223 - 
--- 测试: 日志配置 ---
2026-06-20 10:50:11,285 - logging_config - INFO - test_logging_config:157 - 🧪 测试日志配置...
2026-06-20 10:50:11,285 - logging_config - INFO - test_logging_config:163 - ✅ 日志器获取成功
2026-06-20 10:50:11,285 - test_logger - INFO - test_logging_config:166 - 测试日志消息
2026-06-20 10:50:11,285 - logging_config - INFO - test_logging_config:167 - ✅ 日志输出正常
2026-06-20 10:50:11,285 - logging_config - INFO - run_all_tests:226 - ✅ 日志配置 测试通过
2026-06-20 10:50:11,285 - logging_config - INFO - run_all_tests:223 - 
--- 测试: 数据库连接 ---
2026-06-20 10:50:11,286 - logging_config - INFO - test_database_connection:178 - 🧪 测试数据库连接...
2026-06-20 10:50:11,293 - logging_config - INFO - test_database_connection:192 - ✅ 数据库连接成功，表存在
2026-06-20 10:50:11,295 - logging_config - INFO - run_all_tests:226 - ✅ 数据库连接 测试通过
2026-06-20 10:50:11,296 - logging_config - INFO - run_all_tests:235 - 
=== 测试结果汇总 ===
2026-06-20 10:50:11,296 - logging_config - INFO - run_all_tests:236 - ✅ 通过: 5
2026-06-20 10:50:11,296 - logging_config - INFO - run_all_tests:237 - ❌ 失败: 0
2026-06-20 10:50:11,297 - logging_config - INFO - run_all_tests:238 - 📊 总计: 5
2026-06-20 10:50:11,786 - logging_config - INFO - setup_logging:64 - 日志配置完成 - 级别: INFO, 文件: logs/stock_analysis.log
2026-06-20 10:50:11,957 - logging_config - INFO - setup_logging:64 - 日志配置完成 - 级别: INFO, 文件: logs/stock_analysis.log
2026-06-20 10:50:11,957 - __main__ - INFO - run_all_tests:259 - 🚀 开始运行集成测试...
2026-06-20 10:50:11,966 - __main__ - INFO - log_result:45 - ✅ PASS: 数据库连接测试
2026-06-20 10:50:11,966 - __main__ - INFO - log_result:45 - ✅ PASS: 性能优化模块测试
2026-06-20 10:50:15,658 - __main__ - INFO - log_result:45 - ✅ PASS: 系统监控模块测试
2026-06-20 10:50:15,659 - visualization - INFO - create_performance_chart:50 - 性能图表已生成: reports\charts\performance_20260620_105015.png
2026-06-20 10:50:15,659 - visualization - INFO - create_portfolio_allocation_chart:84 - 配置图表已生成: reports\charts\allocation_20260620_105015.png
2026-06-20 10:50:15,662 - visualization - INFO - create_dashboard:201 - 仪表板已生成: reports\charts\dashboard_20260620_105015.html
2026-06-20 10:50:15,662 - __main__ - INFO - log_result:45 - ✅ PASS: 可视化模块测试
2026-06-20 10:50:15,663 - alert_system - INFO - add_rule:173 - 添加预警规则: 价格大幅上涨
2026-06-20 10:50:15,663 - alert_system - INFO - add_rule:173 - 添加预警规则: 价格大幅下跌
2026-06-20 10:50:15,663 - alert_system - INFO - add_rule:173 - 添加预警规则: 成交量暴增
2026-06-20 10:50:15,664 - alert_system - INFO - add_rule:173 - 添加预警规则: 突破20日均线
2026-06-20 10:50:15,664 - alert_system - INFO - add_rule:173 - 添加预警规则: 跌破20日均线
2026-06-20 10:50:15,664 - alert_system - INFO - add_rule:173 - 添加预警规则: 系统CPU使用率过高
2026-06-20 10:50:15,664 - alert_system - INFO - _init_default_rules:168 - 已初始化 6 个预警规则
2026-06-20 10:50:15,665 - __main__ - INFO - log_result:45 - ✅ PASS: 预警系统模块测试
2026-06-20 10:50:15,667 - logging_config - INFO - setup_logging:64 - 日志配置完成 - 级别: INFO, 文件: logs/stock_analysis.log
2026-06-20 10:50:15,669 - alert_system - INFO - add_rule:173 - 添加预警规则: 价格大幅上涨
2026-06-20 10:50:15,670 - alert_system - INFO - add_rule:173 - 添加预警规则: 价格大幅下跌
2026-06-20 10:50:15,670 - alert_system - INFO - add_rule:173 - 添加预警规则: 成交量暴增
2026-06-20 10:50:15,670 - alert_system - INFO - add_rule:173 - 添加预警规则: 突破20日均线
2026-06-20 10:50:15,670 - alert_system - INFO - add_rule:173 - 添加预警规则: 跌破20日均线
2026-06-20 10:50:15,672 - alert_system - INFO - add_rule:173 - 添加预警规则: 系统CPU使用率过高
2026-06-20 10:50:15,672 - alert_system - INFO - _init_default_rules:168 - 已初始化 6 个预警规则
2026-06-20 10:50:15,672 - alert_system - INFO - add_notification_channel:226 - 添加通知渠道: console_notification
2026-06-20 10:50:15,673 - alert_system - INFO - add_notification_channel:226 - 添加通知渠道: log_notification
2026-06-20 10:50:15,673 - enhanced_main - INFO - __init__:39 - 🚀 增强版股票分析系统初始化完成
2026-06-20 10:50:16,910 - enhanced_main - INFO - run_performance_report:89 - 📈 生成性能报告...
2026-06-20 10:50:18,443 - enhanced_main - INFO - run_performance_report:132 - 
=== 增强版股票分析系统 - 性能报告 ===
生成时间: 2026-06-20 10:50:18
运行时间: 3秒

【系统指标】
- CPU使用率: 77.0%
- 内存使用率: 60.9%
- 磁盘使用率: 62.8%

【数据库指标】
- 数据库大小: 196.80078125 MB
- 总记录数: 1,419,426

【性能统计】
- 函数调用数: 0
- API调用数: 1
- 平均执行时间: 0.000秒
- 平均API时间: 0.000秒
- 慢查询数: 0

【缓存统计】
- 查询缓存命中率: 50.00%
- API缓存命中率: 50.00%

【预警统计】
- 总预警数: 0

2026-06-20 10:50:18,444 - enhanced_main - INFO - shutdown:150 - 🛑 关闭系统...
2026-06-20 10:50:18,445 - enhanced_main - INFO - run_performance_report:89 - 📈 生成性能报告...
2026-06-20 10:50:19,693 - enhanced_main - INFO - run_performance_report:132 - 
=== 增强版股票分析系统 - 性能报告 ===
生成时间: 2026-06-20 10:50:19
运行时间: 4秒

【系统指标】
- CPU使用率: 93.9%
- 内存使用率: 61.3%
- 磁盘使用率: 62.8%

【数据库指标】
- 数据库大小: 196.80078125 MB
- 总记录数: 1,419,426

【性能统计】
- 函数调用数: 0
- API调用数: 1
- 平均执行时间: 0.000秒
- 平均API时间: 0.000秒
- 慢查询数: 0

【缓存统计】
- 查询缓存命中率: 50.00%
- API缓存命中率: 50.00%

【预警统计】
- 总预警数: 0

2026-06-20 10:50:19,693 - performance_optimizer - INFO - clear:74 - 缓存已清空
2026-06-20 10:50:19,693 - performance_optimizer - INFO - clear:139 - API缓存已清空
2026-06-20 10:50:19,695 - enhanced_main - INFO - shutdown:159 - ✅ 系统已关闭
2026-06-20 10:50:19,695 - __main__ - INFO - log_result:45 - ✅ PASS: 模块集成测试
2026-06-20 10:50:19,695 - __main__ - INFO - run_all_tests:269 - 
==================================================
2026-06-20 10:50:19,696 - __main__ - INFO - run_all_tests:270 - 📊 集成测试结果摘要
2026-06-20 10:50:19,696 - __main__ - INFO - run_all_tests:271 - ==================================================
2026-06-20 10:50:19,696 - __main__ - INFO - run_all_tests:272 - 总计: 6 个测试
2026-06-20 10:50:19,696 - __main__ - INFO - run_all_tests:273 - 通过: 6 个
2026-06-20 10:50:19,697 - __main__ - INFO - run_all_tests:274 - 失败: 0 个
2026-06-20 10:50:19,697 - __main__ - INFO - run_all_tests:275 - 通过率: 100.0%
2026-06-20 10:50:19,697 - __main__ - INFO - run_all_tests:276 - ==================================================
2026-06-20 11:03:22,848 - logging_config - INFO - setup_logging:64 - 日志配置完成 - 级别: INFO, 文件: logs/stock_analysis.log
2026-06-20 11:03:23,104 - logging_config - INFO - setup_logging:64 - 日志配置完成 - 级别: INFO, 文件: logs/stock_analysis.log
2026-06-20 11:03:23,178 - alert_system - INFO - add_rule:173 - 添加预警规则: 价格大幅上涨
2026-06-20 11:03:23,179 - alert_system - INFO - add_rule:173 - 添加预警规则: 价格大幅下跌
2026-06-20 11:03:23,179 - alert_system - INFO - add_rule:173 - 添加预警规则: 成交量暴增
2026-06-20 11:03:23,179 - alert_system - INFO - add_rule:173 - 添加预警规则: 突破20日均线
2026-06-20 11:03:23,180 - alert_system - INFO - add_rule:173 - 添加预警规则: 跌破20日均线
2026-06-20 11:03:23,180 - alert_system - INFO - add_rule:173 - 添加预警规则: 系统CPU使用率过高
2026-06-20 11:03:23,180 - alert_system - INFO - _init_default_rules:168 - 已初始化 6 个预警规则
2026-06-20 11:03:23,180 - alert_system - INFO - add_notification_channel:226 - 添加通知渠道: console_notification
2026-06-20 11:03:23,180 - alert_system - INFO - add_notification_channel:226 - 添加通知渠道: log_notification
2026-06-20 11:03:23,181 - __main__ - INFO - __init__:39 - 🚀 增强版股票分析系统初始化完成
2026-06-20 11:03:23,181 - __main__ - INFO - run_daily_analysis:43 - 📊 开始每日分析...
2026-06-20 11:03:24,448 - __main__ - INFO - run_daily_analysis:48 - 系统状态: critical
2026-06-20 11:03:24,450 - visualization - INFO - create_dashboard:201 - 仪表板已生成: reports\charts\dashboard_20260620_110324.html
2026-06-20 11:03:24,450 - __main__ - INFO - run_daily_analysis:64 - 仪表板已生成: reports\charts\dashboard_20260620_110324.html
2026-06-20 11:03:24,451 - __main__ - INFO - run_daily_analysis:71 - 

=== 性能报告 ===

【执行统计】
- 总函数调用数: 0
- 总API调用数: 0
- 平均执行时间: 0.000秒
- 平均API时间: 0.000秒
- 最大执行时间: 0.000秒
- 最大API时间: 0.000秒
- 慢查询数量: 0
- 系统运行时间: 2秒

【查询缓存】
- 命中次数: 0
- 未命中次数: 0
- 命中率: 0.00%
- 缓存大小: 0/1000

【API缓存】
- 命中次数: 0
- 未命中次数: 0
- 命中率: 0.00%
- 缓存大小: 0

【慢查询列表】
  无慢查询

2026-06-20 11:03:24,451 - __main__ - INFO - run_daily_analysis:73 - ✅ 每日分析完成
2026-06-20 11:03:24,451 - __main__ - INFO - shutdown:150 - 🛑 关闭系统...
2026-06-20 11:03:24,452 - __main__ - INFO - run_performance_report:89 - 📈 生成性能报告...
2026-06-20 11:03:25,678 - __main__ - INFO - run_performance_report:132 - 
=== 增强版股票分析系统 - 性能报告 ===
生成时间: 2026-06-20 11:03:25
运行时间: 3秒

【系统指标】
- CPU使用率: 97.7%
- 内存使用率: 61.7%
- 磁盘使用率: 62.8%

【数据库指标】
- 数据库大小: 196.80078125 MB
- 总记录数: 1,419,428

【性能统计】
- 函数调用数: 0
- API调用数: 0
- 平均执行时间: 0.000秒
- 平均API时间: 0.000秒
- 慢查询数: 0

【缓存统计】
- 查询缓存命中率: 0.00%
- API缓存命中率: 0.00%

【预警统计】
- 总预警数: 0

2026-06-20 11:03:25,679 - performance_optimizer - INFO - clear:74 - 缓存已清空
2026-06-20 11:03:25,679 - performance_optimizer - INFO - clear:139 - API缓存已清空
2026-06-20 11:03:25,679 - __main__ - INFO - shutdown:159 - ✅ 系统已关闭
